model,effect,metric,value,n,q
covar,y,mspe,1.0241988897323608,12800,1024
covar,y,bias2,1.0195856094360352,12800,1024
covar,y,var,0.0046133799478411674,12800,1024
covar,fx,mspe,0.017541849985718727,12800,1024
covar,fx,bias2,0.010916929692029953,12800,1024
covar,fx,var,0.006624920759350061,12800,1024
covar,fr,mspe,0.0604659840464592,12800,1024
covar,fr,bias2,0.053841061890125275,12800,1024
covar,fr,var,0.006624920759350061,12800,1024
covar,fz,mspe,0.027153344824910164,12800,1024
covar,fz,bias2,0.019245510920882225,12800,1024
covar,fz,var,0.00790783204138279,12800,1024
posthoc_xfit,y,mspe,1.0033290386199951,12800,1024
posthoc_xfit,y,bias2,1.002357840538025,12800,1024
posthoc_xfit,y,var,0.0009711593156680465,12800,1024
posthoc_xfit,fx,mspe,0.0012748145963996649,12800,1024
posthoc_xfit,fx,bias2,0.0002958837430924177,12800,1024
posthoc_xfit,fx,var,0.0009789307368919253,12800,1024
posthoc_xfit,fr,mspe,0.02138400264084339,12800,1024
posthoc_xfit,fr,bias2,0.02040507271885872,12800,1024
posthoc_xfit,fr,var,0.0009789307368919253,12800,1024
posthoc_xfit,fz,mspe,0.00026261864695698023,12800,1024
posthoc_xfit,fz,bias2,3.198909098500735e-06,12800,1024
posthoc_xfit,fz,var,0.00025941975763998926,12800,1024
covar,y,mspe,1.0103232860565186,12800,128
covar,y,bias2,1.0078471899032593,12800,128
covar,y,var,0.002476234221830964,12800,128
covar,fx,mspe,0.00445881113409996,12800,128
covar,fx,bias2,0.001994877588003874,12800,128
covar,fx,var,0.00246393377892673,12800,128
covar,fr,mspe,0.033757518976926804,12800,128
covar,fr,bias2,0.031293582171201706,12800,128
covar,fr,var,0.00246393377892673,12800,128
covar,fz,mspe,0.005592036060988903,12800,128
covar,fz,bias2,0.003731141332536936,12800,128
covar,fz,var,0.001860894961282611,12800,128
posthoc_xfit,y,mspe,1.0036532878875732,12800,128
posthoc_xfit,y,bias2,1.0025360584259033,12800,128
posthoc_xfit,y,var,0.0011171691585332155,12800,128
posthoc_xfit,fx,mspe,0.0014300441835075617,12800,128
posthoc_xfit,fx,bias2,0.00029244498000480235,12800,128
posthoc_xfit,fx,var,0.001137599116191268,12800,128
posthoc_xfit,fr,mspe,0.021420370787382126,12800,128
posthoc_xfit,fr,bias2,0.020282771438360214,12800,128
posthoc_xfit,fr,var,0.001137599116191268,12800,128
posthoc_xfit,fz,mspe,0.00027166635845787823,12800,128
posthoc_xfit,fz,bias2,1.8770894030240015e-06,12800,128
posthoc_xfit,fz,var,0.0002697892487049103,12800,128
covar,y,mspe,1.0183006525039673,12800,16
covar,y,bias2,1.0146647691726685,12800,16
covar,y,var,0.0036358474753797054,12800,16
covar,fx,mspe,0.012000010348856449,12800,16
covar,fx,bias2,0.006901176180690527,12800,16
covar,fx,var,0.005098835099488497,12800,16
covar,fr,mspe,0.05003068596124649,12800,16
covar,fr,bias2,0.04493185132741928,12800,16
covar,fr,var,0.005098835099488497,12800,16
covar,fz,mspe,0.01856386847794056,12800,16
covar,fz,bias2,0.012317248620092869,12800,16
covar,fz,var,0.00624662172049284,12800,16
posthoc_xfit,y,mspe,1.0038399696350098,12800,16
posthoc_xfit,y,bias2,1.0028679370880127,12800,16
posthoc_xfit,y,var,0.000972114794421941,12800,16
posthoc_xfit,fx,mspe,0.0013670009793713689,12800,16
posthoc_xfit,fx,bias2,0.00039041772834025323,12800,16
posthoc_xfit,fx,var,0.0009765831055119634,12800,16
posthoc_xfit,fr,mspe,0.021621832624077797,12800,16
posthoc_xfit,fr,bias2,0.020645251497626305,12800,16
posthoc_xfit,fr,var,0.0009765831055119634,12800,16
posthoc_xfit,fz,mspe,0.00025149164139293134,12800,16
posthoc_xfit,fz,bias2,4.260987225279678e-06,12800,16
posthoc_xfit,fz,var,0.00024723063688725233,12800,16
covar,y,mspe,1.0164893865585327,12800,2
covar,y,bias2,1.0142189264297485,12800,2
covar,y,var,0.002270458033308387,12800,2
covar,fx,mspe,0.009837932884693146,12800,2
covar,fx,bias2,0.006541477516293526,12800,2
covar,fx,var,0.0032964549027383327,12800,2
covar,fr,mspe,0.04725479707121849,12800,2
covar,fr,bias2,0.04395835101604462,12800,2
covar,fr,var,0.0032964549027383327,12800,2
covar,fz,mspe,0.014714378863573074,12800,2
covar,fz,bias2,0.011594128794968128,12800,2
covar,fz,var,0.0031202519312500954,12800,2
posthoc_xfit,y,mspe,1.011116623878479,12800,2
posthoc_xfit,y,bias2,1.009126901626587,12800,2
posthoc_xfit,y,var,0.0019897331949323416,12800,2
posthoc_xfit,fx,mspe,0.007897919043898582,12800,2
posthoc_xfit,fx,bias2,0.005362535826861858,12800,2
posthoc_xfit,fx,var,0.002535383915528655,12800,2
posthoc_xfit,fr,mspe,0.04038211703300476,12800,2
posthoc_xfit,fr,bias2,0.03784673660993576,12800,2
posthoc_xfit,fr,var,0.002535383915528655,12800,2
posthoc_xfit,fz,mspe,0.0030157500877976418,12800,2
posthoc_xfit,fz,bias2,0.0021595568396151066,12800,2
posthoc_xfit,fz,var,0.0008561933063901961,12800,2
covar,y,mspe,1.0092356204986572,12800,256
covar,y,bias2,1.0040186643600464,12800,256
covar,y,var,0.005216952413320541,12800,256
covar,fx,mspe,0.005795029923319817,12800,256
covar,fx,bias2,0.00044706015614792705,12800,256
covar,fx,var,0.005347969941794872,12800,256
covar,fr,mspe,0.02420559898018837,12800,256
covar,fr,bias2,0.018857629969716072,12800,256
covar,fr,var,0.005347969941794872,12800,256
covar,fz,mspe,0.0019679998513311148,12800,256
covar,fz,bias2,0.00010308877244824544,12800,256
covar,fz,var,0.0018649112898856401,12800,256
posthoc_xfit,y,mspe,1.0043781995773315,12800,256
posthoc_xfit,y,bias2,1.0031651258468628,12800,256
posthoc_xfit,y,var,0.0012130182003602386,12800,256
posthoc_xfit,fx,mspe,0.0017357608303427696,12800,256
posthoc_xfit,fx,bias2,0.00048544519813731313,12800,256
posthoc_xfit,fx,var,0.0012503155739977956,12800,256
posthoc_xfit,fr,mspe,0.020426679402589798,12800,256
posthoc_xfit,fr,bias2,0.019176363945007324,12800,256
posthoc_xfit,fr,var,0.0012503155739977956,12800,256
posthoc_xfit,fz,mspe,0.00030245917150750756,12800,256
posthoc_xfit,fz,bias2,1.7018390281009488e-05,12800,256
posthoc_xfit,fz,var,0.00028544082306325436,12800,256
covar,y,mspe,1.0098292827606201,12800,32
covar,y,bias2,1.0050480365753174,12800,32
covar,y,var,0.004781292751431465,12800,32
covar,fx,mspe,0.005703025031834841,12800,32
covar,fx,bias2,0.0003661189984995872,12800,32
covar,fx,var,0.00533690582960844,12800,32
covar,fr,mspe,0.027491802349686623,12800,32
covar,fr,bias2,0.022154899314045906,12800,32
covar,fr,var,0.00533690582960844,12800,32
covar,fz,mspe,0.0025663399137556553,12800,32
covar,fz,bias2,0.0006464745383709669,12800,32
covar,fz,var,0.0019198654918000102,12800,32
posthoc_xfit,y,mspe,1.0036603212356567,12800,32
posthoc_xfit,y,bias2,1.0024492740631104,12800,32
posthoc_xfit,y,var,0.0012110829120501876,12800,32
posthoc_xfit,fx,mspe,0.0014983523869886994,12800,32
posthoc_xfit,fx,bias2,0.0002623045293148607,12800,32
posthoc_xfit,fx,var,0.001236048061400652,12800,32
posthoc_xfit,fr,mspe,0.02100258320569992,12800,32
posthoc_xfit,fr,bias2,0.019766535609960556,12800,32
posthoc_xfit,fr,var,0.001236048061400652,12800,32
posthoc_xfit,fz,mspe,0.0002544463786762208,12800,32
posthoc_xfit,fz,bias2,8.642227271593583e-07,12800,32
posthoc_xfit,fz,var,0.00025358214043080807,12800,32
covar,y,mspe,1.0168488025665283,12800,4
covar,y,bias2,1.0140609741210938,12800,4
covar,y,var,0.0027879036497324705,12800,4
covar,fx,mspe,0.009987089782953262,12800,4
covar,fx,bias2,0.006364390719681978,12800,4
covar,fx,var,0.0036226988304406404,12800,4
covar,fr,mspe,0.04723943769931793,12800,4
covar,fr,bias2,0.04361673817038536,12800,4
covar,fr,var,0.0036226988304406404,12800,4
covar,fz,mspe,0.014518962241709232,12800,4
covar,fz,bias2,0.010653369128704071,12800,4
covar,fz,var,0.0038655924145132303,12800,4
posthoc_xfit,y,mspe,1.0057199001312256,12800,4
posthoc_xfit,y,bias2,1.0046037435531616,12800,4
posthoc_xfit,y,var,0.0011161698494106531,12800,4
posthoc_xfit,fx,mspe,0.0022557207848876715,12800,4
posthoc_xfit,fx,bias2,0.0010012279963120818,12800,4
posthoc_xfit,fx,var,0.0012544930214062333,12800,4
posthoc_xfit,fr,mspe,0.024802623316645622,12800,4
posthoc_xfit,fr,bias2,0.023548128083348274,12800,4
posthoc_xfit,fr,var,0.0012544930214062333,12800,4
posthoc_xfit,fz,mspe,0.0005372753948904574,12800,4
posthoc_xfit,fz,bias2,0.00010244829900329933,12800,4
posthoc_xfit,fz,var,0.00043482705950737,12800,4
covar,y,mspe,1.0130553245544434,12800,512
covar,y,bias2,1.0096733570098877,12800,512
covar,y,var,0.003382126335054636,12800,512
covar,fx,mspe,0.007963172160089016,12800,512
covar,fx,bias2,0.0035258778370916843,12800,512
covar,fx,var,0.004437293857336044,12800,512
covar,fr,mspe,0.040584441274404526,12800,512
covar,fr,bias2,0.03614714741706848,12800,512
covar,fr,var,0.004437293857336044,12800,512
covar,fz,mspe,0.009327945299446583,12800,512
covar,fz,bias2,0.005912922788411379,12800,512
covar,fz,var,0.0034150227438658476,12800,512
posthoc_xfit,y,mspe,1.00358247756958,12800,512
posthoc_xfit,y,bias2,1.0024653673171997,12800,512
posthoc_xfit,y,var,0.0011171273654326797,12800,512
posthoc_xfit,fx,mspe,0.0014458823716267943,12800,512
posthoc_xfit,fx,bias2,0.0002750708954408765,12800,512
posthoc_xfit,fx,var,0.001170811359770596,12800,512
posthoc_xfit,fr,mspe,0.021284906193614006,12800,512
posthoc_xfit,fr,bias2,0.020114097744226456,12800,512
posthoc_xfit,fr,var,0.001170811359770596,12800,512
posthoc_xfit,fz,mspe,0.000284276669844985,12800,512
posthoc_xfit,fz,bias2,8.12694509022549e-07,12800,512
posthoc_xfit,fz,var,0.0002834639744833112,12800,512
covar,y,mspe,1.0112987756729126,12800,64
covar,y,bias2,1.009070873260498,12800,64
covar,y,var,0.0022278830874711275,12800,64
covar,fx,mspe,0.004845958203077316,12800,64
covar,fx,bias2,0.0025082873180508614,12800,64
covar,fx,var,0.0023376704193651676,12800,64
covar,fr,mspe,0.03541979566216469,12800,64
covar,fr,bias2,0.03308212384581566,12800,64
covar,fr,var,0.0023376704193651676,12800,64
covar,fz,mspe,0.006802652962505817,12800,64
covar,fz,bias2,0.005002034828066826,12800,64
covar,fz,var,0.0018006173195317388,12800,64
posthoc_xfit,y,mspe,1.0037527084350586,12800,64
posthoc_xfit,y,bias2,1.0025608539581299,12800,64
posthoc_xfit,y,var,0.0011917748488485813,12800,64
posthoc_xfit,fx,mspe,0.0015419349074363708,12800,64
posthoc_xfit,fx,bias2,0.00031123252119868994,12800,64
posthoc_xfit,fx,var,0.001230702269822359,12800,64
posthoc_xfit,fr,mspe,0.021920867264270782,12800,64
posthoc_xfit,fr,bias2,0.02069016546010971,12800,64
posthoc_xfit,fr,var,0.001230702269822359,12800,64
posthoc_xfit,fz,mspe,0.0002818834036588669,12800,64
posthoc_xfit,fz,bias2,7.813478987372946e-06,12800,64
posthoc_xfit,fz,var,0.00027406992739997804,12800,64
covar,y,mspe,1.018985629081726,12800,8
covar,y,bias2,1.0155179500579834,12800,8
covar,y,var,0.0034676187206059694,12800,8
covar,fx,mspe,0.012201717123389244,12800,8
covar,fx,bias2,0.007651735562831163,12800,8
covar,fx,var,0.004549980629235506,12800,8
covar,fr,mspe,0.05125124752521515,12800,8
covar,fr,bias2,0.04670126363635063,12800,8
covar,fr,var,0.004549980629235506,12800,8
covar,fz,mspe,0.018194738775491714,12800,8
covar,fz,bias2,0.012862798757851124,12800,8
covar,fz,var,0.005331941414624453,12800,8
posthoc_xfit,y,mspe,1.0044286251068115,12800,8
posthoc_xfit,y,bias2,1.0035226345062256,12800,8
posthoc_xfit,y,var,0.000905890017747879,12800,8
posthoc_xfit,fx,mspe,0.001475092489272356,12800,8
posthoc_xfit,fx,bias2,0.0005808197893202305,12800,8
posthoc_xfit,fx,var,0.0008942726999521255,12800,8
posthoc_xfit,fr,mspe,0.022008666768670082,12800,8
posthoc_xfit,fr,bias2,0.021114392206072807,12800,8
posthoc_xfit,fr,var,0.0008942726999521255,12800,8
posthoc_xfit,fz,mspe,0.00024034373927861452,12800,8
posthoc_xfit,fz,bias2,9.112332008953672e-06,12800,8
posthoc_xfit,fz,var,0.00023123141727410257,12800,8
covar,y,mspe,1.0654017925262451,1600,1024
covar,y,bias2,1.0482019186019897,1600,1024
covar,y,var,0.01719997450709343,1600,1024
covar,fx,mspe,0.06794068962335587,1600,1024
covar,fx,bias2,0.04428120702505112,1600,1024
covar,fx,var,0.023659486323595047,1600,1024
covar,fr,mspe,0.13436217606067657,1600,1024
covar,fr,bias2,0.11070268601179123,1600,1024
covar,fr,var,0.023659486323595047,1600,1024
covar,fz,mspe,0.09611187130212784,1600,1024
covar,fz,bias2,0.07050497084856033,1600,1024
covar,fz,var,0.025606904178857803,1600,1024
posthoc_xfit,y,mspe,1.0109554529190063,1600,1024
posthoc_xfit,y,bias2,1.0052508115768433,1600,1024
posthoc_xfit,y,var,0.005704690236598253,1600,1024
posthoc_xfit,fx,mspe,0.006792034953832626,1600,1024
posthoc_xfit,fx,bias2,0.001917520770803094,1600,1024
posthoc_xfit,fx,var,0.004874514415860176,1600,1024
posthoc_xfit,fr,mspe,0.02935594506561756,1600,1024
posthoc_xfit,fr,bias2,0.024481432512402534,1600,1024
posthoc_xfit,fr,var,0.004874514415860176,1600,1024
posthoc_xfit,fz,mspe,0.002447743434458971,1600,1024
posthoc_xfit,fz,bias2,6.745337304892018e-05,1600,1024
posthoc_xfit,fz,var,0.0023802900686860085,1600,1024
covar,y,mspe,1.0666362047195435,1600,128
covar,y,bias2,1.045651912689209,1600,128
covar,y,var,0.020984187722206116,1600,128
covar,fx,mspe,0.06155931577086449,1600,128
covar,fx,bias2,0.038902584463357925,1600,128
covar,fx,var,0.02265673130750656,1600,128
covar,fr,mspe,0.12489234656095505,1600,128
covar,fr,bias2,0.10223560035228729,1600,128
covar,fr,var,0.02265673130750656,1600,128
covar,fz,mspe,0.09518196433782578,1600,128
covar,fz,bias2,0.0663398951292038,1600,128
covar,fz,var,0.028842072933912277,1600,128
posthoc_xfit,y,mspe,1.0130428075790405,1600,128
posthoc_xfit,y,bias2,1.0064448118209839,1600,128
posthoc_xfit,y,var,0.006597976665943861,1600,128
posthoc_xfit,fx,mspe,0.008433456532657146,1600,128
posthoc_xfit,fx,bias2,0.0026882404927164316,1600,128
posthoc_xfit,fx,var,0.005745215807110071,1600,128
posthoc_xfit,fr,mspe,0.03395155444741249,1600,128
posthoc_xfit,fr,bias2,0.028206339105963707,1600,128
posthoc_xfit,fr,var,0.005745215807110071,1600,128
posthoc_xfit,fz,mspe,0.002903131302446127,1600,128
posthoc_xfit,fz,bias2,0.00036394858034327626,1600,128
posthoc_xfit,fz,var,0.0025391830131411552,1600,128
covar,y,mspe,1.0734807252883911,1600,16
covar,y,bias2,1.0564850568771362,1600,16
covar,y,var,0.016995646059513092,1600,16
covar,fx,mspe,0.0745316594839096,1600,16
covar,fx,bias2,0.05279014632105827,1600,16
covar,fx,var,0.02174151875078678,1600,16
covar,fr,mspe,0.14505474269390106,1600,16
covar,fr,bias2,0.12331321835517883,1600,16
covar,fr,var,0.02174151875078678,1600,16
covar,fz,mspe,0.11100640147924423,1600,16
covar,fz,bias2,0.08319970965385437,1600,16
covar,fz,var,0.027806688100099564,1600,16
posthoc_xfit,y,mspe,1.012764811515808,1600,16
posthoc_xfit,y,bias2,1.006988525390625,1600,16
posthoc_xfit,y,var,0.005776379257440567,1600,16
posthoc_xfit,fx,mspe,0.0072465152479708195,1600,16
posthoc_xfit,fx,bias2,0.0024471294600516558,1600,16
posthoc_xfit,fx,var,0.00479938555508852,1600,16
posthoc_xfit,fr,mspe,0.03274477645754814,1600,16
posthoc_xfit,fr,bias2,0.027945391833782196,1600,16
posthoc_xfit,fr,var,0.00479938555508852,1600,16
posthoc_xfit,fz,mspe,0.0026422496885061264,1600,16
posthoc_xfit,fz,bias2,0.00037124575464986265,1600,16
posthoc_xfit,fz,var,0.0022710037883371115,1600,16
covar,y,mspe,1.0783330202102661,1600,2
covar,y,bias2,1.0615886449813843,1600,2
covar,y,var,0.016744377091526985,1600,2
covar,fx,mspe,0.07983722537755966,1600,2
covar,fx,bias2,0.055711887776851654,1600,2
covar,fx,var,0.024125337600708008,1600,2
covar,fr,mspe,0.15138301253318787,1600,2
covar,fr,bias2,0.12725767493247986,1600,2
covar,fr,var,0.024125337600708008,1600,2
covar,fz,mspe,0.11892101913690567,1600,2
covar,fz,bias2,0.08992524445056915,1600,2
covar,fz,var,0.028995780274271965,1600,2
posthoc_xfit,y,mspe,1.0241847038269043,1600,2
posthoc_xfit,y,bias2,1.018324375152588,1600,2
posthoc_xfit,y,var,0.005860303528606892,1600,2
posthoc_xfit,fx,mspe,0.018292639404535294,1600,2
posthoc_xfit,fx,bias2,0.013127612881362438,1600,2
posthoc_xfit,fx,var,0.005165026057511568,1600,2
posthoc_xfit,fr,mspe,0.05284205824136734,1600,2
posthoc_xfit,fr,bias2,0.04767703637480736,1600,2
posthoc_xfit,fr,var,0.005165026057511568,1600,2
posthoc_xfit,fz,mspe,0.004627174697816372,1600,2
posthoc_xfit,fz,bias2,0.002598073100671172,1600,2
posthoc_xfit,fz,var,0.0020291015971451998,1600,2
covar,y,mspe,1.0623555183410645,1600,256
covar,y,bias2,1.0370787382125854,1600,256
covar,y,var,0.02527674287557602,1600,256
covar,fx,mspe,0.05318214371800423,1600,256
covar,fx,bias2,0.023385940119624138,1600,256
covar,fx,var,0.029796205461025238,1600,256
covar,fr,mspe,0.10536681860685349,1600,256
covar,fr,bias2,0.07557062059640884,1600,256
covar,fr,var,0.029796205461025238,1600,256
covar,fz,mspe,0.07093265652656555,1600,256
covar,fz,bias2,0.04590390995144844,1600,256
covar,fz,var,0.02502874843776226,1600,256
posthoc_xfit,y,mspe,1.0127900838851929,1600,256
posthoc_xfit,y,bias2,1.005161166191101,1600,256
posthoc_xfit,y,var,0.007628967985510826,1600,256
posthoc_xfit,fx,mspe,0.008864841423928738,1600,256
posthoc_xfit,fx,bias2,0.0019384670304134488,1600,256
posthoc_xfit,fx,var,0.006926374509930611,1600,256
posthoc_xfit,fr,mspe,0.03110983595252037,1600,256
posthoc_xfit,fr,bias2,0.02418346144258976,1600,256
posthoc_xfit,fr,var,0.006926374509930611,1600,256
posthoc_xfit,fz,mspe,0.002922074869275093,1600,256
posthoc_xfit,fz,bias2,5.2231232984922826e-05,1600,256
posthoc_xfit,fz,var,0.002869843738153577,1600,256
covar,y,mspe,1.0425035953521729,1600,32
covar,y,bias2,1.0270236730575562,1600,32
covar,y,var,0.015479957684874535,1600,32
covar,fx,mspe,0.035404354333877563,1600,32
covar,fx,bias2,0.01759399101138115,1600,32
covar,fx,var,0.017810359597206116,1600,32
covar,fr,mspe,0.08418237417936325,1600,32
covar,fr,bias2,0.06637200713157654,1600,32
covar,fr,var,0.017810359597206116,1600,32
covar,fz,mspe,0.049271345138549805,1600,32
covar,fz,bias2,0.0320369154214859,1600,32
covar,fz,var,0.017234427854418755,1600,32
posthoc_xfit,y,mspe,1.0134172439575195,1600,32
posthoc_xfit,y,bias2,1.0063586235046387,1600,32
posthoc_xfit,y,var,0.007058700546622276,1600,32
posthoc_xfit,fx,mspe,0.008629446849226952,1600,32
posthoc_xfit,fx,bias2,0.0024201429914683104,1600,32
posthoc_xfit,fx,var,0.006209303624927998,1600,32
posthoc_xfit,fr,mspe,0.03338878974318504,1600,32
posthoc_xfit,fr,bias2,0.02717948518693447,1600,32
posthoc_xfit,fr,var,0.006209303624927998,1600,32
posthoc_xfit,fz,mspe,0.002712158253416419,1600,32
posthoc_xfit,fz,bias2,0.00027742600650526583,1600,32
posthoc_xfit,fz,var,0.0024347323924303055,1600,32
covar,y,mspe,1.0564360618591309,1600,4
covar,y,bias2,1.0421985387802124,1600,4
covar,y,var,0.014237582683563232,1600,4
covar,fx,mspe,0.053546443581581116,1600,4
covar,fx,bias2,0.0337926484644413,1600,4
covar,fx,var,0.019753798842430115,1600,4
covar,fr,mspe,0.11347091943025589,1600,4
covar,fr,bias2,0.09371712058782578,1600,4
covar,fr,var,0.019753798842430115,1600,4
covar,fz,mspe,0.07735700905323029,1600,4
covar,fz,bias2,0.05429130047559738,1600,4
covar,fz,var,0.023065708577632904,1600,4
posthoc_xfit,y,mspe,1.0142887830734253,1600,4
posthoc_xfit,y,bias2,1.0084387063980103,1600,4
posthoc_xfit,y,var,0.005850004963576794,1600,4
posthoc_xfit,fx,mspe,0.008724805898964405,1600,4
posthoc_xfit,fx,bias2,0.0036761953961104155,1600,4
posthoc_xfit,fx,var,0.005048609804362059,1600,4
posthoc_xfit,fr,mspe,0.03573577105998993,1600,4
posthoc_xfit,fr,bias2,0.030687160789966583,1600,4
posthoc_xfit,fr,var,0.005048609804362059,1600,4
posthoc_xfit,fz,mspe,0.0028847658541053534,1600,4
posthoc_xfit,fz,bias2,0.0005797345074824989,1600,4
posthoc_xfit,fz,var,0.00230503105558455,1600,4
covar,y,mspe,1.0582138299942017,1600,512
covar,y,bias2,1.041910171508789,1600,512
covar,y,var,0.01630363054573536,1600,512
covar,fx,mspe,0.05450060963630676,1600,512
covar,fx,bias2,0.03389614820480347,1600,512
covar,fx,var,0.020604457706212997,1600,512
covar,fr,mspe,0.11490092426538467,1600,512
covar,fr,bias2,0.09429647773504257,1600,512
covar,fr,var,0.020604457706212997,1600,512
covar,fz,mspe,0.07835458964109421,1600,512
covar,fz,bias2,0.05789054557681084,1600,512
covar,fz,var,0.02046404592692852,1600,512
posthoc_xfit,y,mspe,1.0122570991516113,1600,512
posthoc_xfit,y,bias2,1.0059260129928589,1600,512
posthoc_xfit,y,var,0.006331080105155706,1600,512
posthoc_xfit,fx,mspe,0.007882148027420044,1600,512
posthoc_xfit,fx,bias2,0.0024400122929364443,1600,512
posthoc_xfit,fx,var,0.005442135501652956,1600,512
posthoc_xfit,fr,mspe,0.03187128156423569,1600,512
posthoc_xfit,fr,bias2,0.02642914466559887,1600,512
posthoc_xfit,fr,var,0.005442135501652956,1600,512
posthoc_xfit,fz,mspe,0.0024974083062261343,1600,512
posthoc_xfit,fz,bias2,0.00018095843552146107,1600,512
posthoc_xfit,fz,var,0.0023164497688412666,1600,512
covar,y,mspe,1.0643707513809204,1600,64
covar,y,bias2,1.048074722290039,1600,64
covar,y,var,0.016296040266752243,1600,64
covar,fx,mspe,0.06457721441984177,1600,64
covar,fx,bias2,0.04429475963115692,1600,64
covar,fx,var,0.020282458513975143,1600,64
covar,fr,mspe,0.13104663789272308,1600,64
covar,fr,bias2,0.11076416820287704,1600,64
covar,fr,var,0.020282458513975143,1600,64
covar,fz,mspe,0.09395599365234375,1600,64
covar,fz,bias2,0.07179494202136993,1600,64
covar,fz,var,0.022161055356264114,1600,64
posthoc_xfit,y,mspe,1.0124238729476929,1600,64
posthoc_xfit,y,bias2,1.0062973499298096,1600,64
posthoc_xfit,y,var,0.006126550491899252,1600,64
posthoc_xfit,fx,mspe,0.007892349734902382,1600,64
posthoc_xfit,fx,bias2,0.0025669950991868973,1600,64
posthoc_xfit,fx,var,0.005325354170054197,1600,64
posthoc_xfit,fr,mspe,0.03339514136314392,1600,64
posthoc_xfit,fr,bias2,0.028069786727428436,1600,64
posthoc_xfit,fr,var,0.005325354170054197,1600,64
posthoc_xfit,fz,mspe,0.0028520841151475906,1600,64
posthoc_xfit,fz,bias2,0.0003740930696949363,1600,64
posthoc_xfit,fz,var,0.00247799139469862,1600,64
covar,y,mspe,1.0726033449172974,1600,8
covar,y,bias2,1.0565900802612305,1600,8
covar,y,var,0.016013137996196747,1600,8
covar,fx,mspe,0.07127348333597183,1600,8
covar,fx,bias2,0.05180034786462784,1600,8
covar,fx,var,0.019473137333989143,1600,8
covar,fr,mspe,0.14109618961811066,1600,8
covar,fr,bias2,0.12162304669618607,1600,8
covar,fr,var,0.019473137333989143,1600,8
covar,fz,mspe,0.10639391839504242,1600,8
covar,fz,bias2,0.0816047266125679,1600,8
covar,fz,var,0.02478918991982937,1600,8
posthoc_xfit,y,mspe,1.0129822492599487,1600,8
posthoc_xfit,y,bias2,1.0070921182632446,1600,8
posthoc_xfit,y,var,0.005890091881155968,1600,8
posthoc_xfit,fx,mspe,0.007724301889538765,1600,8
posthoc_xfit,fx,bias2,0.002374298870563507,1600,8
posthoc_xfit,fx,var,0.005350003018975258,1600,8
posthoc_xfit,fr,mspe,0.032480623573064804,1600,8
posthoc_xfit,fr,bias2,0.027130620554089546,1600,8
posthoc_xfit,fr,var,0.005350003018975258,1600,8
posthoc_xfit,fz,mspe,0.0027164446655660868,1600,8
posthoc_xfit,fz,bias2,0.0002719746553339064,1600,8
posthoc_xfit,fz,var,0.0024444698356091976,1600,8
covar,y,mspe,1.0117712020874023,25600,1024
covar,y,bias2,1.0099170207977295,25600,1024
covar,y,var,0.0018540972378104925,25600,1024
covar,fx,mspe,0.006336969323456287,25600,1024
covar,fx,bias2,0.004373801872134209,25600,1024
covar,fx,var,0.0019631669856607914,25600,1024
covar,fr,mspe,0.040673721581697464,25600,1024
covar,fr,bias2,0.03871055692434311,25600,1024
covar,fr,var,0.0019631669856607914,25600,1024
covar,fz,mspe,0.007926045916974545,25600,1024
covar,fz,bias2,0.006112511269748211,25600,1024
covar,fz,var,0.0018135346472263336,25600,1024
posthoc_xfit,y,mspe,1.0033459663391113,25600,1024
posthoc_xfit,y,bias2,1.0027729272842407,25600,1024
posthoc_xfit,y,var,0.0005729565164074302,25600,1024
posthoc_xfit,fx,mspe,0.0008148060878738761,25600,1024
posthoc_xfit,fx,bias2,0.0002426865539746359,25600,1024
posthoc_xfit,fx,var,0.0005721196648664773,25600,1024
posthoc_xfit,fr,mspe,0.022709613665938377,25600,1024
posthoc_xfit,fr,bias2,0.022137491032481194,25600,1024
posthoc_xfit,fr,var,0.0005721196648664773,25600,1024
posthoc_xfit,fz,mspe,0.00025994714815169573,25600,1024
posthoc_xfit,fz,bias2,6.371217023115605e-05,25600,1024
posthoc_xfit,fz,var,0.0001962349924724549,25600,1024
covar,y,mspe,1.0067061185836792,25600,128
covar,y,bias2,1.0051671266555786,25600,128
covar,y,var,0.0015390175394713879,25600,128
covar,fx,mspe,0.0023476353380829096,25600,128
covar,fx,bias2,0.000908681598957628,25600,128
covar,fx,var,0.0014389539137482643,25600,128
covar,fr,mspe,0.028419332578778267,25600,128
covar,fr,bias2,0.026980381458997726,25600,128
covar,fr,var,0.0014389539137482643,25600,128
covar,fz,mspe,0.0021403292194008827,25600,128
covar,fz,bias2,0.0014665910275653005,25600,128
covar,fz,var,0.0006737382500432432,25600,128
posthoc_xfit,y,mspe,1.003820538520813,25600,128
posthoc_xfit,y,bias2,1.003147840499878,25600,128
posthoc_xfit,y,var,0.0006726546562276781,25600,128
posthoc_xfit,fx,mspe,0.0008604931645095348,25600,128
posthoc_xfit,fx,bias2,0.00020295250578783453,25600,128
posthoc_xfit,fx,var,0.0006575406878255308,25600,128
posthoc_xfit,fr,mspe,0.022595029324293137,25600,128
posthoc_xfit,fr,bias2,0.02193748764693737,25600,128
posthoc_xfit,fr,var,0.0006575406878255308,25600,128
posthoc_xfit,fz,mspe,0.00023263291222974658,25600,128
posthoc_xfit,fz,bias2,5.3452888096217066e-05,25600,128
posthoc_xfit,fz,var,0.00017918000230565667,25600,128
covar,y,mspe,1.0105559825897217,25600,16
covar,y,bias2,1.009128212928772,25600,16
covar,y,var,0.0014276527799665928,25600,16
covar,fx,mspe,0.005160010885447264,25600,16
covar,fx,bias2,0.0035827108658850193,25600,16
covar,fx,var,0.0015773000195622444,25600,16
covar,fr,mspe,0.03801290690898895,25600,16
covar,fr,bias2,0.03643560782074928,25600,16
covar,fr,var,0.0015773000195622444,25600,16
covar,fz,mspe,0.007018182892352343,25600,16
covar,fz,bias2,0.005599886178970337,25600,16
covar,fz,var,0.0014182967133820057,25600,16
posthoc_xfit,y,mspe,1.0037378072738647,25600,16
posthoc_xfit,y,bias2,1.0031695365905762,25600,16
posthoc_xfit,y,var,0.000568363000638783,25600,16
posthoc_xfit,fx,mspe,0.0008369731949642301,25600,16
posthoc_xfit,fx,bias2,0.0002747122198343277,25600,16
posthoc_xfit,fx,var,0.0005622610915452242,25600,16
posthoc_xfit,fr,mspe,0.022505126893520355,25600,16
posthoc_xfit,fr,bias2,0.0219428651034832,25600,16
posthoc_xfit,fr,var,0.0005622610915452242,25600,16
posthoc_xfit,fz,mspe,0.00022274894581642002,25600,16
posthoc_xfit,fz,bias2,4.974858893547207e-05,25600,16
posthoc_xfit,fz,var,0.00017300034232903272,25600,16
covar,y,mspe,1.0086522102355957,25600,2
covar,y,bias2,1.0073801279067993,25600,2
covar,y,var,0.0012721498496830463,25600,2
covar,fx,mspe,0.003578876843675971,25600,2
covar,fx,bias2,0.00234514893963933,25600,2
covar,fx,var,0.0012337277876213193,25600,2
covar,fr,mspe,0.03372984752058983,25600,2
covar,fr,bias2,0.032496120780706406,25600,2
covar,fr,var,0.0012337277876213193,25600,2
covar,fz,mspe,0.0045908535830676556,25600,2
covar,fz,bias2,0.0034913732670247555,25600,2
covar,fz,var,0.0010994805488735437,25600,2
posthoc_xfit,y,mspe,1.012308955192566,25600,2
posthoc_xfit,y,bias2,1.0107001066207886,25600,2
posthoc_xfit,y,var,0.0016087023541331291,25600,2
posthoc_xfit,fx,mspe,0.009064750745892525,25600,2
posthoc_xfit,fx,bias2,0.006914385594427586,25600,2
posthoc_xfit,fx,var,0.0021503649186342955,25600,2
posthoc_xfit,fr,mspe,0.04462706670165062,25600,2
posthoc_xfit,fr,bias2,0.042476702481508255,25600,2
posthoc_xfit,fr,var,0.0021503649186342955,25600,2
posthoc_xfit,fz,mspe,0.004112393129616976,25600,2
posthoc_xfit,fz,bias2,0.0033498441334813833,25600,2
posthoc_xfit,fz,var,0.000762548646889627,25600,2
covar,y,mspe,1.0098543167114258,25600,256
covar,y,bias2,1.0029101371765137,25600,256
covar,y,var,0.006944132968783379,25600,256
covar,fx,mspe,0.007685678079724312,25600,256
covar,fx,bias2,0.00035551877226680517,25600,256
covar,fx,var,0.0073301587253808975,25600,256
covar,fr,mspe,0.02638590894639492,25600,256
covar,fr,bias2,0.019055748358368874,25600,256
covar,fr,var,0.0073301587253808975,25600,256
covar,fz,mspe,0.002038063481450081,25600,256
covar,fz,bias2,2.1656665012415033e-06,25600,256
covar,fz,var,0.0020358976908028126,25600,256
posthoc_xfit,y,mspe,1.0043600797653198,25600,256
posthoc_xfit,y,bias2,1.0036848783493042,25600,256
posthoc_xfit,y,var,0.0006753671332262456,25600,256
posthoc_xfit,fx,mspe,0.0008831989835016429,25600,256
posthoc_xfit,fx,bias2,0.00023995671654120088,25600,256
posthoc_xfit,fx,var,0.0006432422087527812,25600,256
posthoc_xfit,fr,mspe,0.021622024476528168,25600,256
posthoc_xfit,fr,bias2,0.020978780463337898,25600,256
posthoc_xfit,fr,var,0.0006432422087527812,25600,256
posthoc_xfit,fz,mspe,0.00017114631191361696,25600,256
posthoc_xfit,fz,bias2,1.7250602468266152e-05,25600,256
posthoc_xfit,fz,var,0.00015389572945423424,25600,256
covar,y,mspe,1.0057382583618164,25600,32
covar,y,bias2,1.0034165382385254,25600,32
covar,y,var,0.0023216151166707277,25600,32
covar,fx,mspe,0.0020497858058661222,25600,32
covar,fx,bias2,0.0001568262669024989,25600,32
covar,fx,var,0.0018929592333734035,25600,32
covar,fr,mspe,0.021546540781855583,25600,32
covar,fr,bias2,0.019653581082820892,25600,32
covar,fr,var,0.0018929592333734035,25600,32
covar,fz,mspe,0.0005395906628109515,25600,32
covar,fz,bias2,1.067300331669685e-06,25600,32
covar,fz,var,0.0005385233671404421,25600,32
posthoc_xfit,y,mspe,1.0037025213241577,25600,32
posthoc_xfit,y,bias2,1.0029940605163574,25600,32
posthoc_xfit,y,var,0.0007083657546900213,25600,32
posthoc_xfit,fx,mspe,0.0008051566546782851,25600,32
posthoc_xfit,fx,bias2,0.0001243130536749959,25600,32
posthoc_xfit,fx,var,0.0006808435427956283,25600,32
posthoc_xfit,fr,mspe,0.021638359874486923,25600,32
posthoc_xfit,fr,bias2,0.02095751278102398,25600,32
posthoc_xfit,fr,var,0.0006808435427956283,25600,32
posthoc_xfit,fz,mspe,0.00016718990809749812,25600,32
posthoc_xfit,fz,bias2,1.9036917365156114e-05,25600,32
posthoc_xfit,fz,var,0.000148152990732342,25600,32
covar,y,mspe,1.008840799331665,25600,4
covar,y,bias2,1.0074938535690308,25600,4
covar,y,var,0.0013468977995216846,25600,4
covar,fx,mspe,0.0039359088987112045,25600,4
covar,fx,bias2,0.002495215507224202,25600,4
covar,fx,var,0.0014406931586563587,25600,4
covar,fr,mspe,0.034481242299079895,25600,4
covar,fr,bias2,0.033040545880794525,25600,4
covar,fr,var,0.0014406931586563587,25600,4
covar,fz,mspe,0.005004540551453829,25600,4
covar,fz,bias2,0.0038127757143229246,25600,4
covar,fz,var,0.0011917650699615479,25600,4
posthoc_xfit,y,mspe,1.0052372217178345,25600,4
posthoc_xfit,y,bias2,1.0044327974319458,25600,4
posthoc_xfit,y,var,0.0008044703281484544,25600,4
posthoc_xfit,fx,mspe,0.0018324246630072594,25600,4
posthoc_xfit,fx,bias2,0.0009355355286970735,25600,4
posthoc_xfit,fx,var,0.0008968891925178468,25600,4
posthoc_xfit,fr,mspe,0.02570738084614277,25600,4
posthoc_xfit,fr,bias2,0.024810492992401123,25600,4
posthoc_xfit,fr,var,0.0008968891925178468,25600,4
posthoc_xfit,fz,mspe,0.0005048064049333334,25600,4
posthoc_xfit,fz,bias2,0.00022074152366258204,25600,4
posthoc_xfit,fz,var,0.00028406493947841227,25600,4
covar,y,mspe,1.0077683925628662,25600,512
covar,y,bias2,1.005833625793457,25600,512
covar,y,var,0.0019346943590790033,25600,512
covar,fx,mspe,0.0026674955151975155,25600,512
covar,fx,bias2,0.0009861479047685862,25600,512
covar,fx,var,0.001681347843259573,25600,512
covar,fr,mspe,0.028991971164941788,25600,512
covar,fr,bias2,0.027310620993375778,25600,512
covar,fr,var,0.001681347843259573,25600,512
covar,fz,mspe,0.002552388235926628,25600,512
covar,fz,bias2,0.0015332296025007963,25600,512
covar,fz,var,0.0010191588662564754,25600,512
posthoc_xfit,y,mspe,1.0031989812850952,25600,512
posthoc_xfit,y,bias2,1.0024960041046143,25600,512
posthoc_xfit,y,var,0.0007029765984043479,25600,512
posthoc_xfit,fx,mspe,0.000847103598061949,25600,512
posthoc_xfit,fx,bias2,0.0001622894633328542,25600,512
posthoc_xfit,fx,var,0.0006848140619695187,25600,512
posthoc_xfit,fr,mspe,0.02208830416202545,25600,512
posthoc_xfit,fr,bias2,0.021403491497039795,25600,512
posthoc_xfit,fr,var,0.0006848140619695187,25600,512
posthoc_xfit,fz,mspe,0.0002020393731072545,25600,512
posthoc_xfit,fz,bias2,3.0372533728950657e-05,25600,512
posthoc_xfit,fz,var,0.00017166683392133564,25600,512
covar,y,mspe,1.0070396661758423,25600,64
covar,y,bias2,1.0054413080215454,25600,64
covar,y,var,0.0015982550103217363,25600,64
covar,fx,mspe,0.0025845784693956375,25600,64
covar,fx,bias2,0.0012464877218008041,25600,64
covar,fx,var,0.001338090398348868,25600,64
covar,fr,mspe,0.029834097251296043,25600,64
covar,fr,bias2,0.02849600836634636,25600,64
covar,fr,var,0.001338090398348868,25600,64
covar,fz,mspe,0.002353391144424677,25600,64
covar,fz,bias2,0.0016567596467211843,25600,64
covar,fz,var,0.0006966313812881708,25600,64
posthoc_xfit,y,mspe,1.0035489797592163,25600,64
posthoc_xfit,y,bias2,1.0029116868972778,25600,64
posthoc_xfit,y,var,0.0006372233619913459,25600,64
posthoc_xfit,fx,mspe,0.0008420560043305159,25600,64
posthoc_xfit,fx,bias2,0.00022334024833980948,25600,64
posthoc_xfit,fx,var,0.0006187157123349607,25600,64
posthoc_xfit,fr,mspe,0.022666826844215393,25600,64
posthoc_xfit,fr,bias2,0.022048110142350197,25600,64
posthoc_xfit,fr,var,0.0006187157123349607,25600,64
posthoc_xfit,fz,mspe,0.00022216532670427114,25600,64
posthoc_xfit,fz,bias2,6.069552182452753e-05,25600,64
posthoc_xfit,fz,var,0.000161469797603786,25600,64
covar,y,mspe,1.0093636512756348,25600,8
covar,y,bias2,1.0076992511749268,25600,8
covar,y,var,0.0016644048737362027,25600,8
covar,fx,mspe,0.0041925134137272835,25600,8
covar,fx,bias2,0.002345838351175189,25600,8
covar,fx,var,0.001846674713306129,25600,8
covar,fr,mspe,0.0344235822558403,25600,8
covar,fr,bias2,0.03257690742611885,25600,8
covar,fr,var,0.001846674713306129,25600,8
covar,fz,mspe,0.005240995902568102,25600,8
covar,fz,bias2,0.0036671175621449947,25600,8
covar,fz,var,0.0015738778747618198,25600,8
posthoc_xfit,y,mspe,1.0040230751037598,25600,8
posthoc_xfit,y,bias2,1.0034706592559814,25600,8
posthoc_xfit,y,var,0.0005524521111510694,25600,8
posthoc_xfit,fx,mspe,0.000955470371991396,25600,8
posthoc_xfit,fx,bias2,0.0004356278805062175,25600,8
posthoc_xfit,fx,var,0.0005198426079005003,25600,8
posthoc_xfit,fr,mspe,0.022899847477674484,25600,8
posthoc_xfit,fr,bias2,0.022380003705620766,25600,8
posthoc_xfit,fr,var,0.0005198426079005003,25600,8
posthoc_xfit,fz,mspe,0.0002169122890336439,25600,8
posthoc_xfit,fz,bias2,6.0901966207893565e-05,25600,8
posthoc_xfit,fz,var,0.0001560103555675596,25600,8
covar,y,mspe,1.0562039613723755,3200,1024
covar,y,bias2,1.043764591217041,3200,1024
covar,y,var,0.012439288198947906,3200,1024
covar,fx,mspe,0.05643100291490555,3200,1024
covar,fx,bias2,0.039226844906806946,3200,1024
covar,fx,var,0.017204158008098602,3200,1024
covar,fr,mspe,0.1203094869852066,3200,1024
covar,fr,bias2,0.10310531407594681,3200,1024
covar,fr,var,0.017204158008098602,3200,1024
covar,fz,mspe,0.0856274962425232,3200,1024
covar,fz,bias2,0.06378517299890518,3200,1024
covar,fz,var,0.02184232510626316,3200,1024
posthoc_xfit,y,mspe,1.0075445175170898,3200,1024
posthoc_xfit,y,bias2,1.0044063329696655,3200,1024
posthoc_xfit,y,var,0.0031381738372147083,3200,1024
posthoc_xfit,fx,mspe,0.0041940039955079556,3200,1024
posthoc_xfit,fx,bias2,0.001363459276035428,3200,1024
posthoc_xfit,fx,var,0.002830544952303171,3200,1024
posthoc_xfit,fr,mspe,0.027926931157708168,3200,1024
posthoc_xfit,fr,bias2,0.025096382945775986,3200,1024
posthoc_xfit,fr,var,0.002830544952303171,3200,1024
posthoc_xfit,fz,mspe,0.001097066211514175,3200,1024
posthoc_xfit,fz,bias2,4.926022666040808e-05,3200,1024
posthoc_xfit,fz,var,0.001047805999405682,3200,1024
covar,y,mspe,1.0495473146438599,3200,128
covar,y,bias2,1.0380585193634033,3200,128
covar,y,var,0.011488792486488819,3200,128
covar,fx,mspe,0.047026377171278,3200,128
covar,fx,bias2,0.03157574683427811,3200,128
covar,fx,var,0.01545062754303217,3200,128
covar,fr,mspe,0.10624013096094131,3200,128
covar,fr,bias2,0.09078948944807053,3200,128
covar,fr,var,0.01545062754303217,3200,128
covar,fz,mspe,0.0681319609284401,3200,128
covar,fz,bias2,0.05106665939092636,3200,128
covar,fz,var,0.017065303400158882,3200,128
posthoc_xfit,y,mspe,1.0085647106170654,3200,128
posthoc_xfit,y,bias2,1.0050766468048096,3200,128
posthoc_xfit,y,var,0.003488002112135291,3200,128
posthoc_xfit,fx,mspe,0.005016578361392021,3200,128
posthoc_xfit,fx,bias2,0.0017678223084658384,3200,128
posthoc_xfit,fx,var,0.00324875651858747,3200,128
posthoc_xfit,fr,mspe,0.03117760457098484,3200,128
posthoc_xfit,fr,bias2,0.027928847819566727,3200,128
posthoc_xfit,fr,var,0.00324875651858747,3200,128
posthoc_xfit,fz,mspe,0.0012699407525360584,3200,128
posthoc_xfit,fz,bias2,0.00025910112890414894,3200,128
posthoc_xfit,fz,var,0.001010839594528079,3200,128
covar,y,mspe,1.0620628595352173,3200,16
covar,y,bias2,1.048558235168457,3200,16
covar,y,var,0.013504781760275364,3200,16
covar,fx,mspe,0.0672621950507164,3200,16
covar,fx,bias2,0.04756678268313408,3200,16
covar,fx,var,0.01969541795551777,3200,16
covar,fr,mspe,0.13554887473583221,3200,16
covar,fr,bias2,0.1158534586429596,3200,16
covar,fr,var,0.01969541795551777,3200,16
covar,fz,mspe,0.096400186419487,3200,16
covar,fz,bias2,0.07092469930648804,3200,16
covar,fz,var,0.025475483387708664,3200,16
posthoc_xfit,y,mspe,1.0089002847671509,3200,16
posthoc_xfit,y,bias2,1.0057002305984497,3200,16
posthoc_xfit,y,var,0.0032000362407416105,3200,16
posthoc_xfit,fx,mspe,0.004941336810588837,3200,16
posthoc_xfit,fx,bias2,0.001976354280486703,3200,16
posthoc_xfit,fx,var,0.0029649827629327774,3200,16
posthoc_xfit,fr,mspe,0.031258031725883484,3200,16
posthoc_xfit,fr,bias2,0.028293047100305557,3200,16
posthoc_xfit,fr,var,0.0029649827629327774,3200,16
posthoc_xfit,fz,mspe,0.0014593738596886396,3200,16
posthoc_xfit,fz,bias2,0.0002695322909858078,3200,16
posthoc_xfit,fz,var,0.0011898414231836796,3200,16
covar,y,mspe,1.0590862035751343,3200,2
covar,y,bias2,1.0478094816207886,3200,2
covar,y,var,0.01127674337476492,3200,2
covar,fx,mspe,0.06038791686296463,3200,2
covar,fx,bias2,0.044331859797239304,3200,2
covar,fx,var,0.016056053340435028,3200,2
covar,fr,mspe,0.12691408395767212,3200,2
covar,fr,bias2,0.11085803061723709,3200,2
covar,fr,var,0.016056053340435028,3200,2
covar,fz,mspe,0.08784423768520355,3200,2
covar,fz,bias2,0.06732077896595001,3200,2
covar,fz,var,0.02052346244454384,3200,2
posthoc_xfit,y,mspe,1.0178834199905396,3200,2
posthoc_xfit,y,bias2,1.014348030090332,3200,2
posthoc_xfit,y,var,0.0035354183055460453,3200,2
posthoc_xfit,fx,mspe,0.013007640838623047,3200,2
posthoc_xfit,fx,bias2,0.009482079185545444,3200,2
posthoc_xfit,fx,var,0.0035255616530776024,3200,2
posthoc_xfit,fr,mspe,0.04852952063083649,3200,2
posthoc_xfit,fr,bias2,0.04500395804643631,3200,2
posthoc_xfit,fr,var,0.0035255616530776024,3200,2
posthoc_xfit,fz,mspe,0.003717995947226882,3200,2
posthoc_xfit,fz,bias2,0.002424424048513174,3200,2
posthoc_xfit,fz,var,0.0012935715494677424,3200,2
covar,y,mspe,1.041427493095398,3200,256
covar,y,bias2,1.0208487510681152,3200,256
covar,y,var,0.02057870849967003,3200,256
covar,fx,mspe,0.03585735335946083,3200,256
covar,fx,bias2,0.01080560963600874,3200,256
covar,fx,var,0.025051746517419815,3200,256
covar,fr,mspe,0.07706771045923233,3200,256
covar,fr,bias2,0.052015963941812515,3200,256
covar,fr,var,0.025051746517419815,3200,256
covar,fz,mspe,0.03894636034965515,3200,256
covar,fz,bias2,0.018874458968639374,3200,256
covar,fz,var,0.02007189765572548,3200,256
posthoc_xfit,y,mspe,1.0099766254425049,3200,256
posthoc_xfit,y,bias2,1.0058423280715942,3200,256
posthoc_xfit,y,var,0.004134410060942173,3200,256
posthoc_xfit,fx,mspe,0.005419908557087183,3200,256
posthoc_xfit,fx,bias2,0.0015142755582928658,3200,256
posthoc_xfit,fx,var,0.0039056334644556046,3200,256
posthoc_xfit,fr,mspe,0.02911110408604145,3200,256
posthoc_xfit,fr,bias2,0.025205468758940697,3200,256
posthoc_xfit,fr,var,0.0039056334644556046,3200,256
posthoc_xfit,fz,mspe,0.0011052152840420604,3200,256
posthoc_xfit,fz,bias2,5.896427319385111e-05,3200,256
posthoc_xfit,fz,var,0.0010462510399520397,3200,256
covar,y,mspe,1.027518630027771,3200,32
covar,y,bias2,1.017845869064331,3200,32
covar,y,var,0.009672603569924831,3200,32
covar,fx,mspe,0.017790578305721283,3200,32
covar,fx,bias2,0.008771190419793129,3200,32
covar,fx,var,0.009019386023283005,3200,32
covar,fr,mspe,0.057897090911865234,3200,32
covar,fr,bias2,0.04887770488858223,3200,32
covar,fr,var,0.009019386023283005,3200,32
covar,fz,mspe,0.023977281525731087,3200,32
covar,fz,bias2,0.015110645443201065,3200,32
covar,fz,var,0.008866637945175171,3200,32
posthoc_xfit,y,mspe,1.008962869644165,3200,32
posthoc_xfit,y,bias2,1.0049101114273071,3200,32
posthoc_xfit,y,var,0.004052689298987389,3200,32
posthoc_xfit,fx,mspe,0.005377559456974268,3200,32
posthoc_xfit,fx,bias2,0.0016732626827433705,3200,32
posthoc_xfit,fx,var,0.003704296424984932,3200,32
posthoc_xfit,fr,mspe,0.029915180057287216,3200,32
posthoc_xfit,fr,bias2,0.026210885494947433,3200,32
posthoc_xfit,fr,var,0.003704296424984932,3200,32
posthoc_xfit,fz,mspe,0.0011304912623018026,3200,32
posthoc_xfit,fz,bias2,0.00010363767069065943,3200,32
posthoc_xfit,fz,var,0.0010268535697832704,3200,32
covar,y,mspe,1.0603225231170654,3200,4
covar,y,bias2,1.0480871200561523,3200,4
covar,y,var,0.012235332280397415,3200,4
covar,fx,mspe,0.06246088072657585,3200,4
covar,fx,bias2,0.04461773857474327,3200,4
covar,fx,var,0.017843136563897133,3200,4
covar,fr,mspe,0.12910343706607819,3200,4
covar,fr,bias2,0.1112603023648262,3200,4
covar,fr,var,0.017843136563897133,3200,4
covar,fz,mspe,0.09163801372051239,3200,4
covar,fz,bias2,0.06853195279836655,3200,4
covar,fz,var,0.02310607023537159,3200,4
posthoc_xfit,y,mspe,1.010402798652649,3200,4
posthoc_xfit,y,bias2,1.0071567296981812,3200,4
posthoc_xfit,y,var,0.0032461562659591436,3200,4
posthoc_xfit,fx,mspe,0.0055683208629488945,3200,4
posthoc_xfit,fx,bias2,0.002484840340912342,3200,4
posthoc_xfit,fx,var,0.003083480056375265,3200,4
posthoc_xfit,fr,mspe,0.03233501687645912,3200,4
posthoc_xfit,fr,bias2,0.02925153449177742,3200,4
posthoc_xfit,fr,var,0.003083480056375265,3200,4
posthoc_xfit,fz,mspe,0.001711769145913422,3200,4
posthoc_xfit,fz,bias2,0.00031251751352101564,3200,4
posthoc_xfit,fz,var,0.0013992518652230501,3200,4
covar,y,mspe,1.0551626682281494,3200,512
covar,y,bias2,1.0419087409973145,3200,512
covar,y,var,0.013253957033157349,3200,512
covar,fx,mspe,0.05059637129306793,3200,512
covar,fx,bias2,0.03476996347308159,3200,512
covar,fx,var,0.015826405957341194,3200,512
covar,fr,mspe,0.11178991943597794,3200,512
covar,fr,bias2,0.09596351534128189,3200,512
covar,fr,var,0.015826405957341194,3200,512
covar,fz,mspe,0.07781409472227097,3200,512
covar,fz,bias2,0.0581764280796051,3200,512
covar,fz,var,0.019637666642665863,3200,512
posthoc_xfit,y,mspe,1.0086005926132202,3200,512
posthoc_xfit,y,bias2,1.004813551902771,3200,512
posthoc_xfit,y,var,0.0037870171945542097,3200,512
posthoc_xfit,fx,mspe,0.00506181363016367,3200,512
posthoc_xfit,fx,bias2,0.0014573578955605626,3200,512
posthoc_xfit,fx,var,0.0036044560838490725,3200,512
posthoc_xfit,fr,mspe,0.02940872684121132,3200,512
posthoc_xfit,fr,bias2,0.025804271921515465,3200,512
posthoc_xfit,fr,var,0.0036044560838490725,3200,512
posthoc_xfit,fz,mspe,0.001302984543144703,3200,512
posthoc_xfit,fz,bias2,8.762916695559397e-05,3200,512
posthoc_xfit,fz,var,0.0012153552379459143,3200,512
covar,y,mspe,1.0484286546707153,3200,64
covar,y,bias2,1.037054181098938,3200,64
covar,y,var,0.01137456763535738,3200,64
covar,fx,mspe,0.04816513881087303,3200,64
covar,fx,bias2,0.031648531556129456,3200,64
covar,fx,var,0.016516607254743576,3200,64
covar,fr,mspe,0.10744486004114151,3200,64
covar,fr,bias2,0.09092824906110764,3200,64
covar,fr,var,0.016516607254743576,3200,64
covar,fz,mspe,0.06768765300512314,3200,64
covar,fz,bias2,0.04938412830233574,3200,64
covar,fz,var,0.018303528428077698,3200,64
posthoc_xfit,y,mspe,1.0089517831802368,3200,64
posthoc_xfit,y,bias2,1.0051720142364502,3200,64
posthoc_xfit,y,var,0.003779853694140911,3200,64
posthoc_xfit,fx,mspe,0.0053875017911195755,3200,64
posthoc_xfit,fx,bias2,0.001885188277810812,3200,64
posthoc_xfit,fx,var,0.0035023135133087635,3200,64
posthoc_xfit,fr,mspe,0.031881943345069885,3200,64
posthoc_xfit,fr,bias2,0.02837962843477726,3200,64
posthoc_xfit,fr,var,0.0035023135133087635,3200,64
posthoc_xfit,fz,mspe,0.0014597652480006218,3200,64
posthoc_xfit,fz,bias2,0.0003003436722792685,3200,64
posthoc_xfit,fz,var,0.0011594216339290142,3200,64
covar,y,mspe,1.0597507953643799,3200,8
covar,y,bias2,1.0481832027435303,3200,8
covar,y,var,0.011567681096494198,3200,8
covar,fx,mspe,0.0604228675365448,3200,8
covar,fx,bias2,0.044480614364147186,3200,8
covar,fx,var,0.015942255035042763,3200,8
covar,fr,mspe,0.12703955173492432,3200,8
covar,fr,bias2,0.1110972985625267,3200,8
covar,fr,var,0.015942255035042763,3200,8
covar,fz,mspe,0.09059811383485794,3200,8
covar,fz,bias2,0.06869368255138397,3200,8
covar,fz,var,0.02190442755818367,3200,8
posthoc_xfit,y,mspe,1.0091744661331177,3200,8
posthoc_xfit,y,bias2,1.0059871673583984,3200,8
posthoc_xfit,y,var,0.003187391208484769,3200,8
posthoc_xfit,fx,mspe,0.005021314602345228,3200,8
posthoc_xfit,fx,bias2,0.002032149350270629,3200,8
posthoc_xfit,fx,var,0.0029891645535826683,3200,8
posthoc_xfit,fr,mspe,0.03147939592599869,3200,8
posthoc_xfit,fr,bias2,0.028490234166383743,3200,8
posthoc_xfit,fr,var,0.0029891645535826683,3200,8
posthoc_xfit,fz,mspe,0.0015677124029025435,3200,8
posthoc_xfit,fz,bias2,0.00027831457555294037,3200,8
posthoc_xfit,fz,var,0.0012893978273496032,3200,8
covar,y,mspe,1.0934971570968628,400,1024
covar,y,bias2,1.0534069538116455,400,1024
covar,y,var,0.040090255439281464,400,1024
covar,fx,mspe,0.07953104376792908,400,1024
covar,fx,bias2,0.037373676896095276,400,1024
covar,fx,var,0.0421573743224144,400,1024
covar,fr,mspe,0.13886208832263947,400,1024
covar,fr,bias2,0.09670472890138626,400,1024
covar,fr,var,0.0421573743224144,400,1024
covar,fz,mspe,0.09206687659025192,400,1024
covar,fz,bias2,0.06504182517528534,400,1024
covar,fz,var,0.02702505514025688,400,1024
posthoc_xfit,y,mspe,1.032086968421936,400,1024
posthoc_xfit,y,bias2,1.0054033994674683,400,1024
posthoc_xfit,y,var,0.02668348327279091,400,1024
posthoc_xfit,fx,mspe,0.027985431253910065,400,1024
posthoc_xfit,fx,bias2,0.004269072785973549,400,1024
posthoc_xfit,fx,var,0.023716358467936516,400,1024
posthoc_xfit,fr,mspe,0.04274751618504524,400,1024
posthoc_xfit,fr,bias2,0.019031155854463577,400,1024
posthoc_xfit,fr,var,0.023716358467936516,400,1024
posthoc_xfit,fz,mspe,0.010737204924225807,400,1024
posthoc_xfit,fz,bias2,6.71532325213775e-05,400,1024
posthoc_xfit,fz,var,0.010670051909983158,400,1024
covar,y,mspe,1.095950722694397,400,128
covar,y,bias2,1.0537985563278198,400,128
covar,y,var,0.04215218126773834,400,128
covar,fx,mspe,0.07424262911081314,400,128
covar,fx,bias2,0.0335114561021328,400,128
covar,fx,var,0.040731173008680344,400,128
covar,fr,mspe,0.13140778243541718,400,128
covar,fr,bias2,0.09067659080028534,400,128
covar,fr,var,0.040731173008680344,400,128
covar,fz,mspe,0.08833453804254532,400,128
covar,fz,bias2,0.0687020793557167,400,128
covar,fz,var,0.019632460549473763,400,128
posthoc_xfit,y,mspe,1.0332727432250977,400,128
posthoc_xfit,y,bias2,1.009042501449585,400,128
posthoc_xfit,y,var,0.0242302268743515,400,128
posthoc_xfit,fx,mspe,0.02578468807041645,400,128
posthoc_xfit,fx,bias2,0.005697859451174736,400,128
posthoc_xfit,fx,var,0.020086826756596565,400,128
posthoc_xfit,fr,mspe,0.04534507915377617,400,128
posthoc_xfit,fr,bias2,0.025258250534534454,400,128
posthoc_xfit,fr,var,0.020086826756596565,400,128
posthoc_xfit,fz,mspe,0.008935321122407913,400,128
posthoc_xfit,fz,bias2,8.794505993137136e-05,400,128
posthoc_xfit,fz,var,0.008847375400364399,400,128
covar,y,mspe,1.1210306882858276,400,16
covar,y,bias2,1.063297152519226,400,16
covar,y,var,0.05773361027240753,400,16
covar,fx,mspe,0.08148298412561417,400,16
covar,fx,bias2,0.02785101905465126,400,16
covar,fx,var,0.053631965070962906,400,16
covar,fr,mspe,0.13266734778881073,400,16
covar,fr,bias2,0.07903538644313812,400,16
covar,fr,var,0.053631965070962906,400,16
covar,fz,mspe,0.09318830817937851,400,16
covar,fz,bias2,0.0761728584766388,400,16
covar,fz,var,0.017015447840094566,400,16
posthoc_xfit,y,mspe,1.0314459800720215,400,16
posthoc_xfit,y,bias2,1.0079147815704346,400,16
posthoc_xfit,y,var,0.023531222715973854,400,16
posthoc_xfit,fx,mspe,0.025493236258625984,400,16
posthoc_xfit,fx,bias2,0.006567427888512611,400,16
posthoc_xfit,fx,var,0.018925808370113373,400,16
posthoc_xfit,fr,mspe,0.0429820716381073,400,16
posthoc_xfit,fr,bias2,0.024056266993284225,400,16
posthoc_xfit,fr,var,0.018925808370113373,400,16
posthoc_xfit,fz,mspe,0.008136067539453506,400,16
posthoc_xfit,fz,bias2,1.5193057834039791e-06,400,16
posthoc_xfit,fz,var,0.008134548552334309,400,16
covar,y,mspe,1.1352380514144897,400,2
covar,y,bias2,1.0680465698242188,400,2
covar,y,var,0.06719140708446503,400,2
covar,fx,mspe,0.0835857167840004,400,2
covar,fx,bias2,0.024471409618854523,400,2
covar,fx,var,0.059114303439855576,400,2
covar,fr,mspe,0.12463870644569397,400,2
covar,fr,bias2,0.06552440673112869,400,2
covar,fr,var,0.059114303439855576,400,2
covar,fz,mspe,0.09234537184238434,400,2
covar,fz,bias2,0.06617019325494766,400,2
covar,fz,var,0.026175182312726974,400,2
posthoc_xfit,y,mspe,1.0339136123657227,400,2
posthoc_xfit,y,bias2,1.0139158964157104,400,2
posthoc_xfit,y,var,0.01999790593981743,400,2
posthoc_xfit,fx,mspe,0.02837965078651905,400,2
posthoc_xfit,fx,bias2,0.013467027805745602,400,2
posthoc_xfit,fx,var,0.014912622049450874,400,2
posthoc_xfit,fr,mspe,0.045145805925130844,400,2
posthoc_xfit,fr,bias2,0.030233187600970268,400,2
posthoc_xfit,fr,var,0.014912622049450874,400,2
posthoc_xfit,fz,mspe,0.008555705659091473,400,2
posthoc_xfit,fz,bias2,1.4414728866540827e-05,400,2
posthoc_xfit,fz,var,0.008541290648281574,400,2
covar,y,mspe,1.1285525560379028,400,256
covar,y,bias2,1.0669145584106445,400,256
covar,y,var,0.06163798272609711,400,256
covar,fx,mspe,0.09041538089513779,400,256
covar,fx,bias2,0.032170459628105164,400,256
covar,fx,var,0.05824492499232292,400,256
covar,fr,mspe,0.14449769258499146,400,256
covar,fr,bias2,0.08625276386737823,400,256
covar,fr,var,0.05824492499232292,400,256
covar,fz,mspe,0.10089772939682007,400,256
covar,fz,bias2,0.08126351237297058,400,256
covar,fz,var,0.019634218886494637,400,256
posthoc_xfit,y,mspe,1.0331977605819702,400,256
posthoc_xfit,y,bias2,1.0101476907730103,400,256
posthoc_xfit,y,var,0.023050058633089066,400,256
posthoc_xfit,fx,mspe,0.026947150006890297,400,256
posthoc_xfit,fx,bias2,0.007448608987033367,400,256
posthoc_xfit,fx,var,0.019498543813824654,400,256
posthoc_xfit,fr,mspe,0.04221164062619209,400,256
posthoc_xfit,fr,bias2,0.022713102400302887,400,256
posthoc_xfit,fr,var,0.019498543813824654,400,256
posthoc_xfit,fz,mspe,0.007425976917147636,400,256
posthoc_xfit,fz,bias2,7.634357461938635e-05,400,256
posthoc_xfit,fz,var,0.007349634077399969,400,256
covar,y,mspe,1.1006214618682861,400,32
covar,y,bias2,1.054936408996582,400,32
covar,y,var,0.04568496719002724,400,32
covar,fx,mspe,0.06901413202285767,400,32
covar,fx,bias2,0.028607089072465897,400,32
covar,fx,var,0.04040703922510147,400,32
covar,fr,mspe,0.12215092778205872,400,32
covar,fr,bias2,0.08174388855695724,400,32
covar,fr,var,0.04040703922510147,400,32
covar,fz,mspe,0.08800206333398819,400,32
covar,fz,bias2,0.06543584913015366,400,32
covar,fz,var,0.022566210478544235,400,32
posthoc_xfit,y,mspe,1.0346579551696777,400,32
posthoc_xfit,y,bias2,1.0091110467910767,400,32
posthoc_xfit,y,var,0.025546999648213387,400,32
posthoc_xfit,fx,mspe,0.02800785005092621,400,32
posthoc_xfit,fx,bias2,0.0075220935977995396,400,32
posthoc_xfit,fx,var,0.020485756918787956,400,32
posthoc_xfit,fr,mspe,0.044180646538734436,400,32
posthoc_xfit,fr,bias2,0.02369488775730133,400,32
posthoc_xfit,fr,var,0.020485756918787956,400,32
posthoc_xfit,fz,mspe,0.008691959083080292,400,32
posthoc_xfit,fz,bias2,1.889997838588897e-05,400,32
posthoc_xfit,fz,var,0.00867305975407362,400,32
covar,y,mspe,1.1584440469741821,400,4
covar,y,bias2,1.0864044427871704,400,4
covar,y,var,0.07203962653875351,400,4
covar,fx,mspe,0.08734685182571411,400,4
covar,fx,bias2,0.028069430962204933,400,4
covar,fx,var,0.05927741155028343,400,4
covar,fr,mspe,0.13543784618377686,400,4
covar,fr,bias2,0.07616043090820312,400,4
covar,fr,var,0.05927741155028343,400,4
covar,fz,mspe,0.12672872841358185,400,4
covar,fz,bias2,0.1011146605014801,400,4
covar,fz,var,0.025614064186811447,400,4
posthoc_xfit,y,mspe,1.028908371925354,400,4
posthoc_xfit,y,bias2,1.0096899271011353,400,4
posthoc_xfit,y,var,0.01921841688454151,400,4
posthoc_xfit,fx,mspe,0.02394336275756359,400,4
posthoc_xfit,fx,bias2,0.009543139487504959,400,4
posthoc_xfit,fx,var,0.014400225132703781,400,4
posthoc_xfit,fr,mspe,0.038835376501083374,400,4
posthoc_xfit,fr,bias2,0.02443515695631504,400,4
posthoc_xfit,fr,var,0.014400225132703781,400,4
posthoc_xfit,fz,mspe,0.008204945363104343,400,4
posthoc_xfit,fz,bias2,0.00012891656660940498,400,4
posthoc_xfit,fz,var,0.008076028898358345,400,4
covar,y,mspe,1.1118762493133545,400,512
covar,y,bias2,1.0664674043655396,400,512
covar,y,var,0.04540887847542763,400,512
covar,fx,mspe,0.09009027481079102,400,512
covar,fx,bias2,0.03984716534614563,400,512
covar,fx,var,0.050243109464645386,400,512
covar,fr,mspe,0.14881697297096252,400,512
covar,fr,bias2,0.09857387840747833,400,512
covar,fr,var,0.050243109464645386,400,512
covar,fz,mspe,0.11040104180574417,400,512
covar,fz,bias2,0.08498446643352509,400,512
covar,fz,var,0.025416575372219086,400,512
posthoc_xfit,y,mspe,1.0322184562683105,400,512
posthoc_xfit,y,bias2,1.0056748390197754,400,512
posthoc_xfit,y,var,0.026543568819761276,400,512
posthoc_xfit,fx,mspe,0.028437137603759766,400,512
posthoc_xfit,fx,bias2,0.004801558330655098,400,512
posthoc_xfit,fx,var,0.02363557741045952,400,512
posthoc_xfit,fr,mspe,0.045712340623140335,400,512
posthoc_xfit,fr,bias2,0.022076763212680817,400,512
posthoc_xfit,fr,var,0.02363557741045952,400,512
posthoc_xfit,fz,mspe,0.009355634450912476,400,512
posthoc_xfit,fz,bias2,1.5572321672152611e-06,400,512
posthoc_xfit,fz,var,0.009354077279567719,400,512
covar,y,mspe,1.0936354398727417,400,64
covar,y,bias2,1.0516060590744019,400,64
covar,y,var,0.04202932491898537,400,64
covar,fx,mspe,0.07427284866571426,400,64
covar,fx,bias2,0.036567892879247665,400,64
covar,fx,var,0.0377049595117569,400,64
covar,fr,mspe,0.13312101364135742,400,64
covar,fr,bias2,0.09541604667901993,400,64
covar,fr,var,0.0377049595117569,400,64
covar,fz,mspe,0.08872316032648087,400,64
covar,fz,bias2,0.0635867565870285,400,64
covar,fz,var,0.025136392563581467,400,64
posthoc_xfit,y,mspe,1.0362635850906372,400,64
posthoc_xfit,y,bias2,1.0102496147155762,400,64
posthoc_xfit,y,var,0.026014097034931183,400,64
posthoc_xfit,fx,mspe,0.028479907661676407,400,64
posthoc_xfit,fx,bias2,0.006728419102728367,400,64
posthoc_xfit,fx,var,0.021751489490270615,400,64
posthoc_xfit,fr,mspe,0.049797989428043365,400,64
posthoc_xfit,fr,bias2,0.0280464980751276,400,64
posthoc_xfit,fr,var,0.021751489490270615,400,64
posthoc_xfit,fz,mspe,0.009839178062975407,400,64
posthoc_xfit,fz,bias2,0.0002474743814673275,400,64
posthoc_xfit,fz,var,0.009591704234480858,400,64
covar,y,mspe,1.1747536659240723,400,8
covar,y,bias2,1.0943621397018433,400,8
covar,y,var,0.08039151877164841,400,8
covar,fx,mspe,0.09011419117450714,400,8
covar,fx,bias2,0.02729271724820137,400,8
covar,fx,var,0.06282147020101547,400,8
covar,fr,mspe,0.13307006657123566,400,8
covar,fr,bias2,0.07024861127138138,400,8
covar,fr,var,0.06282147020101547,400,8
covar,fz,mspe,0.12516745924949646,400,8
covar,fz,bias2,0.09881129860877991,400,8
covar,fz,var,0.026356162503361702,400,8
posthoc_xfit,y,mspe,1.0292812585830688,400,8
posthoc_xfit,y,bias2,1.0078697204589844,400,8
posthoc_xfit,y,var,0.02141144685447216,400,8
posthoc_xfit,fx,mspe,0.024910416454076767,400,8
posthoc_xfit,fx,bias2,0.00727095315232873,400,8
posthoc_xfit,fx,var,0.017639463767409325,400,8
posthoc_xfit,fr,mspe,0.04370588809251785,400,8
posthoc_xfit,fr,bias2,0.02606642246246338,400,8
posthoc_xfit,fr,var,0.017639463767409325,400,8
posthoc_xfit,fz,mspe,0.008172630332410336,400,8
posthoc_xfit,fz,bias2,2.984206184919458e-05,400,8
posthoc_xfit,fz,var,0.008142788894474506,400,8
covar,y,mspe,1.062290906906128,6400,1024
covar,y,bias2,1.0517058372497559,6400,1024
covar,y,var,0.010585184209048748,6400,1024
covar,fx,mspe,0.06535384804010391,6400,1024
covar,fx,bias2,0.04991355910897255,6400,1024
covar,fx,var,0.015440290793776512,6400,1024
covar,fr,mspe,0.13504323363304138,6400,1024
covar,fr,bias2,0.11960294842720032,6400,1024
covar,fr,var,0.015440290793776512,6400,1024
covar,fz,mspe,0.10090219229459763,6400,1024
covar,fz,bias2,0.0808718129992485,6400,1024
covar,fz,var,0.02003037929534912,6400,1024
posthoc_xfit,y,mspe,1.0059809684753418,6400,1024
posthoc_xfit,y,bias2,1.003889799118042,6400,1024
posthoc_xfit,y,var,0.0020912315230816603,6400,1024
posthoc_xfit,fx,mspe,0.0029235249385237694,6400,1024
posthoc_xfit,fx,bias2,0.0007194736390374601,6400,1024
posthoc_xfit,fx,var,0.0022040512412786484,6400,1024
posthoc_xfit,fr,mspe,0.026075143367052078,6400,1024
posthoc_xfit,fr,bias2,0.02387109212577343,6400,1024
posthoc_xfit,fr,var,0.0022040512412786484,6400,1024
posthoc_xfit,fz,mspe,0.0009778697276487947,6400,1024
posthoc_xfit,fz,bias2,0.0002747552061919123,6400,1024
posthoc_xfit,fz,var,0.0007031145505607128,6400,1024
covar,y,mspe,1.0294005870819092,6400,128
covar,y,bias2,1.0228204727172852,6400,128
covar,y,var,0.006580080837011337,6400,128
covar,fx,mspe,0.0242222361266613,6400,128
covar,fx,bias2,0.015920795500278473,6400,128
covar,fx,var,0.008301438763737679,6400,128
covar,fr,mspe,0.07197927683591843,6400,128
covar,fr,bias2,0.0636778324842453,6400,128
covar,fr,var,0.008301438763737679,6400,128
covar,fz,mspe,0.03402997925877571,6400,128
covar,fz,bias2,0.02574727311730385,6400,128
covar,fz,var,0.008282705210149288,6400,128
posthoc_xfit,y,mspe,1.0069608688354492,6400,128
posthoc_xfit,y,bias2,1.0045225620269775,6400,128
posthoc_xfit,y,var,0.002438351744785905,6400,128
posthoc_xfit,fx,mspe,0.0035868145059794188,6400,128
posthoc_xfit,fx,bias2,0.0009054354741238058,6400,128
posthoc_xfit,fx,var,0.002681378973647952,6400,128
posthoc_xfit,fr,mspe,0.02795105241239071,6400,128
posthoc_xfit,fr,bias2,0.02526967041194439,6400,128
posthoc_xfit,fr,var,0.002681378973647952,6400,128
posthoc_xfit,fz,mspe,0.0012468979693949223,6400,128
posthoc_xfit,fz,bias2,0.00044775017886422575,6400,128
posthoc_xfit,fz,var,0.0007991478778421879,6400,128
covar,y,mspe,1.0377521514892578,6400,16
covar,y,bias2,1.0298460721969604,6400,16
covar,y,var,0.007906178012490273,6400,16
covar,fx,mspe,0.036066703498363495,6400,16
covar,fx,bias2,0.023742031306028366,6400,16
covar,fx,var,0.012324672192335129,6400,16
covar,fr,mspe,0.09003536403179169,6400,16
covar,fr,bias2,0.07771068811416626,6400,16
covar,fr,var,0.012324672192335129,6400,16
covar,fz,mspe,0.05312064290046692,6400,16
covar,fz,bias2,0.038028523325920105,6400,16
covar,fz,var,0.015092117711901665,6400,16
posthoc_xfit,y,mspe,1.00681471824646,6400,16
posthoc_xfit,y,bias2,1.00459623336792,6400,16
posthoc_xfit,y,var,0.002218408975750208,6400,16
posthoc_xfit,fx,mspe,0.003261205740272999,6400,16
posthoc_xfit,fx,bias2,0.0008479105890728533,6400,16
posthoc_xfit,fx,var,0.00241329544223845,6400,16
posthoc_xfit,fr,mspe,0.027218565344810486,6400,16
posthoc_xfit,fr,bias2,0.02480527013540268,6400,16
posthoc_xfit,fr,var,0.00241329544223845,6400,16
posthoc_xfit,fz,mspe,0.0011556203244253993,6400,16
posthoc_xfit,fz,bias2,0.00037251479807309806,6400,16
posthoc_xfit,fz,var,0.0007831054972484708,6400,16
covar,y,mspe,1.031751275062561,6400,2
covar,y,bias2,1.0252267122268677,6400,2
covar,y,var,0.006524423137307167,6400,2
covar,fx,mspe,0.02805088460445404,6400,2
covar,fx,bias2,0.018960604444146156,6400,2
covar,fx,var,0.009090280160307884,6400,2
covar,fr,mspe,0.078169085085392,6400,2
covar,fr,bias2,0.06907880306243896,6400,2
covar,fr,var,0.009090280160307884,6400,2
covar,fz,mspe,0.04014192521572113,6400,2
covar,fz,bias2,0.028697211295366287,6400,2
covar,fz,var,0.011444712057709694,6400,2
posthoc_xfit,y,mspe,1.0151662826538086,6400,2
posthoc_xfit,y,bias2,1.0128875970840454,6400,2
posthoc_xfit,y,var,0.0022788182832300663,6400,2
posthoc_xfit,fx,mspe,0.01114354096353054,6400,2
posthoc_xfit,fx,bias2,0.008447028696537018,6400,2
posthoc_xfit,fx,var,0.0026965129654854536,6400,2
posthoc_xfit,fr,mspe,0.04723213240504265,6400,2
posthoc_xfit,fr,bias2,0.044535622000694275,6400,2
posthoc_xfit,fr,var,0.0026965129654854536,6400,2
posthoc_xfit,fz,mspe,0.0052031660452485085,6400,2
posthoc_xfit,fz,bias2,0.004031518008559942,6400,2
posthoc_xfit,fz,var,0.0011716486187651753,6400,2
covar,y,mspe,1.0187218189239502,6400,256
covar,y,bias2,1.0089836120605469,6400,256
covar,y,var,0.009738163091242313,6400,256
covar,fx,mspe,0.014250452630221844,6400,256
covar,fx,bias2,0.0026488378643989563,6400,256
covar,fx,var,0.011601614765822887,6400,256
covar,fr,mspe,0.043905388563871384,6400,256
covar,fr,bias2,0.03230377286672592,6400,256
covar,fr,var,0.011601614765822887,6400,256
covar,fz,mspe,0.010492248460650444,6400,256
covar,fz,bias2,0.004244558047503233,6400,256
covar,fz,var,0.006247690878808498,6400,256
posthoc_xfit,y,mspe,1.0076419115066528,6400,256
posthoc_xfit,y,bias2,1.0049159526824951,6400,256
posthoc_xfit,y,var,0.0027259441558271646,6400,256
posthoc_xfit,fx,mspe,0.003590927692130208,6400,256
posthoc_xfit,fx,bias2,0.000660341524053365,6400,256
posthoc_xfit,fx,var,0.002930586226284504,6400,256
posthoc_xfit,fr,mspe,0.025523977354168892,6400,256
posthoc_xfit,fr,bias2,0.022593390196561813,6400,256
posthoc_xfit,fr,var,0.002930586226284504,6400,256
posthoc_xfit,fz,mspe,0.000911427428945899,6400,256
posthoc_xfit,fz,bias2,0.0001733902026899159,6400,256
posthoc_xfit,fz,var,0.0007380372262559831,6400,256
covar,y,mspe,1.014927864074707,6400,32
covar,y,bias2,1.0083390474319458,6400,32
covar,y,var,0.006588646210730076,6400,32
covar,fx,mspe,0.00966739747673273,6400,32
covar,fx,bias2,0.002283012494444847,6400,32
covar,fx,var,0.007384384982287884,6400,32
covar,fr,mspe,0.03892456367611885,6400,32
covar,fr,bias2,0.03154018148779869,6400,32
covar,fr,var,0.007384384982287884,6400,32
covar,fz,mspe,0.006992323324084282,6400,32
covar,fz,bias2,0.0037854439578950405,6400,32
covar,fz,var,0.003206879599019885,6400,32
posthoc_xfit,y,mspe,1.0073591470718384,6400,32
posthoc_xfit,y,bias2,1.0045987367630005,6400,32
posthoc_xfit,y,var,0.0027604743372648954,6400,32
posthoc_xfit,fx,mspe,0.003728916635736823,6400,32
posthoc_xfit,fx,bias2,0.0007593759219162166,6400,32
posthoc_xfit,fx,var,0.002969540422782302,6400,32
posthoc_xfit,fr,mspe,0.027233244851231575,6400,32
posthoc_xfit,fr,bias2,0.02426370605826378,6400,32
posthoc_xfit,fr,var,0.002969540422782302,6400,32
posthoc_xfit,fz,mspe,0.0011510382173582911,6400,32
posthoc_xfit,fz,bias2,0.0003385777527000755,6400,32
posthoc_xfit,fz,var,0.0008124606101773679,6400,32
covar,y,mspe,1.041110634803772,6400,4
covar,y,bias2,1.0330051183700562,6400,4
covar,y,var,0.008105551823973656,6400,4
covar,fx,mspe,0.04048541933298111,6400,4
covar,fx,bias2,0.028080010786652565,6400,4
covar,fx,var,0.01240540947765112,6400,4
covar,fr,mspe,0.09740854054689407,6400,4
covar,fr,bias2,0.08500313013792038,6400,4
covar,fr,var,0.01240540947765112,6400,4
covar,fz,mspe,0.05959432199597359,6400,4
covar,fz,bias2,0.043499499559402466,6400,4
covar,fz,var,0.01609482616186142,6400,4
posthoc_xfit,y,mspe,1.0086623430252075,6400,4
posthoc_xfit,y,bias2,1.0065370798110962,6400,4
posthoc_xfit,y,var,0.0021252178121358156,6400,4
posthoc_xfit,fx,mspe,0.004012334160506725,6400,4
posthoc_xfit,fx,bias2,0.001675217761658132,6400,4
posthoc_xfit,fx,var,0.002337116515263915,6400,4
posthoc_xfit,fr,mspe,0.02972334623336792,6400,4
posthoc_xfit,fr,bias2,0.02738623134791851,6400,4
posthoc_xfit,fr,var,0.002337116515263915,6400,4
posthoc_xfit,fz,mspe,0.00146097328979522,6400,4
posthoc_xfit,fz,bias2,0.0006703468970954418,6400,4
posthoc_xfit,fz,var,0.0007906261598691344,6400,4
covar,y,mspe,1.0245591402053833,6400,512
covar,y,bias2,1.0184797048568726,6400,512
covar,y,var,0.0060795568861067295,6400,512
covar,fx,mspe,0.019685624167323112,6400,512
covar,fx,bias2,0.011530501767992973,6400,512
covar,fx,var,0.008155123330652714,6400,512
covar,fr,mspe,0.06313226372003555,6400,512
covar,fr,bias2,0.05497714504599571,6400,512
covar,fr,var,0.008155123330652714,6400,512
covar,fz,mspe,0.025186778977513313,6400,512
covar,fz,bias2,0.017877865582704544,6400,512
covar,fz,var,0.0073089138604700565,6400,512
posthoc_xfit,y,mspe,1.0061521530151367,6400,512
posthoc_xfit,y,bias2,1.0037025213241577,6400,512
posthoc_xfit,y,var,0.0024495467077940702,6400,512
posthoc_xfit,fx,mspe,0.0033207463566213846,6400,512
posthoc_xfit,fx,bias2,0.0007645093137398362,6400,512
posthoc_xfit,fx,var,0.0025562369264662266,6400,512
posthoc_xfit,fr,mspe,0.026691604405641556,6400,512
posthoc_xfit,fr,bias2,0.024135366082191467,6400,512
posthoc_xfit,fr,var,0.0025562369264662266,6400,512
posthoc_xfit,fz,mspe,0.0010027654934674501,6400,512
posthoc_xfit,fz,bias2,0.00031321958522312343,6400,512
posthoc_xfit,fz,var,0.0006895457045175135,6400,512
covar,y,mspe,1.0217205286026,6400,64
covar,y,bias2,1.016856074333191,6400,64
covar,y,var,0.004864591173827648,6400,64
covar,fx,mspe,0.015776777639985085,6400,64
covar,fx,bias2,0.010108806192874908,6400,64
covar,fx,var,0.005667971447110176,6400,64
covar,fr,mspe,0.05770498141646385,6400,64
covar,fr,bias2,0.052037011831998825,6400,64
covar,fr,var,0.005667971447110176,6400,64
covar,fz,mspe,0.020764360204339027,6400,64
covar,fz,bias2,0.01675095036625862,6400,64
covar,fz,var,0.004013411700725555,6400,64
posthoc_xfit,y,mspe,1.0071641206741333,6400,64
posthoc_xfit,y,bias2,1.0046693086624146,6400,64
posthoc_xfit,y,var,0.0024948494974523783,6400,64
posthoc_xfit,fx,mspe,0.00357226375490427,6400,64
posthoc_xfit,fx,bias2,0.0009053002577275038,6400,64
posthoc_xfit,fx,var,0.00266696373000741,6400,64
posthoc_xfit,fr,mspe,0.027921529486775398,6400,64
posthoc_xfit,fr,bias2,0.025254564359784126,6400,64
posthoc_xfit,fr,var,0.00266696373000741,6400,64
posthoc_xfit,fz,mspe,0.0012154483702033758,6400,64
posthoc_xfit,fz,bias2,0.000448220525868237,6400,64
posthoc_xfit,fz,var,0.0007672280189581215,6400,64
covar,y,mspe,1.053073763847351,6400,8
covar,y,bias2,1.0453667640686035,6400,8
covar,y,var,0.007706889882683754,6400,8
covar,fx,mspe,0.05482393130660057,6400,8
covar,fx,bias2,0.04324927181005478,6400,8
covar,fx,var,0.011574656702578068,6400,8
covar,fr,mspe,0.12089862674474716,6400,8
covar,fr,bias2,0.10932397842407227,6400,8
covar,fr,var,0.011574656702578068,6400,8
covar,fz,mspe,0.08149311691522598,6400,8
covar,fz,bias2,0.06732591986656189,6400,8
covar,fz,var,0.014167198911309242,6400,8
posthoc_xfit,y,mspe,1.0071772336959839,6400,8
posthoc_xfit,y,bias2,1.0048736333847046,6400,8
posthoc_xfit,y,var,0.002303570741787553,6400,8
posthoc_xfit,fx,mspe,0.0035594480577856302,6400,8
posthoc_xfit,fx,bias2,0.0009532698895782232,6400,8
posthoc_xfit,fx,var,0.002606178168207407,6400,8
posthoc_xfit,fr,mspe,0.02773010917007923,6400,8
posthoc_xfit,fr,bias2,0.02512393146753311,6400,8
posthoc_xfit,fr,var,0.002606178168207407,6400,8
posthoc_xfit,fz,mspe,0.0013210199540480971,6400,8
posthoc_xfit,fz,bias2,0.0004061168001499027,6400,8
posthoc_xfit,fz,var,0.0009149031830020249,6400,8
covar,y,mspe,1.0830986499786377,800,1024
covar,y,bias2,1.0609179735183716,800,1024
covar,y,var,0.022180628031492233,800,1024
covar,fx,mspe,0.07968814671039581,800,1024
covar,fx,bias2,0.055423662066459656,800,1024
covar,fx,var,0.024264486506581306,800,1024
covar,fr,mspe,0.15098732709884644,800,1024
covar,fr,bias2,0.12672284245491028,800,1024
covar,fr,var,0.024264486506581306,800,1024
covar,fz,mspe,0.11044212430715561,800,1024
covar,fz,bias2,0.08813872188329697,800,1024
covar,fz,var,0.022303404286503792,800,1024
posthoc_xfit,y,mspe,1.015604019165039,800,1024
posthoc_xfit,y,bias2,1.0040751695632935,800,1024
posthoc_xfit,y,var,0.011528890579938889,800,1024
posthoc_xfit,fx,mspe,0.012903060764074326,800,1024
posthoc_xfit,fx,bias2,0.0021765355486422777,800,1024
posthoc_xfit,fx,var,0.010726525448262691,800,1024
posthoc_xfit,fr,mspe,0.03471438214182854,800,1024
posthoc_xfit,fr,bias2,0.02398785576224327,800,1024
posthoc_xfit,fr,var,0.010726525448262691,800,1024
posthoc_xfit,fz,mspe,0.005524957086890936,800,1024
posthoc_xfit,fz,bias2,7.879422696532856e-07,800,1024
posthoc_xfit,fz,var,0.005524169187992811,800,1024
covar,y,mspe,1.0646823644638062,800,128
covar,y,bias2,1.042267918586731,800,128
covar,y,var,0.022414470091462135,800,128
covar,fx,mspe,0.059768036007881165,800,128
covar,fx,bias2,0.035583797842264175,800,128
covar,fx,var,0.02418423816561699,800,128
covar,fr,mspe,0.12096235156059265,800,128
covar,fr,bias2,0.09677812457084656,800,128
covar,fr,var,0.02418423816561699,800,128
covar,fz,mspe,0.07309707999229431,800,128
covar,fz,bias2,0.05669424682855606,800,128
covar,fz,var,0.0164028350263834,800,128
posthoc_xfit,y,mspe,1.0176725387573242,800,128
posthoc_xfit,y,bias2,1.0062668323516846,800,128
posthoc_xfit,y,var,0.011405669152736664,800,128
posthoc_xfit,fx,mspe,0.013647010549902916,800,128
posthoc_xfit,fx,bias2,0.00329656433314085,800,128
posthoc_xfit,fx,var,0.010350444354116917,800,128
posthoc_xfit,fr,mspe,0.03886018320918083,800,128
posthoc_xfit,fr,bias2,0.02850973792374134,800,128
posthoc_xfit,fr,var,0.010350444354116917,800,128
posthoc_xfit,fz,mspe,0.004902699030935764,800,128
posthoc_xfit,fz,bias2,0.00012728862930089235,800,128
posthoc_xfit,fz,var,0.004775410518050194,800,128
covar,y,mspe,1.0803608894348145,800,16
covar,y,bias2,1.060279130935669,800,16
covar,y,var,0.02008184976875782,800,16
covar,fx,mspe,0.077100969851017,800,16
covar,fx,bias2,0.05342859774827957,800,16
covar,fx,var,0.023672373965382576,800,16
covar,fr,mspe,0.14729341864585876,800,16
covar,fr,bias2,0.12362105399370193,800,16
covar,fr,var,0.023672373965382576,800,16
covar,fz,mspe,0.10907970368862152,800,16
covar,fz,bias2,0.08662431687116623,800,16
covar,fz,var,0.022455401718616486,800,16
posthoc_xfit,y,mspe,1.017379641532898,800,16
posthoc_xfit,y,bias2,1.0067386627197266,800,16
posthoc_xfit,y,var,0.010641059838235378,800,16
posthoc_xfit,fx,mspe,0.012684071436524391,800,16
posthoc_xfit,fx,bias2,0.0031755580566823483,800,16
posthoc_xfit,fx,var,0.00950851384550333,800,16
posthoc_xfit,fr,mspe,0.03669638931751251,800,16
posthoc_xfit,fr,bias2,0.027187876403331757,800,16
posthoc_xfit,fr,var,0.00950851384550333,800,16
posthoc_xfit,fz,mspe,0.004898342303931713,800,16
posthoc_xfit,fz,bias2,6.109211244620383e-05,800,16
posthoc_xfit,fz,var,0.0048372503370046616,800,16
covar,y,mspe,1.0754755735397339,800,2
covar,y,bias2,1.0511770248413086,800,2
covar,y,var,0.02429862506687641,800,2
covar,fx,mspe,0.07169077545404434,800,2
covar,fx,bias2,0.04028657078742981,800,2
covar,fx,var,0.03140421211719513,800,2
covar,fr,mspe,0.13429321348667145,800,2
covar,fr,bias2,0.10288900136947632,800,2
covar,fr,var,0.03140421211719513,800,2
covar,fz,mspe,0.09481117874383926,800,2
covar,fz,bias2,0.06608197838068008,800,2
covar,fz,var,0.028729191049933434,800,2
posthoc_xfit,y,mspe,1.0240315198898315,800,2
posthoc_xfit,y,bias2,1.0131347179412842,800,2
posthoc_xfit,y,var,0.010896929539740086,800,2
posthoc_xfit,fx,mspe,0.01898677460849285,800,2
posthoc_xfit,fx,bias2,0.008492895402014256,800,2
posthoc_xfit,fx,var,0.010493879206478596,800,2
posthoc_xfit,fr,mspe,0.04524227976799011,800,2
posthoc_xfit,fr,bias2,0.03474839776754379,800,2
posthoc_xfit,fr,var,0.010493879206478596,800,2
posthoc_xfit,fz,mspe,0.005960091948509216,800,2
posthoc_xfit,fz,bias2,0.0002098963741445914,800,2
posthoc_xfit,fz,var,0.0057501960545778275,800,2
covar,y,mspe,1.0818861722946167,800,256
covar,y,bias2,1.0418455600738525,800,256
covar,y,var,0.040040768682956696,800,256
covar,fx,mspe,0.07269735634326935,800,256
covar,fx,bias2,0.023004598915576935,800,256
covar,fx,var,0.049692753702402115,800,256
covar,fr,mspe,0.12216146290302277,800,256
covar,fr,bias2,0.07246870547533035,800,256
covar,fr,var,0.049692753702402115,800,256
covar,fz,mspe,0.08367832005023956,800,256
covar,fz,bias2,0.04940542206168175,800,256
covar,fz,var,0.03427290543913841,800,256
posthoc_xfit,y,mspe,1.0193467140197754,800,256
posthoc_xfit,y,bias2,1.0068833827972412,800,256
posthoc_xfit,y,var,0.012463400140404701,800,256
posthoc_xfit,fx,mspe,0.014447260648012161,800,256
posthoc_xfit,fx,bias2,0.003366383956745267,800,256
posthoc_xfit,fx,var,0.011080877855420113,800,256
posthoc_xfit,fr,mspe,0.0354933924973011,800,256
posthoc_xfit,fr,bias2,0.02441251464188099,800,256
posthoc_xfit,fr,var,0.011080877855420113,800,256
posthoc_xfit,fz,mspe,0.004938648547977209,800,256
posthoc_xfit,fz,bias2,6.657392987108324e-06,800,256
posthoc_xfit,fz,var,0.004931990522891283,800,256
covar,y,mspe,1.0686715841293335,800,32
covar,y,bias2,1.0444163084030151,800,32
covar,y,var,0.024255327880382538,800,32
covar,fx,mspe,0.06431159377098083,800,32
covar,fx,bias2,0.038067106157541275,800,32
covar,fx,var,0.026244493201375008,800,32
covar,fr,mspe,0.1269817352294922,800,32
covar,fr,bias2,0.10073724389076233,800,32
covar,fr,var,0.026244493201375008,800,32
covar,fz,mspe,0.07830232381820679,800,32
covar,fz,bias2,0.06113636493682861,800,32
covar,fz,var,0.017165957018733025,800,32
posthoc_xfit,y,mspe,1.0203078985214233,800,32
posthoc_xfit,y,bias2,1.0078073740005493,800,32
posthoc_xfit,y,var,0.012500554323196411,800,32
posthoc_xfit,fx,mspe,0.01547724287956953,800,32
posthoc_xfit,fx,bias2,0.004314643796533346,800,32
posthoc_xfit,fx,var,0.011162597686052322,800,32
posthoc_xfit,fr,mspe,0.03859977424144745,800,32
posthoc_xfit,fr,bias2,0.027437174692749977,800,32
posthoc_xfit,fr,var,0.011162597686052322,800,32
posthoc_xfit,fz,mspe,0.005482715554535389,800,32
posthoc_xfit,fz,bias2,3.821339851128869e-05,800,32
posthoc_xfit,fz,var,0.005444502457976341,800,32
covar,y,mspe,1.0798639059066772,800,4
covar,y,bias2,1.0577101707458496,800,4
covar,y,var,0.022153683006763458,800,4
covar,fx,mspe,0.07798273116350174,800,4
covar,fx,bias2,0.05031328275799751,800,4
covar,fx,var,0.027669453993439674,800,4
covar,fr,mspe,0.14618496596813202,800,4
covar,fr,bias2,0.1185154989361763,800,4
covar,fr,var,0.027669453993439674,800,4
covar,fz,mspe,0.10826274007558823,800,4
covar,fz,bias2,0.07983484864234924,800,4
covar,fz,var,0.028427887707948685,800,4
posthoc_xfit,y,mspe,1.0191185474395752,800,4
posthoc_xfit,y,bias2,1.0077664852142334,800,4
posthoc_xfit,y,var,0.011352088302373886,800,4
posthoc_xfit,fx,mspe,0.014475677162408829,800,4
posthoc_xfit,fx,bias2,0.004214517306536436,800,4
posthoc_xfit,fx,var,0.010261159390211105,800,4
posthoc_xfit,fr,mspe,0.036201391369104385,800,4
posthoc_xfit,fr,bias2,0.02594022825360298,800,4
posthoc_xfit,fr,var,0.010261159390211105,800,4
posthoc_xfit,fz,mspe,0.005880394019186497,800,4
posthoc_xfit,fz,bias2,2.158361439796863e-06,800,4
posthoc_xfit,fz,var,0.005878235679119825,800,4
covar,y,mspe,1.0704295635223389,800,512
covar,y,bias2,1.0466827154159546,800,512
covar,y,var,0.023746870458126068,800,512
covar,fx,mspe,0.06379667669534683,800,512
covar,fx,bias2,0.035956159234046936,800,512
covar,fx,var,0.027840519323945045,800,512
covar,fr,mspe,0.12466470897197723,800,512
covar,fr,bias2,0.09682417660951614,800,512
covar,fr,var,0.027840519323945045,800,512
covar,fz,mspe,0.08707333356142044,800,512
covar,fz,bias2,0.06435045599937439,800,512
covar,fz,var,0.0227228831499815,800,512
posthoc_xfit,y,mspe,1.017136573791504,800,512
posthoc_xfit,y,bias2,1.0052045583724976,800,512
posthoc_xfit,y,var,0.011932052671909332,800,512
posthoc_xfit,fx,mspe,0.013722567819058895,800,512
posthoc_xfit,fx,bias2,0.002676629927009344,800,512
posthoc_xfit,fx,var,0.011045936495065689,800,512
posthoc_xfit,fr,mspe,0.03765758126974106,800,512
posthoc_xfit,fr,bias2,0.02661164477467537,800,512
posthoc_xfit,fr,var,0.011045936495065689,800,512
posthoc_xfit,fz,mspe,0.005279258359223604,800,512
posthoc_xfit,fz,bias2,5.6149692682083696e-05,800,512
posthoc_xfit,fz,var,0.00522310845553875,800,512
covar,y,mspe,1.0810303688049316,800,64
covar,y,bias2,1.0554014444351196,800,64
covar,y,var,0.025628995150327682,800,64
covar,fx,mspe,0.07288578897714615,800,64
covar,fx,bias2,0.047835446894168854,800,64
covar,fx,var,0.025050343945622444,800,64
covar,fr,mspe,0.14028851687908173,800,64
covar,fr,bias2,0.11523816734552383,800,64
covar,fr,var,0.025050343945622444,800,64
covar,fz,mspe,0.10541987419128418,800,64
covar,fz,bias2,0.0801607221364975,800,64
covar,fz,var,0.02525915578007698,800,64
posthoc_xfit,y,mspe,1.0184919834136963,800,64
posthoc_xfit,y,bias2,1.006605863571167,800,64
posthoc_xfit,y,var,0.011886132881045341,800,64
posthoc_xfit,fx,mspe,0.013745707459747791,800,64
posthoc_xfit,fx,bias2,0.0031107591930776834,800,64
posthoc_xfit,fx,var,0.010634947568178177,800,64
posthoc_xfit,fr,mspe,0.038697801530361176,800,64
posthoc_xfit,fr,bias2,0.028062853962183,800,64
posthoc_xfit,fr,var,0.010634947568178177,800,64
posthoc_xfit,fz,mspe,0.005204387940466404,800,64
posthoc_xfit,fz,bias2,0.00012816226808354259,800,64
posthoc_xfit,fz,var,0.0050762249156832695,800,64
covar,y,mspe,1.080336570739746,800,8
covar,y,bias2,1.0587266683578491,800,8
covar,y,var,0.021609988063573837,800,8
covar,fx,mspe,0.07615832984447479,800,8
covar,fx,bias2,0.0504424013197422,800,8
covar,fx,var,0.025715932250022888,800,8
covar,fr,mspe,0.14404165744781494,800,8
covar,fr,bias2,0.11832573264837265,800,8
covar,fr,var,0.025715932250022888,800,8
covar,fz,mspe,0.10407008230686188,800,8
covar,fz,bias2,0.07830788940191269,800,8
covar,fz,var,0.025762198492884636,800,8
posthoc_xfit,y,mspe,1.0176066160202026,800,8
posthoc_xfit,y,bias2,1.00734281539917,800,8
posthoc_xfit,y,var,0.010263752192258835,800,8
posthoc_xfit,fx,mspe,0.01281204354017973,800,8
posthoc_xfit,fx,bias2,0.003451928263530135,800,8
posthoc_xfit,fx,var,0.009360114112496376,800,8
posthoc_xfit,fr,mspe,0.03788890317082405,800,8
posthoc_xfit,fr,bias2,0.028528790920972824,800,8
posthoc_xfit,fr,var,0.009360114112496376,800,8
posthoc_xfit,fz,mspe,0.005257223267108202,800,8
posthoc_xfit,fz,bias2,0.00015081846504472196,800,8
posthoc_xfit,fz,var,0.005106404889374971,800,8
