n,bz,cv1,p,q,model,effect,metric,value,experiment_folder
3200,1.0,0.1,1,32,base,y,mspe,1.0938296,n=3200_bz=1.0_cv1=0.1_p=1_q=32_20251022-193737
3200,1.0,0.1,1,32,base,y,bias2,1.0913508,n=3200_bz=1.0_cv1=0.1_p=1_q=32_20251022-193737
3200,1.0,0.1,1,32,base,y,var,0.0024789723,n=3200_bz=1.0_cv1=0.1_p=1_q=32_20251022-193737
3200,1.0,0.1,1,32,base,fx,mspe,0.0036608868,n=3200_bz=1.0_cv1=0.1_p=1_q=32_20251022-193737
3200,1.0,0.1,1,32,base,fx,bias2,0.0017265378,n=3200_bz=1.0_cv1=0.1_p=1_q=32_20251022-193737
3200,1.0,0.1,1,32,base,fx,var,0.0019343491,n=3200_bz=1.0_cv1=0.1_p=1_q=32_20251022-193737
3200,1.0,0.1,1,32,base,fz,mspe,0.07795459,n=3200_bz=1.0_cv1=0.1_p=1_q=32_20251022-193737
3200,1.0,0.1,1,32,base,fz,bias2,0.07795459,n=3200_bz=1.0_cv1=0.1_p=1_q=32_20251022-193737
3200,1.0,0.1,1,32,base,fz,var,0.0,n=3200_bz=1.0_cv1=0.1_p=1_q=32_20251022-193737
3200,1.0,0.1,1,32,base,fr,mspe,0.027915865,n=3200_bz=1.0_cv1=0.1_p=1_q=32_20251022-193737
3200,1.0,0.1,1,32,base,fr,bias2,0.025981518,n=3200_bz=1.0_cv1=0.1_p=1_q=32_20251022-193737
3200,1.0,0.1,1,32,base,fr,var,0.0019343491,n=3200_bz=1.0_cv1=0.1_p=1_q=32_20251022-193737
3200,1.0,0.1,1,32,posthoc,y,mspe,1.0072719,n=3200_bz=1.0_cv1=0.1_p=1_q=32_20251022-193737
3200,1.0,0.1,1,32,posthoc,y,bias2,1.0031369,n=3200_bz=1.0_cv1=0.1_p=1_q=32_20251022-193737
3200,1.0,0.1,1,32,posthoc,y,var,0.0041349353,n=3200_bz=1.0_cv1=0.1_p=1_q=32_20251022-193737
3200,1.0,0.1,1,32,posthoc,fx,mspe,0.0029463228,n=3200_bz=1.0_cv1=0.1_p=1_q=32_20251022-193737
3200,1.0,0.1,1,32,posthoc,fx,bias2,7.798011e-05,n=3200_bz=1.0_cv1=0.1_p=1_q=32_20251022-193737
3200,1.0,0.1,1,32,posthoc,fx,var,0.0028683427,n=3200_bz=1.0_cv1=0.1_p=1_q=32_20251022-193737
3200,1.0,0.1,1,32,posthoc,fz,mspe,0.0008255968,n=3200_bz=1.0_cv1=0.1_p=1_q=32_20251022-193737
3200,1.0,0.1,1,32,posthoc,fz,bias2,6.2123286e-07,n=3200_bz=1.0_cv1=0.1_p=1_q=32_20251022-193737
3200,1.0,0.1,1,32,posthoc,fz,var,0.0008249756,n=3200_bz=1.0_cv1=0.1_p=1_q=32_20251022-193737
3200,1.0,0.1,1,32,posthoc,fr,mspe,0.022480361,n=3200_bz=1.0_cv1=0.1_p=1_q=32_20251022-193737
3200,1.0,0.1,1,32,posthoc,fr,bias2,0.01961202,n=3200_bz=1.0_cv1=0.1_p=1_q=32_20251022-193737
3200,1.0,0.1,1,32,posthoc,fr,var,0.0028683427,n=3200_bz=1.0_cv1=0.1_p=1_q=32_20251022-193737
3200,1.0,0.1,1,32,posthoc_lam0,y,mspe,1.017006,n=3200_bz=1.0_cv1=0.1_p=1_q=32_20251022-193737
3200,1.0,0.1,1,32,posthoc_lam0,y,bias2,1.0037006,n=3200_bz=1.0_cv1=0.1_p=1_q=32_20251022-193737
3200,1.0,0.1,1,32,posthoc_lam0,y,var,0.013305577,n=3200_bz=1.0_cv1=0.1_p=1_q=32_20251022-193737
3200,1.0,0.1,1,32,posthoc_lam0,fx,mspe,0.012151581,n=3200_bz=1.0_cv1=0.1_p=1_q=32_20251022-193737
3200,1.0,0.1,1,32,posthoc_lam0,fx,bias2,0.00015188476,n=3200_bz=1.0_cv1=0.1_p=1_q=32_20251022-193737
3200,1.0,0.1,1,32,posthoc_lam0,fx,var,0.0119996965,n=3200_bz=1.0_cv1=0.1_p=1_q=32_20251022-193737
3200,1.0,0.1,1,32,posthoc_lam0,fz,mspe,0.00090437545,n=3200_bz=1.0_cv1=0.1_p=1_q=32_20251022-193737
3200,1.0,0.1,1,32,posthoc_lam0,fz,bias2,2.9481822e-07,n=3200_bz=1.0_cv1=0.1_p=1_q=32_20251022-193737
3200,1.0,0.1,1,32,posthoc_lam0,fz,var,0.0009040807,n=3200_bz=1.0_cv1=0.1_p=1_q=32_20251022-193737
3200,1.0,0.1,1,32,posthoc_lam0,fr,mspe,0.031284414,n=3200_bz=1.0_cv1=0.1_p=1_q=32_20251022-193737
3200,1.0,0.1,1,32,posthoc_lam0,fr,bias2,0.019284718,n=3200_bz=1.0_cv1=0.1_p=1_q=32_20251022-193737
3200,1.0,0.1,1,32,posthoc_lam0,fr,var,0.0119996965,n=3200_bz=1.0_cv1=0.1_p=1_q=32_20251022-193737
3200,1.0,0.1,1,32,posthoc_orth,y,mspe,1.007257,n=3200_bz=1.0_cv1=0.1_p=1_q=32_20251022-193737
3200,1.0,0.1,1,32,posthoc_orth,y,bias2,1.0031173,n=3200_bz=1.0_cv1=0.1_p=1_q=32_20251022-193737
3200,1.0,0.1,1,32,posthoc_orth,y,var,0.0041396944,n=3200_bz=1.0_cv1=0.1_p=1_q=32_20251022-193737
3200,1.0,0.1,1,32,posthoc_orth,fx,mspe,0.0038384742,n=3200_bz=1.0_cv1=0.1_p=1_q=32_20251022-193737
3200,1.0,0.1,1,32,posthoc_orth,fx,bias2,0.0009010969,n=3200_bz=1.0_cv1=0.1_p=1_q=32_20251022-193737
3200,1.0,0.1,1,32,posthoc_orth,fx,var,0.0029373772,n=3200_bz=1.0_cv1=0.1_p=1_q=32_20251022-193737
3200,1.0,0.1,1,32,posthoc_orth,fz,mspe,0.0017234616,n=3200_bz=1.0_cv1=0.1_p=1_q=32_20251022-193737
3200,1.0,0.1,1,32,posthoc_orth,fz,bias2,0.00079707033,n=3200_bz=1.0_cv1=0.1_p=1_q=32_20251022-193737
3200,1.0,0.1,1,32,posthoc_orth,fz,var,0.0009263914,n=3200_bz=1.0_cv1=0.1_p=1_q=32_20251022-193737
3200,1.0,0.1,1,32,posthoc_orth,fr,mspe,0.01532084,n=3200_bz=1.0_cv1=0.1_p=1_q=32_20251022-193737
3200,1.0,0.1,1,32,posthoc_orth,fr,bias2,0.012383462,n=3200_bz=1.0_cv1=0.1_p=1_q=32_20251022-193737
3200,1.0,0.1,1,32,posthoc_orth,fr,var,0.0029373772,n=3200_bz=1.0_cv1=0.1_p=1_q=32_20251022-193737
3200,1.0,0.1,1,32,posthoc_orth_lam0,y,mspe,1.0171018,n=3200_bz=1.0_cv1=0.1_p=1_q=32_20251022-193737
3200,1.0,0.1,1,32,posthoc_orth_lam0,y,bias2,1.0035012,n=3200_bz=1.0_cv1=0.1_p=1_q=32_20251022-193737
3200,1.0,0.1,1,32,posthoc_orth_lam0,y,var,0.013600499,n=3200_bz=1.0_cv1=0.1_p=1_q=32_20251022-193737
3200,1.0,0.1,1,32,posthoc_orth_lam0,fx,mspe,0.0134990215,n=3200_bz=1.0_cv1=0.1_p=1_q=32_20251022-193737
3200,1.0,0.1,1,32,posthoc_orth_lam0,fx,bias2,0.0010846623,n=3200_bz=1.0_cv1=0.1_p=1_q=32_20251022-193737
3200,1.0,0.1,1,32,posthoc_orth_lam0,fx,var,0.01241436,n=3200_bz=1.0_cv1=0.1_p=1_q=32_20251022-193737
3200,1.0,0.1,1,32,posthoc_orth_lam0,fz,mspe,0.0017297909,n=3200_bz=1.0_cv1=0.1_p=1_q=32_20251022-193737
3200,1.0,0.1,1,32,posthoc_orth_lam0,fz,bias2,0.000803158,n=3200_bz=1.0_cv1=0.1_p=1_q=32_20251022-193737
3200,1.0,0.1,1,32,posthoc_orth_lam0,fz,var,0.0009266329,n=3200_bz=1.0_cv1=0.1_p=1_q=32_20251022-193737
3200,1.0,0.1,1,32,posthoc_orth_lam0,fr,mspe,0.024505783,n=3200_bz=1.0_cv1=0.1_p=1_q=32_20251022-193737
3200,1.0,0.1,1,32,posthoc_orth_lam0,fr,bias2,0.01209142,n=3200_bz=1.0_cv1=0.1_p=1_q=32_20251022-193737
3200,1.0,0.1,1,32,posthoc_orth_lam0,fr,var,0.01241436,n=3200_bz=1.0_cv1=0.1_p=1_q=32_20251022-193737
3200,1.0,0.1,1,32,posthoc_web,y,mspe,1.115385,n=3200_bz=1.0_cv1=0.1_p=1_q=32_20251022-193737
3200,1.0,0.1,1,32,posthoc_web,y,bias2,1.112837,n=3200_bz=1.0_cv1=0.1_p=1_q=32_20251022-193737
3200,1.0,0.1,1,32,posthoc_web,y,var,0.0025481104,n=3200_bz=1.0_cv1=0.1_p=1_q=32_20251022-193737
3200,1.0,0.1,1,32,posthoc_web,fx,mspe,0.003758432,n=3200_bz=1.0_cv1=0.1_p=1_q=32_20251022-193737
3200,1.0,0.1,1,32,posthoc_web,fx,bias2,0.0017658547,n=3200_bz=1.0_cv1=0.1_p=1_q=32_20251022-193737
3200,1.0,0.1,1,32,posthoc_web,fx,var,0.0019925772,n=3200_bz=1.0_cv1=0.1_p=1_q=32_20251022-193737
3200,1.0,0.1,1,32,posthoc_web,fz,mspe,0.07795459,n=3200_bz=1.0_cv1=0.1_p=1_q=32_20251022-193737
3200,1.0,0.1,1,32,posthoc_web,fz,bias2,0.07795459,n=3200_bz=1.0_cv1=0.1_p=1_q=32_20251022-193737
3200,1.0,0.1,1,32,posthoc_web,fz,var,0.0,n=3200_bz=1.0_cv1=0.1_p=1_q=32_20251022-193737
3200,1.0,0.1,1,32,posthoc_web,fr,mspe,0.018170636,n=3200_bz=1.0_cv1=0.1_p=1_q=32_20251022-193737
3200,1.0,0.1,1,32,posthoc_web,fr,bias2,0.016178057,n=3200_bz=1.0_cv1=0.1_p=1_q=32_20251022-193737
3200,1.0,0.1,1,32,posthoc_web,fr,var,0.0019925772,n=3200_bz=1.0_cv1=0.1_p=1_q=32_20251022-193737
3200,1.0,0.2,1,32,base,y,mspe,1.0842195,n=3200_bz=1.0_cv1=0.2_p=1_q=32_20251022-194258
3200,1.0,0.2,1,32,base,y,bias2,1.080732,n=3200_bz=1.0_cv1=0.2_p=1_q=32_20251022-194258
3200,1.0,0.2,1,32,base,y,var,0.0034874736,n=3200_bz=1.0_cv1=0.2_p=1_q=32_20251022-194258
3200,1.0,0.2,1,32,base,fx,mspe,0.010915558,n=3200_bz=1.0_cv1=0.2_p=1_q=32_20251022-194258
3200,1.0,0.2,1,32,base,fx,bias2,0.00796356,n=3200_bz=1.0_cv1=0.2_p=1_q=32_20251022-194258
3200,1.0,0.2,1,32,base,fx,var,0.002951998,n=3200_bz=1.0_cv1=0.2_p=1_q=32_20251022-194258
3200,1.0,0.2,1,32,base,fz,mspe,0.07795459,n=3200_bz=1.0_cv1=0.2_p=1_q=32_20251022-194258
3200,1.0,0.2,1,32,base,fz,bias2,0.07795459,n=3200_bz=1.0_cv1=0.2_p=1_q=32_20251022-194258
3200,1.0,0.2,1,32,base,fz,var,0.0,n=3200_bz=1.0_cv1=0.2_p=1_q=32_20251022-194258
3200,1.0,0.2,1,32,base,fr,mspe,0.044394147,n=3200_bz=1.0_cv1=0.2_p=1_q=32_20251022-194258
3200,1.0,0.2,1,32,base,fr,bias2,0.041442145,n=3200_bz=1.0_cv1=0.2_p=1_q=32_20251022-194258
3200,1.0,0.2,1,32,base,fr,var,0.002951998,n=3200_bz=1.0_cv1=0.2_p=1_q=32_20251022-194258
3200,1.0,0.2,1,32,posthoc,y,mspe,1.0078409,n=3200_bz=1.0_cv1=0.2_p=1_q=32_20251022-194258
3200,1.0,0.2,1,32,posthoc,y,bias2,1.0032735,n=3200_bz=1.0_cv1=0.2_p=1_q=32_20251022-194258
3200,1.0,0.2,1,32,posthoc,y,var,0.004567452,n=3200_bz=1.0_cv1=0.2_p=1_q=32_20251022-194258
3200,1.0,0.2,1,32,posthoc,fx,mspe,0.0035047124,n=3200_bz=1.0_cv1=0.2_p=1_q=32_20251022-194258
3200,1.0,0.2,1,32,posthoc,fx,bias2,0.0001553031,n=3200_bz=1.0_cv1=0.2_p=1_q=32_20251022-194258
3200,1.0,0.2,1,32,posthoc,fx,var,0.0033494092,n=3200_bz=1.0_cv1=0.2_p=1_q=32_20251022-194258
3200,1.0,0.2,1,32,posthoc,fz,mspe,0.0009592291,n=3200_bz=1.0_cv1=0.2_p=1_q=32_20251022-194258
3200,1.0,0.2,1,32,posthoc,fz,bias2,1.7300421e-05,n=3200_bz=1.0_cv1=0.2_p=1_q=32_20251022-194258
3200,1.0,0.2,1,32,posthoc,fz,var,0.0009419286,n=3200_bz=1.0_cv1=0.2_p=1_q=32_20251022-194258
3200,1.0,0.2,1,32,posthoc,fr,mspe,0.023268059,n=3200_bz=1.0_cv1=0.2_p=1_q=32_20251022-194258
3200,1.0,0.2,1,32,posthoc,fr,bias2,0.019918649,n=3200_bz=1.0_cv1=0.2_p=1_q=32_20251022-194258
3200,1.0,0.2,1,32,posthoc,fr,var,0.0033494092,n=3200_bz=1.0_cv1=0.2_p=1_q=32_20251022-194258
3200,1.0,0.2,1,32,posthoc_lam0,y,mspe,1.0181698,n=3200_bz=1.0_cv1=0.2_p=1_q=32_20251022-194258
3200,1.0,0.2,1,32,posthoc_lam0,y,bias2,1.0040482,n=3200_bz=1.0_cv1=0.2_p=1_q=32_20251022-194258
3200,1.0,0.2,1,32,posthoc_lam0,y,var,0.014121507,n=3200_bz=1.0_cv1=0.2_p=1_q=32_20251022-194258
3200,1.0,0.2,1,32,posthoc_lam0,fx,mspe,0.013070417,n=3200_bz=1.0_cv1=0.2_p=1_q=32_20251022-194258
3200,1.0,0.2,1,32,posthoc_lam0,fx,bias2,0.00019031932,n=3200_bz=1.0_cv1=0.2_p=1_q=32_20251022-194258
3200,1.0,0.2,1,32,posthoc_lam0,fx,var,0.012880096,n=3200_bz=1.0_cv1=0.2_p=1_q=32_20251022-194258
3200,1.0,0.2,1,32,posthoc_lam0,fz,mspe,0.0010485478,n=3200_bz=1.0_cv1=0.2_p=1_q=32_20251022-194258
3200,1.0,0.2,1,32,posthoc_lam0,fz,bias2,6.7792193e-06,n=3200_bz=1.0_cv1=0.2_p=1_q=32_20251022-194258
3200,1.0,0.2,1,32,posthoc_lam0,fz,var,0.0010417687,n=3200_bz=1.0_cv1=0.2_p=1_q=32_20251022-194258
3200,1.0,0.2,1,32,posthoc_lam0,fr,mspe,0.0321021,n=3200_bz=1.0_cv1=0.2_p=1_q=32_20251022-194258
3200,1.0,0.2,1,32,posthoc_lam0,fr,bias2,0.019222002,n=3200_bz=1.0_cv1=0.2_p=1_q=32_20251022-194258
3200,1.0,0.2,1,32,posthoc_lam0,fr,var,0.012880096,n=3200_bz=1.0_cv1=0.2_p=1_q=32_20251022-194258
3200,1.0,0.2,1,32,posthoc_orth,y,mspe,1.0078248,n=3200_bz=1.0_cv1=0.2_p=1_q=32_20251022-194258
3200,1.0,0.2,1,32,posthoc_orth,y,bias2,1.0032693,n=3200_bz=1.0_cv1=0.2_p=1_q=32_20251022-194258
3200,1.0,0.2,1,32,posthoc_orth,y,var,0.00455556,n=3200_bz=1.0_cv1=0.2_p=1_q=32_20251022-194258
3200,1.0,0.2,1,32,posthoc_orth,fx,mspe,0.006933566,n=3200_bz=1.0_cv1=0.2_p=1_q=32_20251022-194258
3200,1.0,0.2,1,32,posthoc_orth,fx,bias2,0.003658898,n=3200_bz=1.0_cv1=0.2_p=1_q=32_20251022-194258
3200,1.0,0.2,1,32,posthoc_orth,fx,var,0.003274668,n=3200_bz=1.0_cv1=0.2_p=1_q=32_20251022-194258
3200,1.0,0.2,1,32,posthoc_orth,fz,mspe,0.004071663,n=3200_bz=1.0_cv1=0.2_p=1_q=32_20251022-194258
3200,1.0,0.2,1,32,posthoc_orth,fz,bias2,0.0031424444,n=3200_bz=1.0_cv1=0.2_p=1_q=32_20251022-194258
3200,1.0,0.2,1,32,posthoc_orth,fz,var,0.00092921837,n=3200_bz=1.0_cv1=0.2_p=1_q=32_20251022-194258
3200,1.0,0.2,1,32,posthoc_orth,fr,mspe,0.009894926,n=3200_bz=1.0_cv1=0.2_p=1_q=32_20251022-194258
3200,1.0,0.2,1,32,posthoc_orth,fr,bias2,0.006620258,n=3200_bz=1.0_cv1=0.2_p=1_q=32_20251022-194258
3200,1.0,0.2,1,32,posthoc_orth,fr,var,0.003274668,n=3200_bz=1.0_cv1=0.2_p=1_q=32_20251022-194258
3200,1.0,0.2,1,32,posthoc_orth_lam0,y,mspe,1.0181674,n=3200_bz=1.0_cv1=0.2_p=1_q=32_20251022-194258
3200,1.0,0.2,1,32,posthoc_orth_lam0,y,bias2,1.0037677,n=3200_bz=1.0_cv1=0.2_p=1_q=32_20251022-194258
3200,1.0,0.2,1,32,posthoc_orth_lam0,y,var,0.014399733,n=3200_bz=1.0_cv1=0.2_p=1_q=32_20251022-194258
3200,1.0,0.2,1,32,posthoc_orth_lam0,fx,mspe,0.016839897,n=3200_bz=1.0_cv1=0.2_p=1_q=32_20251022-194258
3200,1.0,0.2,1,32,posthoc_orth_lam0,fx,bias2,0.0037100583,n=3200_bz=1.0_cv1=0.2_p=1_q=32_20251022-194258
3200,1.0,0.2,1,32,posthoc_orth_lam0,fx,var,0.01312984,n=3200_bz=1.0_cv1=0.2_p=1_q=32_20251022-194258
3200,1.0,0.2,1,32,posthoc_orth_lam0,fz,mspe,0.0040839785,n=3200_bz=1.0_cv1=0.2_p=1_q=32_20251022-194258
3200,1.0,0.2,1,32,posthoc_orth_lam0,fz,bias2,0.0031548322,n=3200_bz=1.0_cv1=0.2_p=1_q=32_20251022-194258
3200,1.0,0.2,1,32,posthoc_orth_lam0,fz,var,0.0009291459,n=3200_bz=1.0_cv1=0.2_p=1_q=32_20251022-194258
3200,1.0,0.2,1,32,posthoc_orth_lam0,fr,mspe,0.019656397,n=3200_bz=1.0_cv1=0.2_p=1_q=32_20251022-194258
3200,1.0,0.2,1,32,posthoc_orth_lam0,fr,bias2,0.0065265573,n=3200_bz=1.0_cv1=0.2_p=1_q=32_20251022-194258
3200,1.0,0.2,1,32,posthoc_orth_lam0,fr,var,0.01312984,n=3200_bz=1.0_cv1=0.2_p=1_q=32_20251022-194258
3200,1.0,0.2,1,32,posthoc_web,y,mspe,1.1393511,n=3200_bz=1.0_cv1=0.2_p=1_q=32_20251022-194258
3200,1.0,0.2,1,32,posthoc_web,y,bias2,1.1358426,n=3200_bz=1.0_cv1=0.2_p=1_q=32_20251022-194258
3200,1.0,0.2,1,32,posthoc_web,y,var,0.0035086737,n=3200_bz=1.0_cv1=0.2_p=1_q=32_20251022-194258
3200,1.0,0.2,1,32,posthoc_web,fx,mspe,0.010137619,n=3200_bz=1.0_cv1=0.2_p=1_q=32_20251022-194258
3200,1.0,0.2,1,32,posthoc_web,fx,bias2,0.0071948357,n=3200_bz=1.0_cv1=0.2_p=1_q=32_20251022-194258
3200,1.0,0.2,1,32,posthoc_web,fx,var,0.0029427842,n=3200_bz=1.0_cv1=0.2_p=1_q=32_20251022-194258
3200,1.0,0.2,1,32,posthoc_web,fz,mspe,0.07795459,n=3200_bz=1.0_cv1=0.2_p=1_q=32_20251022-194258
3200,1.0,0.2,1,32,posthoc_web,fz,bias2,0.07795459,n=3200_bz=1.0_cv1=0.2_p=1_q=32_20251022-194258
3200,1.0,0.2,1,32,posthoc_web,fz,var,0.0,n=3200_bz=1.0_cv1=0.2_p=1_q=32_20251022-194258
3200,1.0,0.2,1,32,posthoc_web,fr,mspe,0.017971462,n=3200_bz=1.0_cv1=0.2_p=1_q=32_20251022-194258
3200,1.0,0.2,1,32,posthoc_web,fr,bias2,0.015028677,n=3200_bz=1.0_cv1=0.2_p=1_q=32_20251022-194258
3200,1.0,0.2,1,32,posthoc_web,fr,var,0.0029427842,n=3200_bz=1.0_cv1=0.2_p=1_q=32_20251022-194258
3200,1.0,0.3,1,32,base,y,mspe,1.0749533,n=3200_bz=1.0_cv1=0.3_p=1_q=32_20251022-194952
3200,1.0,0.3,1,32,base,y,bias2,1.0720441,n=3200_bz=1.0_cv1=0.3_p=1_q=32_20251022-194952
3200,1.0,0.3,1,32,base,y,var,0.0029091816,n=3200_bz=1.0_cv1=0.3_p=1_q=32_20251022-194952
3200,1.0,0.3,1,32,base,fx,mspe,0.022935946,n=3200_bz=1.0_cv1=0.3_p=1_q=32_20251022-194952
3200,1.0,0.3,1,32,base,fx,bias2,0.020553313,n=3200_bz=1.0_cv1=0.3_p=1_q=32_20251022-194952
3200,1.0,0.3,1,32,base,fx,var,0.0023826328,n=3200_bz=1.0_cv1=0.3_p=1_q=32_20251022-194952
3200,1.0,0.3,1,32,base,fz,mspe,0.07795459,n=3200_bz=1.0_cv1=0.3_p=1_q=32_20251022-194952
3200,1.0,0.3,1,32,base,fz,bias2,0.07795459,n=3200_bz=1.0_cv1=0.3_p=1_q=32_20251022-194952
3200,1.0,0.3,1,32,base,fz,var,0.0,n=3200_bz=1.0_cv1=0.3_p=1_q=32_20251022-194952
3200,1.0,0.3,1,32,base,fr,mspe,0.06858925,n=3200_bz=1.0_cv1=0.3_p=1_q=32_20251022-194952
3200,1.0,0.3,1,32,base,fr,bias2,0.06620661,n=3200_bz=1.0_cv1=0.3_p=1_q=32_20251022-194952
3200,1.0,0.3,1,32,base,fr,var,0.0023826328,n=3200_bz=1.0_cv1=0.3_p=1_q=32_20251022-194952
3200,1.0,0.3,1,32,posthoc,y,mspe,1.0080589,n=3200_bz=1.0_cv1=0.3_p=1_q=32_20251022-194952
3200,1.0,0.3,1,32,posthoc,y,bias2,1.0037663,n=3200_bz=1.0_cv1=0.3_p=1_q=32_20251022-194952
3200,1.0,0.3,1,32,posthoc,y,var,0.004292504,n=3200_bz=1.0_cv1=0.3_p=1_q=32_20251022-194952
3200,1.0,0.3,1,32,posthoc,fx,mspe,0.0034343873,n=3200_bz=1.0_cv1=0.3_p=1_q=32_20251022-194952
3200,1.0,0.3,1,32,posthoc,fx,bias2,0.00012380733,n=3200_bz=1.0_cv1=0.3_p=1_q=32_20251022-194952
3200,1.0,0.3,1,32,posthoc,fx,var,0.00331058,n=3200_bz=1.0_cv1=0.3_p=1_q=32_20251022-194952
3200,1.0,0.3,1,32,posthoc,fz,mspe,0.001060403,n=3200_bz=1.0_cv1=0.3_p=1_q=32_20251022-194952
3200,1.0,0.3,1,32,posthoc,fz,bias2,1.4329504e-05,n=3200_bz=1.0_cv1=0.3_p=1_q=32_20251022-194952
3200,1.0,0.3,1,32,posthoc,fz,var,0.0010460735,n=3200_bz=1.0_cv1=0.3_p=1_q=32_20251022-194952
3200,1.0,0.3,1,32,posthoc,fr,mspe,0.023356905,n=3200_bz=1.0_cv1=0.3_p=1_q=32_20251022-194952
3200,1.0,0.3,1,32,posthoc,fr,bias2,0.020046325,n=3200_bz=1.0_cv1=0.3_p=1_q=32_20251022-194952
3200,1.0,0.3,1,32,posthoc,fr,var,0.00331058,n=3200_bz=1.0_cv1=0.3_p=1_q=32_20251022-194952
3200,1.0,0.3,1,32,posthoc_lam0,y,mspe,1.0188992,n=3200_bz=1.0_cv1=0.3_p=1_q=32_20251022-194952
3200,1.0,0.3,1,32,posthoc_lam0,y,bias2,1.0047989,n=3200_bz=1.0_cv1=0.3_p=1_q=32_20251022-194952
3200,1.0,0.3,1,32,posthoc_lam0,y,var,0.014100354,n=3200_bz=1.0_cv1=0.3_p=1_q=32_20251022-194952
3200,1.0,0.3,1,32,posthoc_lam0,fx,mspe,0.013225794,n=3200_bz=1.0_cv1=0.3_p=1_q=32_20251022-194952
3200,1.0,0.3,1,32,posthoc_lam0,fx,bias2,0.00019878388,n=3200_bz=1.0_cv1=0.3_p=1_q=32_20251022-194952
3200,1.0,0.3,1,32,posthoc_lam0,fx,var,0.013027008,n=3200_bz=1.0_cv1=0.3_p=1_q=32_20251022-194952
3200,1.0,0.3,1,32,posthoc_lam0,fz,mspe,0.0012284222,n=3200_bz=1.0_cv1=0.3_p=1_q=32_20251022-194952
3200,1.0,0.3,1,32,posthoc_lam0,fz,bias2,8.245152e-06,n=3200_bz=1.0_cv1=0.3_p=1_q=32_20251022-194952
3200,1.0,0.3,1,32,posthoc_lam0,fz,var,0.001220177,n=3200_bz=1.0_cv1=0.3_p=1_q=32_20251022-194952
3200,1.0,0.3,1,32,posthoc_lam0,fr,mspe,0.032539733,n=3200_bz=1.0_cv1=0.3_p=1_q=32_20251022-194952
3200,1.0,0.3,1,32,posthoc_lam0,fr,bias2,0.019512724,n=3200_bz=1.0_cv1=0.3_p=1_q=32_20251022-194952
3200,1.0,0.3,1,32,posthoc_lam0,fr,var,0.013027008,n=3200_bz=1.0_cv1=0.3_p=1_q=32_20251022-194952
3200,1.0,0.3,1,32,posthoc_orth,y,mspe,1.008054,n=3200_bz=1.0_cv1=0.3_p=1_q=32_20251022-194952
3200,1.0,0.3,1,32,posthoc_orth,y,bias2,1.0037639,n=3200_bz=1.0_cv1=0.3_p=1_q=32_20251022-194952
3200,1.0,0.3,1,32,posthoc_orth,y,var,0.0042900415,n=3200_bz=1.0_cv1=0.3_p=1_q=32_20251022-194952
3200,1.0,0.3,1,32,posthoc_orth,fx,mspe,0.010574068,n=3200_bz=1.0_cv1=0.3_p=1_q=32_20251022-194952
3200,1.0,0.3,1,32,posthoc_orth,fx,bias2,0.007531166,n=3200_bz=1.0_cv1=0.3_p=1_q=32_20251022-194952
3200,1.0,0.3,1,32,posthoc_orth,fx,var,0.0030429005,n=3200_bz=1.0_cv1=0.3_p=1_q=32_20251022-194952
3200,1.0,0.3,1,32,posthoc_orth,fz,mspe,0.007971602,n=3200_bz=1.0_cv1=0.3_p=1_q=32_20251022-194952
3200,1.0,0.3,1,32,posthoc_orth,fz,bias2,0.0070383507,n=3200_bz=1.0_cv1=0.3_p=1_q=32_20251022-194952
3200,1.0,0.3,1,32,posthoc_orth,fz,var,0.0009332508,n=3200_bz=1.0_cv1=0.3_p=1_q=32_20251022-194952
3200,1.0,0.3,1,32,posthoc_orth,fr,mspe,0.0060308706,n=3200_bz=1.0_cv1=0.3_p=1_q=32_20251022-194952
3200,1.0,0.3,1,32,posthoc_orth,fr,bias2,0.0029879701,n=3200_bz=1.0_cv1=0.3_p=1_q=32_20251022-194952
3200,1.0,0.3,1,32,posthoc_orth,fr,var,0.0030429005,n=3200_bz=1.0_cv1=0.3_p=1_q=32_20251022-194952
3200,1.0,0.3,1,32,posthoc_orth_lam0,y,mspe,1.018377,n=3200_bz=1.0_cv1=0.3_p=1_q=32_20251022-194952
3200,1.0,0.3,1,32,posthoc_orth_lam0,y,bias2,1.004678,n=3200_bz=1.0_cv1=0.3_p=1_q=32_20251022-194952
3200,1.0,0.3,1,32,posthoc_orth_lam0,y,var,0.013698893,n=3200_bz=1.0_cv1=0.3_p=1_q=32_20251022-194952
3200,1.0,0.3,1,32,posthoc_orth_lam0,fx,mspe,0.020232834,n=3200_bz=1.0_cv1=0.3_p=1_q=32_20251022-194952
3200,1.0,0.3,1,32,posthoc_orth_lam0,fx,bias2,0.0078331325,n=3200_bz=1.0_cv1=0.3_p=1_q=32_20251022-194952
3200,1.0,0.3,1,32,posthoc_orth_lam0,fx,var,0.0123997005,n=3200_bz=1.0_cv1=0.3_p=1_q=32_20251022-194952
3200,1.0,0.3,1,32,posthoc_orth_lam0,fz,mspe,0.007989181,n=3200_bz=1.0_cv1=0.3_p=1_q=32_20251022-194952
3200,1.0,0.3,1,32,posthoc_orth_lam0,fz,bias2,0.0070555084,n=3200_bz=1.0_cv1=0.3_p=1_q=32_20251022-194952
3200,1.0,0.3,1,32,posthoc_orth_lam0,fz,var,0.00093367347,n=3200_bz=1.0_cv1=0.3_p=1_q=32_20251022-194952
3200,1.0,0.3,1,32,posthoc_orth_lam0,fr,mspe,0.015330202,n=3200_bz=1.0_cv1=0.3_p=1_q=32_20251022-194952
3200,1.0,0.3,1,32,posthoc_orth_lam0,fr,bias2,0.0029305024,n=3200_bz=1.0_cv1=0.3_p=1_q=32_20251022-194952
3200,1.0,0.3,1,32,posthoc_orth_lam0,fr,var,0.0123997005,n=3200_bz=1.0_cv1=0.3_p=1_q=32_20251022-194952
3200,1.0,0.3,1,32,posthoc_web,y,mspe,1.1688591,n=3200_bz=1.0_cv1=0.3_p=1_q=32_20251022-194952
3200,1.0,0.3,1,32,posthoc_web,y,bias2,1.1660022,n=3200_bz=1.0_cv1=0.3_p=1_q=32_20251022-194952
3200,1.0,0.3,1,32,posthoc_web,y,var,0.0028569896,n=3200_bz=1.0_cv1=0.3_p=1_q=32_20251022-194952
3200,1.0,0.3,1,32,posthoc_web,fx,mspe,0.018614784,n=3200_bz=1.0_cv1=0.3_p=1_q=32_20251022-194952
3200,1.0,0.3,1,32,posthoc_web,fx,bias2,0.016344797,n=3200_bz=1.0_cv1=0.3_p=1_q=32_20251022-194952
3200,1.0,0.3,1,32,posthoc_web,fx,var,0.0022699868,n=3200_bz=1.0_cv1=0.3_p=1_q=32_20251022-194952
3200,1.0,0.3,1,32,posthoc_web,fz,mspe,0.07795459,n=3200_bz=1.0_cv1=0.3_p=1_q=32_20251022-194952
3200,1.0,0.3,1,32,posthoc_web,fz,bias2,0.07795459,n=3200_bz=1.0_cv1=0.3_p=1_q=32_20251022-194952
3200,1.0,0.3,1,32,posthoc_web,fz,var,0.0,n=3200_bz=1.0_cv1=0.3_p=1_q=32_20251022-194952
3200,1.0,0.3,1,32,posthoc_web,fr,mspe,0.019216813,n=3200_bz=1.0_cv1=0.3_p=1_q=32_20251022-194952
3200,1.0,0.3,1,32,posthoc_web,fr,bias2,0.016946828,n=3200_bz=1.0_cv1=0.3_p=1_q=32_20251022-194952
3200,1.0,0.3,1,32,posthoc_web,fr,var,0.0022699868,n=3200_bz=1.0_cv1=0.3_p=1_q=32_20251022-194952
3200,1.0,0.4,1,32,base,y,mspe,1.0654691,n=3200_bz=1.0_cv1=0.4_p=1_q=32_20251022-195606
3200,1.0,0.4,1,32,base,y,bias2,1.0627854,n=3200_bz=1.0_cv1=0.4_p=1_q=32_20251022-195606
3200,1.0,0.4,1,32,base,y,var,0.0026839818,n=3200_bz=1.0_cv1=0.4_p=1_q=32_20251022-195606
3200,1.0,0.4,1,32,base,fx,mspe,0.037725404,n=3200_bz=1.0_cv1=0.4_p=1_q=32_20251022-195606
3200,1.0,0.4,1,32,base,fx,bias2,0.035542116,n=3200_bz=1.0_cv1=0.4_p=1_q=32_20251022-195606
3200,1.0,0.4,1,32,base,fx,var,0.0021832902,n=3200_bz=1.0_cv1=0.4_p=1_q=32_20251022-195606
3200,1.0,0.4,1,32,base,fz,mspe,0.07795459,n=3200_bz=1.0_cv1=0.4_p=1_q=32_20251022-195606
3200,1.0,0.4,1,32,base,fz,bias2,0.07795459,n=3200_bz=1.0_cv1=0.4_p=1_q=32_20251022-195606
3200,1.0,0.4,1,32,base,fz,var,0.0,n=3200_bz=1.0_cv1=0.4_p=1_q=32_20251022-195606
3200,1.0,0.4,1,32,base,fr,mspe,0.09588159,n=3200_bz=1.0_cv1=0.4_p=1_q=32_20251022-195606
3200,1.0,0.4,1,32,base,fr,bias2,0.0936983,n=3200_bz=1.0_cv1=0.4_p=1_q=32_20251022-195606
3200,1.0,0.4,1,32,base,fr,var,0.0021832902,n=3200_bz=1.0_cv1=0.4_p=1_q=32_20251022-195606
3200,1.0,0.4,1,32,posthoc,y,mspe,1.0081259,n=3200_bz=1.0_cv1=0.4_p=1_q=32_20251022-195606
3200,1.0,0.4,1,32,posthoc,y,bias2,1.0039885,n=3200_bz=1.0_cv1=0.4_p=1_q=32_20251022-195606
3200,1.0,0.4,1,32,posthoc,y,var,0.004137482,n=3200_bz=1.0_cv1=0.4_p=1_q=32_20251022-195606
3200,1.0,0.4,1,32,posthoc,fx,mspe,0.0035672996,n=3200_bz=1.0_cv1=0.4_p=1_q=32_20251022-195606
3200,1.0,0.4,1,32,posthoc,fx,bias2,0.00010647085,n=3200_bz=1.0_cv1=0.4_p=1_q=32_20251022-195606
3200,1.0,0.4,1,32,posthoc,fx,var,0.0034608287,n=3200_bz=1.0_cv1=0.4_p=1_q=32_20251022-195606
3200,1.0,0.4,1,32,posthoc,fz,mspe,0.001363985,n=3200_bz=1.0_cv1=0.4_p=1_q=32_20251022-195606
3200,1.0,0.4,1,32,posthoc,fz,bias2,7.526146e-06,n=3200_bz=1.0_cv1=0.4_p=1_q=32_20251022-195606
3200,1.0,0.4,1,32,posthoc,fz,var,0.0013564589,n=3200_bz=1.0_cv1=0.4_p=1_q=32_20251022-195606
3200,1.0,0.4,1,32,posthoc,fr,mspe,0.023633363,n=3200_bz=1.0_cv1=0.4_p=1_q=32_20251022-195606
3200,1.0,0.4,1,32,posthoc,fr,bias2,0.02017253,n=3200_bz=1.0_cv1=0.4_p=1_q=32_20251022-195606
3200,1.0,0.4,1,32,posthoc,fr,var,0.0034608287,n=3200_bz=1.0_cv1=0.4_p=1_q=32_20251022-195606
3200,1.0,0.4,1,32,posthoc_lam0,y,mspe,1.0186858,n=3200_bz=1.0_cv1=0.4_p=1_q=32_20251022-195606
3200,1.0,0.4,1,32,posthoc_lam0,y,bias2,1.0047007,n=3200_bz=1.0_cv1=0.4_p=1_q=32_20251022-195606
3200,1.0,0.4,1,32,posthoc_lam0,y,var,0.013985285,n=3200_bz=1.0_cv1=0.4_p=1_q=32_20251022-195606
3200,1.0,0.4,1,32,posthoc_lam0,fx,mspe,0.01349608,n=3200_bz=1.0_cv1=0.4_p=1_q=32_20251022-195606
3200,1.0,0.4,1,32,posthoc_lam0,fx,bias2,0.00017021708,n=3200_bz=1.0_cv1=0.4_p=1_q=32_20251022-195606
3200,1.0,0.4,1,32,posthoc_lam0,fx,var,0.013325863,n=3200_bz=1.0_cv1=0.4_p=1_q=32_20251022-195606
3200,1.0,0.4,1,32,posthoc_lam0,fz,mspe,0.0014016601,n=3200_bz=1.0_cv1=0.4_p=1_q=32_20251022-195606
3200,1.0,0.4,1,32,posthoc_lam0,fz,bias2,1.0962594e-05,n=3200_bz=1.0_cv1=0.4_p=1_q=32_20251022-195606
3200,1.0,0.4,1,32,posthoc_lam0,fz,var,0.0013906974,n=3200_bz=1.0_cv1=0.4_p=1_q=32_20251022-195606
3200,1.0,0.4,1,32,posthoc_lam0,fr,mspe,0.033424206,n=3200_bz=1.0_cv1=0.4_p=1_q=32_20251022-195606
3200,1.0,0.4,1,32,posthoc_lam0,fr,bias2,0.020098343,n=3200_bz=1.0_cv1=0.4_p=1_q=32_20251022-195606
3200,1.0,0.4,1,32,posthoc_lam0,fr,var,0.013325863,n=3200_bz=1.0_cv1=0.4_p=1_q=32_20251022-195606
3200,1.0,0.4,1,32,posthoc_orth,y,mspe,1.0081203,n=3200_bz=1.0_cv1=0.4_p=1_q=32_20251022-195606
3200,1.0,0.4,1,32,posthoc_orth,y,bias2,1.0039835,n=3200_bz=1.0_cv1=0.4_p=1_q=32_20251022-195606
3200,1.0,0.4,1,32,posthoc_orth,y,var,0.0041369046,n=3200_bz=1.0_cv1=0.4_p=1_q=32_20251022-195606
3200,1.0,0.4,1,32,posthoc_orth,fx,mspe,0.015606111,n=3200_bz=1.0_cv1=0.4_p=1_q=32_20251022-195606
3200,1.0,0.4,1,32,posthoc_orth,fx,bias2,0.012723799,n=3200_bz=1.0_cv1=0.4_p=1_q=32_20251022-195606
3200,1.0,0.4,1,32,posthoc_orth,fx,var,0.0028823114,n=3200_bz=1.0_cv1=0.4_p=1_q=32_20251022-195606
3200,1.0,0.4,1,32,posthoc_orth,fz,mspe,0.013421594,n=3200_bz=1.0_cv1=0.4_p=1_q=32_20251022-195606
3200,1.0,0.4,1,32,posthoc_orth,fz,bias2,0.012482102,n=3200_bz=1.0_cv1=0.4_p=1_q=32_20251022-195606
3200,1.0,0.4,1,32,posthoc_orth,fz,var,0.0009394911,n=3200_bz=1.0_cv1=0.4_p=1_q=32_20251022-195606
3200,1.0,0.4,1,32,posthoc_orth,fr,mspe,0.0037279525,n=3200_bz=1.0_cv1=0.4_p=1_q=32_20251022-195606
3200,1.0,0.4,1,32,posthoc_orth,fr,bias2,0.0008456412,n=3200_bz=1.0_cv1=0.4_p=1_q=32_20251022-195606
3200,1.0,0.4,1,32,posthoc_orth,fr,var,0.0028823114,n=3200_bz=1.0_cv1=0.4_p=1_q=32_20251022-195606
3200,1.0,0.4,1,32,posthoc_orth_lam0,y,mspe,1.0195222,n=3200_bz=1.0_cv1=0.4_p=1_q=32_20251022-195606
3200,1.0,0.4,1,32,posthoc_orth_lam0,y,bias2,1.0049435,n=3200_bz=1.0_cv1=0.4_p=1_q=32_20251022-195606
3200,1.0,0.4,1,32,posthoc_orth_lam0,y,var,0.01457869,n=3200_bz=1.0_cv1=0.4_p=1_q=32_20251022-195606
3200,1.0,0.4,1,32,posthoc_orth_lam0,fx,mspe,0.026366513,n=3200_bz=1.0_cv1=0.4_p=1_q=32_20251022-195606
3200,1.0,0.4,1,32,posthoc_orth_lam0,fx,bias2,0.013043843,n=3200_bz=1.0_cv1=0.4_p=1_q=32_20251022-195606
3200,1.0,0.4,1,32,posthoc_orth_lam0,fx,var,0.01332267,n=3200_bz=1.0_cv1=0.4_p=1_q=32_20251022-195606
3200,1.0,0.4,1,32,posthoc_orth_lam0,fz,mspe,0.013445398,n=3200_bz=1.0_cv1=0.4_p=1_q=32_20251022-195606
3200,1.0,0.4,1,32,posthoc_orth_lam0,fz,bias2,0.012505183,n=3200_bz=1.0_cv1=0.4_p=1_q=32_20251022-195606
3200,1.0,0.4,1,32,posthoc_orth_lam0,fz,var,0.0009402134,n=3200_bz=1.0_cv1=0.4_p=1_q=32_20251022-195606
3200,1.0,0.4,1,32,posthoc_orth_lam0,fr,mspe,0.014162973,n=3200_bz=1.0_cv1=0.4_p=1_q=32_20251022-195606
3200,1.0,0.4,1,32,posthoc_orth_lam0,fr,bias2,0.00084030227,n=3200_bz=1.0_cv1=0.4_p=1_q=32_20251022-195606
3200,1.0,0.4,1,32,posthoc_orth_lam0,fr,var,0.01332267,n=3200_bz=1.0_cv1=0.4_p=1_q=32_20251022-195606
3200,1.0,0.4,1,32,posthoc_web,y,mspe,1.2031932,n=3200_bz=1.0_cv1=0.4_p=1_q=32_20251022-195606
3200,1.0,0.4,1,32,posthoc_web,y,bias2,1.2006831,n=3200_bz=1.0_cv1=0.4_p=1_q=32_20251022-195606
3200,1.0,0.4,1,32,posthoc_web,y,var,0.0025101313,n=3200_bz=1.0_cv1=0.4_p=1_q=32_20251022-195606
3200,1.0,0.4,1,32,posthoc_web,fx,mspe,0.028760742,n=3200_bz=1.0_cv1=0.4_p=1_q=32_20251022-195606
3200,1.0,0.4,1,32,posthoc_web,fx,bias2,0.02685368,n=3200_bz=1.0_cv1=0.4_p=1_q=32_20251022-195606
3200,1.0,0.4,1,32,posthoc_web,fx,var,0.0019070604,n=3200_bz=1.0_cv1=0.4_p=1_q=32_20251022-195606
3200,1.0,0.4,1,32,posthoc_web,fz,mspe,0.07795459,n=3200_bz=1.0_cv1=0.4_p=1_q=32_20251022-195606
3200,1.0,0.4,1,32,posthoc_web,fz,bias2,0.07795459,n=3200_bz=1.0_cv1=0.4_p=1_q=32_20251022-195606
3200,1.0,0.4,1,32,posthoc_web,fz,var,0.0,n=3200_bz=1.0_cv1=0.4_p=1_q=32_20251022-195606
3200,1.0,0.4,1,32,posthoc_web,fr,mspe,0.019644659,n=3200_bz=1.0_cv1=0.4_p=1_q=32_20251022-195606
3200,1.0,0.4,1,32,posthoc_web,fr,bias2,0.0177376,n=3200_bz=1.0_cv1=0.4_p=1_q=32_20251022-195606
3200,1.0,0.4,1,32,posthoc_web,fr,var,0.0019070604,n=3200_bz=1.0_cv1=0.4_p=1_q=32_20251022-195606
3200,1.0,0.5,1,32,base,y,mspe,1.0557323,n=3200_bz=1.0_cv1=0.5_p=1_q=32_20251022-200139
3200,1.0,0.5,1,32,base,y,bias2,1.0530369,n=3200_bz=1.0_cv1=0.5_p=1_q=32_20251022-200139
3200,1.0,0.5,1,32,base,y,var,0.0026951518,n=3200_bz=1.0_cv1=0.5_p=1_q=32_20251022-200139
3200,1.0,0.5,1,32,base,fx,mspe,0.05076008,n=3200_bz=1.0_cv1=0.5_p=1_q=32_20251022-200139
3200,1.0,0.5,1,32,base,fx,bias2,0.048538756,n=3200_bz=1.0_cv1=0.5_p=1_q=32_20251022-200139
3200,1.0,0.5,1,32,base,fx,var,0.0022213238,n=3200_bz=1.0_cv1=0.5_p=1_q=32_20251022-200139
3200,1.0,0.5,1,32,base,fz,mspe,0.07795459,n=3200_bz=1.0_cv1=0.5_p=1_q=32_20251022-200139
3200,1.0,0.5,1,32,base,fz,bias2,0.07795459,n=3200_bz=1.0_cv1=0.5_p=1_q=32_20251022-200139
3200,1.0,0.5,1,32,base,fz,var,0.0,n=3200_bz=1.0_cv1=0.5_p=1_q=32_20251022-200139
3200,1.0,0.5,1,32,base,fr,mspe,0.119560316,n=3200_bz=1.0_cv1=0.5_p=1_q=32_20251022-200139
3200,1.0,0.5,1,32,base,fr,bias2,0.117339,n=3200_bz=1.0_cv1=0.5_p=1_q=32_20251022-200139
3200,1.0,0.5,1,32,base,fr,var,0.0022213238,n=3200_bz=1.0_cv1=0.5_p=1_q=32_20251022-200139
3200,1.0,0.5,1,32,posthoc,y,mspe,1.0082204,n=3200_bz=1.0_cv1=0.5_p=1_q=32_20251022-200139
3200,1.0,0.5,1,32,posthoc,y,bias2,1.0039763,n=3200_bz=1.0_cv1=0.5_p=1_q=32_20251022-200139
3200,1.0,0.5,1,32,posthoc,y,var,0.0042441026,n=3200_bz=1.0_cv1=0.5_p=1_q=32_20251022-200139
3200,1.0,0.5,1,32,posthoc,fx,mspe,0.004195035,n=3200_bz=1.0_cv1=0.5_p=1_q=32_20251022-200139
3200,1.0,0.5,1,32,posthoc,fx,bias2,0.00013647939,n=3200_bz=1.0_cv1=0.5_p=1_q=32_20251022-200139
3200,1.0,0.5,1,32,posthoc,fx,var,0.0040585557,n=3200_bz=1.0_cv1=0.5_p=1_q=32_20251022-200139
3200,1.0,0.5,1,32,posthoc,fz,mspe,0.002052156,n=3200_bz=1.0_cv1=0.5_p=1_q=32_20251022-200139
3200,1.0,0.5,1,32,posthoc,fz,bias2,1.1783674e-05,n=3200_bz=1.0_cv1=0.5_p=1_q=32_20251022-200139
3200,1.0,0.5,1,32,posthoc,fz,var,0.0020403725,n=3200_bz=1.0_cv1=0.5_p=1_q=32_20251022-200139
3200,1.0,0.5,1,32,posthoc,fr,mspe,0.024543403,n=3200_bz=1.0_cv1=0.5_p=1_q=32_20251022-200139
3200,1.0,0.5,1,32,posthoc,fr,bias2,0.020484846,n=3200_bz=1.0_cv1=0.5_p=1_q=32_20251022-200139
3200,1.0,0.5,1,32,posthoc,fr,var,0.0040585557,n=3200_bz=1.0_cv1=0.5_p=1_q=32_20251022-200139
3200,1.0,0.5,1,32,posthoc_lam0,y,mspe,1.0204692,n=3200_bz=1.0_cv1=0.5_p=1_q=32_20251022-200139
3200,1.0,0.5,1,32,posthoc_lam0,y,bias2,1.005745,n=3200_bz=1.0_cv1=0.5_p=1_q=32_20251022-200139
3200,1.0,0.5,1,32,posthoc_lam0,y,var,0.014724062,n=3200_bz=1.0_cv1=0.5_p=1_q=32_20251022-200139
3200,1.0,0.5,1,32,posthoc_lam0,fx,mspe,0.014725058,n=3200_bz=1.0_cv1=0.5_p=1_q=32_20251022-200139
3200,1.0,0.5,1,32,posthoc_lam0,fx,bias2,0.00016032993,n=3200_bz=1.0_cv1=0.5_p=1_q=32_20251022-200139
3200,1.0,0.5,1,32,posthoc_lam0,fx,var,0.014564727,n=3200_bz=1.0_cv1=0.5_p=1_q=32_20251022-200139
3200,1.0,0.5,1,32,posthoc_lam0,fz,mspe,0.0021323755,n=3200_bz=1.0_cv1=0.5_p=1_q=32_20251022-200139
3200,1.0,0.5,1,32,posthoc_lam0,fz,bias2,5.93239e-06,n=3200_bz=1.0_cv1=0.5_p=1_q=32_20251022-200139
3200,1.0,0.5,1,32,posthoc_lam0,fz,var,0.0021264432,n=3200_bz=1.0_cv1=0.5_p=1_q=32_20251022-200139
3200,1.0,0.5,1,32,posthoc_lam0,fr,mspe,0.03456802,n=3200_bz=1.0_cv1=0.5_p=1_q=32_20251022-200139
3200,1.0,0.5,1,32,posthoc_lam0,fr,bias2,0.020003287,n=3200_bz=1.0_cv1=0.5_p=1_q=32_20251022-200139
3200,1.0,0.5,1,32,posthoc_lam0,fr,var,0.014564727,n=3200_bz=1.0_cv1=0.5_p=1_q=32_20251022-200139
3200,1.0,0.5,1,32,posthoc_orth,y,mspe,1.0082191,n=3200_bz=1.0_cv1=0.5_p=1_q=32_20251022-200139
3200,1.0,0.5,1,32,posthoc_orth,y,bias2,1.0039742,n=3200_bz=1.0_cv1=0.5_p=1_q=32_20251022-200139
3200,1.0,0.5,1,32,posthoc_orth,y,var,0.004245019,n=3200_bz=1.0_cv1=0.5_p=1_q=32_20251022-200139
3200,1.0,0.5,1,32,posthoc_orth,fx,mspe,0.022667209,n=3200_bz=1.0_cv1=0.5_p=1_q=32_20251022-200139
3200,1.0,0.5,1,32,posthoc_orth,fx,bias2,0.01968764,n=3200_bz=1.0_cv1=0.5_p=1_q=32_20251022-200139
3200,1.0,0.5,1,32,posthoc_orth,fx,var,0.0029795675,n=3200_bz=1.0_cv1=0.5_p=1_q=32_20251022-200139
3200,1.0,0.5,1,32,posthoc_orth,fz,mspe,0.020421803,n=3200_bz=1.0_cv1=0.5_p=1_q=32_20251022-200139
3200,1.0,0.5,1,32,posthoc_orth,fz,bias2,0.019473929,n=3200_bz=1.0_cv1=0.5_p=1_q=32_20251022-200139
3200,1.0,0.5,1,32,posthoc_orth,fz,var,0.0009478733,n=3200_bz=1.0_cv1=0.5_p=1_q=32_20251022-200139
3200,1.0,0.5,1,32,posthoc_orth,fr,mspe,0.0031061058,n=3200_bz=1.0_cv1=0.5_p=1_q=32_20251022-200139
3200,1.0,0.5,1,32,posthoc_orth,fr,bias2,0.00012653811,n=3200_bz=1.0_cv1=0.5_p=1_q=32_20251022-200139
3200,1.0,0.5,1,32,posthoc_orth,fr,var,0.0029795675,n=3200_bz=1.0_cv1=0.5_p=1_q=32_20251022-200139
3200,1.0,0.5,1,32,posthoc_orth_lam0,y,mspe,1.0195646,n=3200_bz=1.0_cv1=0.5_p=1_q=32_20251022-200139
3200,1.0,0.5,1,32,posthoc_orth_lam0,y,bias2,1.0050975,n=3200_bz=1.0_cv1=0.5_p=1_q=32_20251022-200139
3200,1.0,0.5,1,32,posthoc_orth_lam0,y,var,0.014467087,n=3200_bz=1.0_cv1=0.5_p=1_q=32_20251022-200139
3200,1.0,0.5,1,32,posthoc_orth_lam0,fx,mspe,0.03319755,n=3200_bz=1.0_cv1=0.5_p=1_q=32_20251022-200139
3200,1.0,0.5,1,32,posthoc_orth_lam0,fx,bias2,0.019969296,n=3200_bz=1.0_cv1=0.5_p=1_q=32_20251022-200139
3200,1.0,0.5,1,32,posthoc_orth_lam0,fx,var,0.01322825,n=3200_bz=1.0_cv1=0.5_p=1_q=32_20251022-200139
3200,1.0,0.5,1,32,posthoc_orth_lam0,fz,mspe,0.020452637,n=3200_bz=1.0_cv1=0.5_p=1_q=32_20251022-200139
3200,1.0,0.5,1,32,posthoc_orth_lam0,fz,bias2,0.01950387,n=3200_bz=1.0_cv1=0.5_p=1_q=32_20251022-200139
3200,1.0,0.5,1,32,posthoc_orth_lam0,fz,var,0.0009487684,n=3200_bz=1.0_cv1=0.5_p=1_q=32_20251022-200139
3200,1.0,0.5,1,32,posthoc_orth_lam0,fr,mspe,0.013416763,n=3200_bz=1.0_cv1=0.5_p=1_q=32_20251022-200139
3200,1.0,0.5,1,32,posthoc_orth_lam0,fr,bias2,0.00018851232,n=3200_bz=1.0_cv1=0.5_p=1_q=32_20251022-200139
3200,1.0,0.5,1,32,posthoc_orth_lam0,fr,var,0.01322825,n=3200_bz=1.0_cv1=0.5_p=1_q=32_20251022-200139
3200,1.0,0.5,1,32,posthoc_web,y,mspe,1.2417784,n=3200_bz=1.0_cv1=0.5_p=1_q=32_20251022-200139
3200,1.0,0.5,1,32,posthoc_web,y,bias2,1.2393126,n=3200_bz=1.0_cv1=0.5_p=1_q=32_20251022-200139
3200,1.0,0.5,1,32,posthoc_web,y,var,0.0024658057,n=3200_bz=1.0_cv1=0.5_p=1_q=32_20251022-200139
3200,1.0,0.5,1,32,posthoc_web,fx,mspe,0.040461916,n=3200_bz=1.0_cv1=0.5_p=1_q=32_20251022-200139
3200,1.0,0.5,1,32,posthoc_web,fx,bias2,0.03861779,n=3200_bz=1.0_cv1=0.5_p=1_q=32_20251022-200139
3200,1.0,0.5,1,32,posthoc_web,fx,var,0.00184413,n=3200_bz=1.0_cv1=0.5_p=1_q=32_20251022-200139
3200,1.0,0.5,1,32,posthoc_web,fz,mspe,0.07795459,n=3200_bz=1.0_cv1=0.5_p=1_q=32_20251022-200139
3200,1.0,0.5,1,32,posthoc_web,fz,bias2,0.07795459,n=3200_bz=1.0_cv1=0.5_p=1_q=32_20251022-200139
3200,1.0,0.5,1,32,posthoc_web,fz,var,0.0,n=3200_bz=1.0_cv1=0.5_p=1_q=32_20251022-200139
3200,1.0,0.5,1,32,posthoc_web,fr,mspe,0.019222803,n=3200_bz=1.0_cv1=0.5_p=1_q=32_20251022-200139
3200,1.0,0.5,1,32,posthoc_web,fr,bias2,0.017378673,n=3200_bz=1.0_cv1=0.5_p=1_q=32_20251022-200139
3200,1.0,0.5,1,32,posthoc_web,fr,var,0.00184413,n=3200_bz=1.0_cv1=0.5_p=1_q=32_20251022-200139
3200,1.0,0.6,1,32,base,y,mspe,1.0455886,n=3200_bz=1.0_cv1=0.6_p=1_q=32_20251022-200653
3200,1.0,0.6,1,32,base,y,bias2,1.0425621,n=3200_bz=1.0_cv1=0.6_p=1_q=32_20251022-200653
3200,1.0,0.6,1,32,base,y,var,0.003026447,n=3200_bz=1.0_cv1=0.6_p=1_q=32_20251022-200653
3200,1.0,0.6,1,32,base,fx,mspe,0.05782971,n=3200_bz=1.0_cv1=0.6_p=1_q=32_20251022-200653
3200,1.0,0.6,1,32,base,fx,bias2,0.055261888,n=3200_bz=1.0_cv1=0.6_p=1_q=32_20251022-200653
3200,1.0,0.6,1,32,base,fx,var,0.0025678247,n=3200_bz=1.0_cv1=0.6_p=1_q=32_20251022-200653
3200,1.0,0.6,1,32,base,fz,mspe,0.07795459,n=3200_bz=1.0_cv1=0.6_p=1_q=32_20251022-200653
3200,1.0,0.6,1,32,base,fz,bias2,0.07795459,n=3200_bz=1.0_cv1=0.6_p=1_q=32_20251022-200653
3200,1.0,0.6,1,32,base,fz,var,0.0,n=3200_bz=1.0_cv1=0.6_p=1_q=32_20251022-200653
3200,1.0,0.6,1,32,base,fr,mspe,0.13375947,n=3200_bz=1.0_cv1=0.6_p=1_q=32_20251022-200653
3200,1.0,0.6,1,32,base,fr,bias2,0.13119164,n=3200_bz=1.0_cv1=0.6_p=1_q=32_20251022-200653
3200,1.0,0.6,1,32,base,fr,var,0.0025678247,n=3200_bz=1.0_cv1=0.6_p=1_q=32_20251022-200653
3200,1.0,0.6,1,32,posthoc,y,mspe,1.0087295,n=3200_bz=1.0_cv1=0.6_p=1_q=32_20251022-200653
3200,1.0,0.6,1,32,posthoc,y,bias2,1.004066,n=3200_bz=1.0_cv1=0.6_p=1_q=32_20251022-200653
3200,1.0,0.6,1,32,posthoc,y,var,0.0046636118,n=3200_bz=1.0_cv1=0.6_p=1_q=32_20251022-200653
3200,1.0,0.6,1,32,posthoc,fx,mspe,0.005597879,n=3200_bz=1.0_cv1=0.6_p=1_q=32_20251022-200653
3200,1.0,0.6,1,32,posthoc,fx,bias2,0.00018669694,n=3200_bz=1.0_cv1=0.6_p=1_q=32_20251022-200653
3200,1.0,0.6,1,32,posthoc,fx,var,0.0054111825,n=3200_bz=1.0_cv1=0.6_p=1_q=32_20251022-200653
3200,1.0,0.6,1,32,posthoc,fz,mspe,0.00356118,n=3200_bz=1.0_cv1=0.6_p=1_q=32_20251022-200653
3200,1.0,0.6,1,32,posthoc,fz,bias2,4.3317672e-05,n=3200_bz=1.0_cv1=0.6_p=1_q=32_20251022-200653
3200,1.0,0.6,1,32,posthoc,fz,var,0.0035178624,n=3200_bz=1.0_cv1=0.6_p=1_q=32_20251022-200653
3200,1.0,0.6,1,32,posthoc,fr,mspe,0.02665925,n=3200_bz=1.0_cv1=0.6_p=1_q=32_20251022-200653
3200,1.0,0.6,1,32,posthoc,fr,bias2,0.021248069,n=3200_bz=1.0_cv1=0.6_p=1_q=32_20251022-200653
3200,1.0,0.6,1,32,posthoc,fr,var,0.0054111825,n=3200_bz=1.0_cv1=0.6_p=1_q=32_20251022-200653
3200,1.0,0.6,1,32,posthoc_lam0,y,mspe,1.0200225,n=3200_bz=1.0_cv1=0.6_p=1_q=32_20251022-200653
3200,1.0,0.6,1,32,posthoc_lam0,y,bias2,1.0041034,n=3200_bz=1.0_cv1=0.6_p=1_q=32_20251022-200653
3200,1.0,0.6,1,32,posthoc_lam0,y,var,0.01591909,n=3200_bz=1.0_cv1=0.6_p=1_q=32_20251022-200653
3200,1.0,0.6,1,32,posthoc_lam0,fx,mspe,0.016922861,n=3200_bz=1.0_cv1=0.6_p=1_q=32_20251022-200653
3200,1.0,0.6,1,32,posthoc_lam0,fx,bias2,0.000159493,n=3200_bz=1.0_cv1=0.6_p=1_q=32_20251022-200653
3200,1.0,0.6,1,32,posthoc_lam0,fx,var,0.016763367,n=3200_bz=1.0_cv1=0.6_p=1_q=32_20251022-200653
3200,1.0,0.6,1,32,posthoc_lam0,fz,mspe,0.0036551182,n=3200_bz=1.0_cv1=0.6_p=1_q=32_20251022-200653
3200,1.0,0.6,1,32,posthoc_lam0,fz,bias2,1.2015991e-05,n=3200_bz=1.0_cv1=0.6_p=1_q=32_20251022-200653
3200,1.0,0.6,1,32,posthoc_lam0,fz,var,0.0036431018,n=3200_bz=1.0_cv1=0.6_p=1_q=32_20251022-200653
3200,1.0,0.6,1,32,posthoc_lam0,fr,mspe,0.03702407,n=3200_bz=1.0_cv1=0.6_p=1_q=32_20251022-200653
3200,1.0,0.6,1,32,posthoc_lam0,fr,bias2,0.020260703,n=3200_bz=1.0_cv1=0.6_p=1_q=32_20251022-200653
3200,1.0,0.6,1,32,posthoc_lam0,fr,var,0.016763367,n=3200_bz=1.0_cv1=0.6_p=1_q=32_20251022-200653
3200,1.0,0.6,1,32,posthoc_orth,y,mspe,1.0087193,n=3200_bz=1.0_cv1=0.6_p=1_q=32_20251022-200653
3200,1.0,0.6,1,32,posthoc_orth,y,bias2,1.0040587,n=3200_bz=1.0_cv1=0.6_p=1_q=32_20251022-200653
3200,1.0,0.6,1,32,posthoc_orth,y,var,0.0046607126,n=3200_bz=1.0_cv1=0.6_p=1_q=32_20251022-200653
3200,1.0,0.6,1,32,posthoc_orth,fx,mspe,0.03187532,n=3200_bz=1.0_cv1=0.6_p=1_q=32_20251022-200653
3200,1.0,0.6,1,32,posthoc_orth,fx,bias2,0.028475666,n=3200_bz=1.0_cv1=0.6_p=1_q=32_20251022-200653
3200,1.0,0.6,1,32,posthoc_orth,fx,var,0.003399653,n=3200_bz=1.0_cv1=0.6_p=1_q=32_20251022-200653
3200,1.0,0.6,1,32,posthoc_orth,fz,mspe,0.02897132,n=3200_bz=1.0_cv1=0.6_p=1_q=32_20251022-200653
3200,1.0,0.6,1,32,posthoc_orth,fz,bias2,0.028012767,n=3200_bz=1.0_cv1=0.6_p=1_q=32_20251022-200653
3200,1.0,0.6,1,32,posthoc_orth,fz,var,0.00095855247,n=3200_bz=1.0_cv1=0.6_p=1_q=32_20251022-200653
3200,1.0,0.6,1,32,posthoc_orth,fr,mspe,0.0043770457,n=3200_bz=1.0_cv1=0.6_p=1_q=32_20251022-200653
3200,1.0,0.6,1,32,posthoc_orth,fr,bias2,0.0009773928,n=3200_bz=1.0_cv1=0.6_p=1_q=32_20251022-200653
3200,1.0,0.6,1,32,posthoc_orth,fr,var,0.003399653,n=3200_bz=1.0_cv1=0.6_p=1_q=32_20251022-200653
3200,1.0,0.6,1,32,posthoc_orth_lam0,y,mspe,1.0191827,n=3200_bz=1.0_cv1=0.6_p=1_q=32_20251022-200653
3200,1.0,0.6,1,32,posthoc_orth_lam0,y,bias2,1.0033935,n=3200_bz=1.0_cv1=0.6_p=1_q=32_20251022-200653
3200,1.0,0.6,1,32,posthoc_orth_lam0,y,var,0.01578907,n=3200_bz=1.0_cv1=0.6_p=1_q=32_20251022-200653
3200,1.0,0.6,1,32,posthoc_orth_lam0,fx,mspe,0.043035224,n=3200_bz=1.0_cv1=0.6_p=1_q=32_20251022-200653
3200,1.0,0.6,1,32,posthoc_orth_lam0,fx,bias2,0.028449325,n=3200_bz=1.0_cv1=0.6_p=1_q=32_20251022-200653
3200,1.0,0.6,1,32,posthoc_orth_lam0,fx,var,0.0145858945,n=3200_bz=1.0_cv1=0.6_p=1_q=32_20251022-200653
3200,1.0,0.6,1,32,posthoc_orth_lam0,fz,mspe,0.029010896,n=3200_bz=1.0_cv1=0.6_p=1_q=32_20251022-200653
3200,1.0,0.6,1,32,posthoc_orth_lam0,fz,bias2,0.028051557,n=3200_bz=1.0_cv1=0.6_p=1_q=32_20251022-200653
3200,1.0,0.6,1,32,posthoc_orth_lam0,fz,var,0.0009593375,n=3200_bz=1.0_cv1=0.6_p=1_q=32_20251022-200653
3200,1.0,0.6,1,32,posthoc_orth_lam0,fr,mspe,0.015553881,n=3200_bz=1.0_cv1=0.6_p=1_q=32_20251022-200653
3200,1.0,0.6,1,32,posthoc_orth_lam0,fr,bias2,0.0009679868,n=3200_bz=1.0_cv1=0.6_p=1_q=32_20251022-200653
3200,1.0,0.6,1,32,posthoc_orth_lam0,fr,var,0.0145858945,n=3200_bz=1.0_cv1=0.6_p=1_q=32_20251022-200653
3200,1.0,0.6,1,32,posthoc_web,y,mspe,1.279959,n=3200_bz=1.0_cv1=0.6_p=1_q=32_20251022-200653
3200,1.0,0.6,1,32,posthoc_web,y,bias2,1.277187,n=3200_bz=1.0_cv1=0.6_p=1_q=32_20251022-200653
3200,1.0,0.6,1,32,posthoc_web,y,var,0.0027720092,n=3200_bz=1.0_cv1=0.6_p=1_q=32_20251022-200653
3200,1.0,0.6,1,32,posthoc_web,fx,mspe,0.05292392,n=3200_bz=1.0_cv1=0.6_p=1_q=32_20251022-200653
3200,1.0,0.6,1,32,posthoc_web,fx,bias2,0.050804272,n=3200_bz=1.0_cv1=0.6_p=1_q=32_20251022-200653
3200,1.0,0.6,1,32,posthoc_web,fx,var,0.002119644,n=3200_bz=1.0_cv1=0.6_p=1_q=32_20251022-200653
3200,1.0,0.6,1,32,posthoc_web,fz,mspe,0.07795459,n=3200_bz=1.0_cv1=0.6_p=1_q=32_20251022-200653
3200,1.0,0.6,1,32,posthoc_web,fz,bias2,0.07795459,n=3200_bz=1.0_cv1=0.6_p=1_q=32_20251022-200653
3200,1.0,0.6,1,32,posthoc_web,fz,var,0.0,n=3200_bz=1.0_cv1=0.6_p=1_q=32_20251022-200653
3200,1.0,0.6,1,32,posthoc_web,fr,mspe,0.019133631,n=3200_bz=1.0_cv1=0.6_p=1_q=32_20251022-200653
3200,1.0,0.6,1,32,posthoc_web,fr,bias2,0.017013986,n=3200_bz=1.0_cv1=0.6_p=1_q=32_20251022-200653
3200,1.0,0.6,1,32,posthoc_web,fr,var,0.002119644,n=3200_bz=1.0_cv1=0.6_p=1_q=32_20251022-200653
3200,1.0,0.7,1,32,base,y,mspe,1.0355693,n=3200_bz=1.0_cv1=0.7_p=1_q=32_20251022-201216
3200,1.0,0.7,1,32,base,y,bias2,1.032375,n=3200_bz=1.0_cv1=0.7_p=1_q=32_20251022-201216
3200,1.0,0.7,1,32,base,y,var,0.0031943729,n=3200_bz=1.0_cv1=0.7_p=1_q=32_20251022-201216
3200,1.0,0.7,1,32,base,fx,mspe,0.06083299,n=3200_bz=1.0_cv1=0.7_p=1_q=32_20251022-201216
3200,1.0,0.7,1,32,base,fx,bias2,0.058080096,n=3200_bz=1.0_cv1=0.7_p=1_q=32_20251022-201216
3200,1.0,0.7,1,32,base,fx,var,0.002752891,n=3200_bz=1.0_cv1=0.7_p=1_q=32_20251022-201216
3200,1.0,0.7,1,32,base,fz,mspe,0.07795459,n=3200_bz=1.0_cv1=0.7_p=1_q=32_20251022-201216
3200,1.0,0.7,1,32,base,fz,bias2,0.07795459,n=3200_bz=1.0_cv1=0.7_p=1_q=32_20251022-201216
3200,1.0,0.7,1,32,base,fz,var,0.0,n=3200_bz=1.0_cv1=0.7_p=1_q=32_20251022-201216
3200,1.0,0.7,1,32,base,fr,mspe,0.14162767,n=3200_bz=1.0_cv1=0.7_p=1_q=32_20251022-201216
3200,1.0,0.7,1,32,base,fr,bias2,0.13887478,n=3200_bz=1.0_cv1=0.7_p=1_q=32_20251022-201216
3200,1.0,0.7,1,32,base,fr,var,0.002752891,n=3200_bz=1.0_cv1=0.7_p=1_q=32_20251022-201216
3200,1.0,0.7,1,32,posthoc,y,mspe,1.0101618,n=3200_bz=1.0_cv1=0.7_p=1_q=32_20251022-201216
3200,1.0,0.7,1,32,posthoc,y,bias2,1.0045298,n=3200_bz=1.0_cv1=0.7_p=1_q=32_20251022-201216
3200,1.0,0.7,1,32,posthoc,y,var,0.005631891,n=3200_bz=1.0_cv1=0.7_p=1_q=32_20251022-201216
3200,1.0,0.7,1,32,posthoc,fx,mspe,0.009002664,n=3200_bz=1.0_cv1=0.7_p=1_q=32_20251022-201216
3200,1.0,0.7,1,32,posthoc,fx,bias2,0.00033807466,n=3200_bz=1.0_cv1=0.7_p=1_q=32_20251022-201216
3200,1.0,0.7,1,32,posthoc,fx,var,0.008664589,n=3200_bz=1.0_cv1=0.7_p=1_q=32_20251022-201216
3200,1.0,0.7,1,32,posthoc,fz,mspe,0.0079078935,n=3200_bz=1.0_cv1=0.7_p=1_q=32_20251022-201216
3200,1.0,0.7,1,32,posthoc,fz,bias2,0.00020208149,n=3200_bz=1.0_cv1=0.7_p=1_q=32_20251022-201216
3200,1.0,0.7,1,32,posthoc,fz,var,0.007705813,n=3200_bz=1.0_cv1=0.7_p=1_q=32_20251022-201216
3200,1.0,0.7,1,32,posthoc,fr,mspe,0.03184036,n=3200_bz=1.0_cv1=0.7_p=1_q=32_20251022-201216
3200,1.0,0.7,1,32,posthoc,fr,bias2,0.023175774,n=3200_bz=1.0_cv1=0.7_p=1_q=32_20251022-201216
3200,1.0,0.7,1,32,posthoc,fr,var,0.008664589,n=3200_bz=1.0_cv1=0.7_p=1_q=32_20251022-201216
3200,1.0,0.7,1,32,posthoc_lam0,y,mspe,1.0226839,n=3200_bz=1.0_cv1=0.7_p=1_q=32_20251022-201216
3200,1.0,0.7,1,32,posthoc_lam0,y,bias2,1.0051059,n=3200_bz=1.0_cv1=0.7_p=1_q=32_20251022-201216
3200,1.0,0.7,1,32,posthoc_lam0,y,var,0.017577976,n=3200_bz=1.0_cv1=0.7_p=1_q=32_20251022-201216
3200,1.0,0.7,1,32,posthoc_lam0,fx,mspe,0.021029605,n=3200_bz=1.0_cv1=0.7_p=1_q=32_20251022-201216
3200,1.0,0.7,1,32,posthoc_lam0,fx,bias2,0.00018905624,n=3200_bz=1.0_cv1=0.7_p=1_q=32_20251022-201216
3200,1.0,0.7,1,32,posthoc_lam0,fx,var,0.020840548,n=3200_bz=1.0_cv1=0.7_p=1_q=32_20251022-201216
3200,1.0,0.7,1,32,posthoc_lam0,fz,mspe,0.00811012,n=3200_bz=1.0_cv1=0.7_p=1_q=32_20251022-201216
3200,1.0,0.7,1,32,posthoc_lam0,fz,bias2,1.416256e-05,n=3200_bz=1.0_cv1=0.7_p=1_q=32_20251022-201216
3200,1.0,0.7,1,32,posthoc_lam0,fz,var,0.008095958,n=3200_bz=1.0_cv1=0.7_p=1_q=32_20251022-201216
3200,1.0,0.7,1,32,posthoc_lam0,fr,mspe,0.041338556,n=3200_bz=1.0_cv1=0.7_p=1_q=32_20251022-201216
3200,1.0,0.7,1,32,posthoc_lam0,fr,bias2,0.020498006,n=3200_bz=1.0_cv1=0.7_p=1_q=32_20251022-201216
3200,1.0,0.7,1,32,posthoc_lam0,fr,var,0.020840548,n=3200_bz=1.0_cv1=0.7_p=1_q=32_20251022-201216
3200,1.0,0.7,1,32,posthoc_orth,y,mspe,1.0102398,n=3200_bz=1.0_cv1=0.7_p=1_q=32_20251022-201216
3200,1.0,0.7,1,32,posthoc_orth,y,bias2,1.0046372,n=3200_bz=1.0_cv1=0.7_p=1_q=32_20251022-201216
3200,1.0,0.7,1,32,posthoc_orth,y,var,0.005602683,n=3200_bz=1.0_cv1=0.7_p=1_q=32_20251022-201216
3200,1.0,0.7,1,32,posthoc_orth,fx,mspe,0.043475997,n=3200_bz=1.0_cv1=0.7_p=1_q=32_20251022-201216
3200,1.0,0.7,1,32,posthoc_orth,fx,bias2,0.039128155,n=3200_bz=1.0_cv1=0.7_p=1_q=32_20251022-201216
3200,1.0,0.7,1,32,posthoc_orth,fx,var,0.004347841,n=3200_bz=1.0_cv1=0.7_p=1_q=32_20251022-201216
3200,1.0,0.7,1,32,posthoc_orth,fz,mspe,0.039029244,n=3200_bz=1.0_cv1=0.7_p=1_q=32_20251022-201216
3200,1.0,0.7,1,32,posthoc_orth,fz,bias2,0.038057134,n=3200_bz=1.0_cv1=0.7_p=1_q=32_20251022-201216
3200,1.0,0.7,1,32,posthoc_orth,fz,var,0.00097210874,n=3200_bz=1.0_cv1=0.7_p=1_q=32_20251022-201216
3200,1.0,0.7,1,32,posthoc_orth,fr,mspe,0.007878091,n=3200_bz=1.0_cv1=0.7_p=1_q=32_20251022-201216
3200,1.0,0.7,1,32,posthoc_orth,fr,bias2,0.0035302502,n=3200_bz=1.0_cv1=0.7_p=1_q=32_20251022-201216
3200,1.0,0.7,1,32,posthoc_orth,fr,var,0.004347841,n=3200_bz=1.0_cv1=0.7_p=1_q=32_20251022-201216
3200,1.0,0.7,1,32,posthoc_orth_lam0,y,mspe,1.0227199,n=3200_bz=1.0_cv1=0.7_p=1_q=32_20251022-201216
3200,1.0,0.7,1,32,posthoc_orth_lam0,y,bias2,1.0051422,n=3200_bz=1.0_cv1=0.7_p=1_q=32_20251022-201216
3200,1.0,0.7,1,32,posthoc_orth_lam0,y,var,0.017577728,n=3200_bz=1.0_cv1=0.7_p=1_q=32_20251022-201216
3200,1.0,0.7,1,32,posthoc_orth_lam0,fx,mspe,0.054967627,n=3200_bz=1.0_cv1=0.7_p=1_q=32_20251022-201216
3200,1.0,0.7,1,32,posthoc_orth_lam0,fx,bias2,0.038653065,n=3200_bz=1.0_cv1=0.7_p=1_q=32_20251022-201216
3200,1.0,0.7,1,32,posthoc_orth_lam0,fx,var,0.016314557,n=3200_bz=1.0_cv1=0.7_p=1_q=32_20251022-201216
3200,1.0,0.7,1,32,posthoc_orth_lam0,fz,mspe,0.039120167,n=3200_bz=1.0_cv1=0.7_p=1_q=32_20251022-201216
3200,1.0,0.7,1,32,posthoc_orth_lam0,fz,bias2,0.038148247,n=3200_bz=1.0_cv1=0.7_p=1_q=32_20251022-201216
3200,1.0,0.7,1,32,posthoc_orth_lam0,fz,var,0.0009719195,n=3200_bz=1.0_cv1=0.7_p=1_q=32_20251022-201216
3200,1.0,0.7,1,32,posthoc_orth_lam0,fr,mspe,0.019683529,n=3200_bz=1.0_cv1=0.7_p=1_q=32_20251022-201216
3200,1.0,0.7,1,32,posthoc_orth_lam0,fr,bias2,0.0033689702,n=3200_bz=1.0_cv1=0.7_p=1_q=32_20251022-201216
3200,1.0,0.7,1,32,posthoc_orth_lam0,fr,var,0.016314557,n=3200_bz=1.0_cv1=0.7_p=1_q=32_20251022-201216
3200,1.0,0.7,1,32,posthoc_web,y,mspe,1.3129684,n=3200_bz=1.0_cv1=0.7_p=1_q=32_20251022-201216
3200,1.0,0.7,1,32,posthoc_web,y,bias2,1.3099954,n=3200_bz=1.0_cv1=0.7_p=1_q=32_20251022-201216
3200,1.0,0.7,1,32,posthoc_web,y,var,0.0029729917,n=3200_bz=1.0_cv1=0.7_p=1_q=32_20251022-201216
3200,1.0,0.7,1,32,posthoc_web,fx,mspe,0.06480601,n=3200_bz=1.0_cv1=0.7_p=1_q=32_20251022-201216
3200,1.0,0.7,1,32,posthoc_web,fx,bias2,0.06251339,n=3200_bz=1.0_cv1=0.7_p=1_q=32_20251022-201216
3200,1.0,0.7,1,32,posthoc_web,fx,var,0.0022926156,n=3200_bz=1.0_cv1=0.7_p=1_q=32_20251022-201216
3200,1.0,0.7,1,32,posthoc_web,fz,mspe,0.07795459,n=3200_bz=1.0_cv1=0.7_p=1_q=32_20251022-201216
3200,1.0,0.7,1,32,posthoc_web,fz,bias2,0.07795459,n=3200_bz=1.0_cv1=0.7_p=1_q=32_20251022-201216
3200,1.0,0.7,1,32,posthoc_web,fz,var,0.0,n=3200_bz=1.0_cv1=0.7_p=1_q=32_20251022-201216
3200,1.0,0.7,1,32,posthoc_web,fr,mspe,0.0202289,n=3200_bz=1.0_cv1=0.7_p=1_q=32_20251022-201216
3200,1.0,0.7,1,32,posthoc_web,fr,bias2,0.017936284,n=3200_bz=1.0_cv1=0.7_p=1_q=32_20251022-201216
3200,1.0,0.7,1,32,posthoc_web,fr,var,0.0022926156,n=3200_bz=1.0_cv1=0.7_p=1_q=32_20251022-201216
3200,1.0,0.8,1,32,base,y,mspe,1.025275,n=3200_bz=1.0_cv1=0.8_p=1_q=32_20251022-201744
3200,1.0,0.8,1,32,base,y,bias2,1.0217115,n=3200_bz=1.0_cv1=0.8_p=1_q=32_20251022-201744
3200,1.0,0.8,1,32,base,y,var,0.0035634604,n=3200_bz=1.0_cv1=0.8_p=1_q=32_20251022-201744
3200,1.0,0.8,1,32,base,fx,mspe,0.06261803,n=3200_bz=1.0_cv1=0.8_p=1_q=32_20251022-201744
3200,1.0,0.8,1,32,base,fx,bias2,0.05949424,n=3200_bz=1.0_cv1=0.8_p=1_q=32_20251022-201744
3200,1.0,0.8,1,32,base,fx,var,0.0031237944,n=3200_bz=1.0_cv1=0.8_p=1_q=32_20251022-201744
3200,1.0,0.8,1,32,base,fz,mspe,0.07795459,n=3200_bz=1.0_cv1=0.8_p=1_q=32_20251022-201744
3200,1.0,0.8,1,32,base,fz,bias2,0.07795459,n=3200_bz=1.0_cv1=0.8_p=1_q=32_20251022-201744
3200,1.0,0.8,1,32,base,fz,var,0.0,n=3200_bz=1.0_cv1=0.8_p=1_q=32_20251022-201744
3200,1.0,0.8,1,32,base,fr,mspe,0.14738365,n=3200_bz=1.0_cv1=0.8_p=1_q=32_20251022-201744
3200,1.0,0.8,1,32,base,fr,bias2,0.14425986,n=3200_bz=1.0_cv1=0.8_p=1_q=32_20251022-201744
3200,1.0,0.8,1,32,base,fr,var,0.0031237944,n=3200_bz=1.0_cv1=0.8_p=1_q=32_20251022-201744
3200,1.0,0.8,1,32,posthoc,y,mspe,1.014486,n=3200_bz=1.0_cv1=0.8_p=1_q=32_20251022-201744
3200,1.0,0.8,1,32,posthoc,y,bias2,1.0058285,n=3200_bz=1.0_cv1=0.8_p=1_q=32_20251022-201744
3200,1.0,0.8,1,32,posthoc,y,var,0.008657415,n=3200_bz=1.0_cv1=0.8_p=1_q=32_20251022-201744
3200,1.0,0.8,1,32,posthoc,fx,mspe,0.021016281,n=3200_bz=1.0_cv1=0.8_p=1_q=32_20251022-201744
3200,1.0,0.8,1,32,posthoc,fx,bias2,0.0020284806,n=3200_bz=1.0_cv1=0.8_p=1_q=32_20251022-201744
3200,1.0,0.8,1,32,posthoc,fx,var,0.018987803,n=3200_bz=1.0_cv1=0.8_p=1_q=32_20251022-201744
3200,1.0,0.8,1,32,posthoc,fz,mspe,0.023411352,n=3200_bz=1.0_cv1=0.8_p=1_q=32_20251022-201744
3200,1.0,0.8,1,32,posthoc,fz,bias2,0.0021570995,n=3200_bz=1.0_cv1=0.8_p=1_q=32_20251022-201744
3200,1.0,0.8,1,32,posthoc,fz,var,0.021254253,n=3200_bz=1.0_cv1=0.8_p=1_q=32_20251022-201744
3200,1.0,0.8,1,32,posthoc,fr,mspe,0.052158978,n=3200_bz=1.0_cv1=0.8_p=1_q=32_20251022-201744
3200,1.0,0.8,1,32,posthoc,fr,bias2,0.033171173,n=3200_bz=1.0_cv1=0.8_p=1_q=32_20251022-201744
3200,1.0,0.8,1,32,posthoc,fr,var,0.018987803,n=3200_bz=1.0_cv1=0.8_p=1_q=32_20251022-201744
3200,1.0,0.8,1,32,posthoc_lam0,y,mspe,1.0285951,n=3200_bz=1.0_cv1=0.8_p=1_q=32_20251022-201744
3200,1.0,0.8,1,32,posthoc_lam0,y,bias2,1.0040513,n=3200_bz=1.0_cv1=0.8_p=1_q=32_20251022-201744
3200,1.0,0.8,1,32,posthoc_lam0,y,var,0.024543744,n=3200_bz=1.0_cv1=0.8_p=1_q=32_20251022-201744
3200,1.0,0.8,1,32,posthoc_lam0,fx,mspe,0.033856545,n=3200_bz=1.0_cv1=0.8_p=1_q=32_20251022-201744
3200,1.0,0.8,1,32,posthoc_lam0,fx,bias2,0.00022190184,n=3200_bz=1.0_cv1=0.8_p=1_q=32_20251022-201744
3200,1.0,0.8,1,32,posthoc_lam0,fx,var,0.033634637,n=3200_bz=1.0_cv1=0.8_p=1_q=32_20251022-201744
3200,1.0,0.8,1,32,posthoc_lam0,fz,mspe,0.02111582,n=3200_bz=1.0_cv1=0.8_p=1_q=32_20251022-201744
3200,1.0,0.8,1,32,posthoc_lam0,fz,bias2,6.20388e-05,n=3200_bz=1.0_cv1=0.8_p=1_q=32_20251022-201744
3200,1.0,0.8,1,32,posthoc_lam0,fz,var,0.021053782,n=3200_bz=1.0_cv1=0.8_p=1_q=32_20251022-201744
3200,1.0,0.8,1,32,posthoc_lam0,fr,mspe,0.05494236,n=3200_bz=1.0_cv1=0.8_p=1_q=32_20251022-201744
3200,1.0,0.8,1,32,posthoc_lam0,fr,bias2,0.021307716,n=3200_bz=1.0_cv1=0.8_p=1_q=32_20251022-201744
3200,1.0,0.8,1,32,posthoc_lam0,fr,var,0.033634637,n=3200_bz=1.0_cv1=0.8_p=1_q=32_20251022-201744
3200,1.0,0.8,1,32,posthoc_orth,y,mspe,1.0144943,n=3200_bz=1.0_cv1=0.8_p=1_q=32_20251022-201744
3200,1.0,0.8,1,32,posthoc_orth,y,bias2,1.0057592,n=3200_bz=1.0_cv1=0.8_p=1_q=32_20251022-201744
3200,1.0,0.8,1,32,posthoc_orth,y,var,0.008735078,n=3200_bz=1.0_cv1=0.8_p=1_q=32_20251022-201744
3200,1.0,0.8,1,32,posthoc_orth,fx,mspe,0.0593674,n=3200_bz=1.0_cv1=0.8_p=1_q=32_20251022-201744
3200,1.0,0.8,1,32,posthoc_orth,fx,bias2,0.051836867,n=3200_bz=1.0_cv1=0.8_p=1_q=32_20251022-201744
3200,1.0,0.8,1,32,posthoc_orth,fx,var,0.007530536,n=3200_bz=1.0_cv1=0.8_p=1_q=32_20251022-201744
3200,1.0,0.8,1,32,posthoc_orth,fz,mspe,0.050551295,n=3200_bz=1.0_cv1=0.8_p=1_q=32_20251022-201744
3200,1.0,0.8,1,32,posthoc_orth,fz,bias2,0.04956724,n=3200_bz=1.0_cv1=0.8_p=1_q=32_20251022-201744
3200,1.0,0.8,1,32,posthoc_orth,fz,var,0.0009840542,n=3200_bz=1.0_cv1=0.8_p=1_q=32_20251022-201744
3200,1.0,0.8,1,32,posthoc_orth,fr,mspe,0.015460301,n=3200_bz=1.0_cv1=0.8_p=1_q=32_20251022-201744
3200,1.0,0.8,1,32,posthoc_orth,fr,bias2,0.007929765,n=3200_bz=1.0_cv1=0.8_p=1_q=32_20251022-201744
3200,1.0,0.8,1,32,posthoc_orth,fr,var,0.007530536,n=3200_bz=1.0_cv1=0.8_p=1_q=32_20251022-201744
3200,1.0,0.8,1,32,posthoc_orth_lam0,y,mspe,1.0289916,n=3200_bz=1.0_cv1=0.8_p=1_q=32_20251022-201744
3200,1.0,0.8,1,32,posthoc_orth_lam0,y,bias2,1.0042512,n=3200_bz=1.0_cv1=0.8_p=1_q=32_20251022-201744
3200,1.0,0.8,1,32,posthoc_orth_lam0,y,var,0.024740392,n=3200_bz=1.0_cv1=0.8_p=1_q=32_20251022-201744
3200,1.0,0.8,1,32,posthoc_orth_lam0,fx,mspe,0.074556656,n=3200_bz=1.0_cv1=0.8_p=1_q=32_20251022-201744
3200,1.0,0.8,1,32,posthoc_orth_lam0,fx,bias2,0.05105458,n=3200_bz=1.0_cv1=0.8_p=1_q=32_20251022-201744
3200,1.0,0.8,1,32,posthoc_orth_lam0,fx,var,0.023502076,n=3200_bz=1.0_cv1=0.8_p=1_q=32_20251022-201744
3200,1.0,0.8,1,32,posthoc_orth_lam0,fz,mspe,0.050780457,n=3200_bz=1.0_cv1=0.8_p=1_q=32_20251022-201744
3200,1.0,0.8,1,32,posthoc_orth_lam0,fz,bias2,0.04979394,n=3200_bz=1.0_cv1=0.8_p=1_q=32_20251022-201744
3200,1.0,0.8,1,32,posthoc_orth_lam0,fz,var,0.0009865157,n=3200_bz=1.0_cv1=0.8_p=1_q=32_20251022-201744
3200,1.0,0.8,1,32,posthoc_orth_lam0,fr,mspe,0.031090276,n=3200_bz=1.0_cv1=0.8_p=1_q=32_20251022-201744
3200,1.0,0.8,1,32,posthoc_orth_lam0,fr,bias2,0.0075882054,n=3200_bz=1.0_cv1=0.8_p=1_q=32_20251022-201744
3200,1.0,0.8,1,32,posthoc_orth_lam0,fr,var,0.023502076,n=3200_bz=1.0_cv1=0.8_p=1_q=32_20251022-201744
3200,1.0,0.8,1,32,posthoc_web,y,mspe,1.3331302,n=3200_bz=1.0_cv1=0.8_p=1_q=32_20251022-201744
3200,1.0,0.8,1,32,posthoc_web,y,bias2,1.3296808,n=3200_bz=1.0_cv1=0.8_p=1_q=32_20251022-201744
3200,1.0,0.8,1,32,posthoc_web,y,var,0.0034494377,n=3200_bz=1.0_cv1=0.8_p=1_q=32_20251022-201744
3200,1.0,0.8,1,32,posthoc_web,fx,mspe,0.07269352,n=3200_bz=1.0_cv1=0.8_p=1_q=32_20251022-201744
3200,1.0,0.8,1,32,posthoc_web,fx,bias2,0.06996018,n=3200_bz=1.0_cv1=0.8_p=1_q=32_20251022-201744
3200,1.0,0.8,1,32,posthoc_web,fx,var,0.0027333335,n=3200_bz=1.0_cv1=0.8_p=1_q=32_20251022-201744
3200,1.0,0.8,1,32,posthoc_web,fz,mspe,0.07795459,n=3200_bz=1.0_cv1=0.8_p=1_q=32_20251022-201744
3200,1.0,0.8,1,32,posthoc_web,fz,bias2,0.07795459,n=3200_bz=1.0_cv1=0.8_p=1_q=32_20251022-201744
3200,1.0,0.8,1,32,posthoc_web,fz,var,0.0,n=3200_bz=1.0_cv1=0.8_p=1_q=32_20251022-201744
3200,1.0,0.8,1,32,posthoc_web,fr,mspe,0.020928163,n=3200_bz=1.0_cv1=0.8_p=1_q=32_20251022-201744
3200,1.0,0.8,1,32,posthoc_web,fr,bias2,0.01819483,n=3200_bz=1.0_cv1=0.8_p=1_q=32_20251022-201744
3200,1.0,0.8,1,32,posthoc_web,fr,var,0.0027333335,n=3200_bz=1.0_cv1=0.8_p=1_q=32_20251022-201744
3200,1.0,0.9,1,32,base,y,mspe,1.0126137,n=3200_bz=1.0_cv1=0.9_p=1_q=32_20251022-202345
3200,1.0,0.9,1,32,base,y,bias2,1.0100464,n=3200_bz=1.0_cv1=0.9_p=1_q=32_20251022-202345
3200,1.0,0.9,1,32,base,y,var,0.0025673467,n=3200_bz=1.0_cv1=0.9_p=1_q=32_20251022-202345
3200,1.0,0.9,1,32,base,fx,mspe,0.07295171,n=3200_bz=1.0_cv1=0.9_p=1_q=32_20251022-202345
3200,1.0,0.9,1,32,base,fx,bias2,0.070801504,n=3200_bz=1.0_cv1=0.9_p=1_q=32_20251022-202345
3200,1.0,0.9,1,32,base,fx,var,0.002150204,n=3200_bz=1.0_cv1=0.9_p=1_q=32_20251022-202345
3200,1.0,0.9,1,32,base,fz,mspe,0.07795459,n=3200_bz=1.0_cv1=0.9_p=1_q=32_20251022-202345
3200,1.0,0.9,1,32,base,fz,bias2,0.07795459,n=3200_bz=1.0_cv1=0.9_p=1_q=32_20251022-202345
3200,1.0,0.9,1,32,base,fz,var,0.0,n=3200_bz=1.0_cv1=0.9_p=1_q=32_20251022-202345
3200,1.0,0.9,1,32,base,fr,mspe,0.16605921,n=3200_bz=1.0_cv1=0.9_p=1_q=32_20251022-202345
3200,1.0,0.9,1,32,base,fr,bias2,0.163909,n=3200_bz=1.0_cv1=0.9_p=1_q=32_20251022-202345
3200,1.0,0.9,1,32,base,fr,var,0.002150204,n=3200_bz=1.0_cv1=0.9_p=1_q=32_20251022-202345
3200,1.0,0.9,1,32,posthoc,y,mspe,1.0180908,n=3200_bz=1.0_cv1=0.9_p=1_q=32_20251022-202345
3200,1.0,0.9,1,32,posthoc,y,bias2,1.0055794,n=3200_bz=1.0_cv1=0.9_p=1_q=32_20251022-202345
3200,1.0,0.9,1,32,posthoc,y,var,0.0125115095,n=3200_bz=1.0_cv1=0.9_p=1_q=32_20251022-202345
3200,1.0,0.9,1,32,posthoc,fx,mspe,0.052803077,n=3200_bz=1.0_cv1=0.9_p=1_q=32_20251022-202345
3200,1.0,0.9,1,32,posthoc,fx,bias2,0.016303904,n=3200_bz=1.0_cv1=0.9_p=1_q=32_20251022-202345
3200,1.0,0.9,1,32,posthoc,fx,var,0.03649917,n=3200_bz=1.0_cv1=0.9_p=1_q=32_20251022-202345
3200,1.0,0.9,1,32,posthoc,fz,mspe,0.060333367,n=3200_bz=1.0_cv1=0.9_p=1_q=32_20251022-202345
3200,1.0,0.9,1,32,posthoc,fz,bias2,0.015179281,n=3200_bz=1.0_cv1=0.9_p=1_q=32_20251022-202345
3200,1.0,0.9,1,32,posthoc,fz,var,0.045154084,n=3200_bz=1.0_cv1=0.9_p=1_q=32_20251022-202345
3200,1.0,0.9,1,32,posthoc,fr,mspe,0.10750318,n=3200_bz=1.0_cv1=0.9_p=1_q=32_20251022-202345
3200,1.0,0.9,1,32,posthoc,fr,bias2,0.07100402,n=3200_bz=1.0_cv1=0.9_p=1_q=32_20251022-202345
3200,1.0,0.9,1,32,posthoc,fr,var,0.03649917,n=3200_bz=1.0_cv1=0.9_p=1_q=32_20251022-202345
3200,1.0,0.9,1,32,posthoc_lam0,y,mspe,1.07109,n=3200_bz=1.0_cv1=0.9_p=1_q=32_20251022-202345
3200,1.0,0.9,1,32,posthoc_lam0,y,bias2,1.0060736,n=3200_bz=1.0_cv1=0.9_p=1_q=32_20251022-202345
3200,1.0,0.9,1,32,posthoc_lam0,y,var,0.06501642,n=3200_bz=1.0_cv1=0.9_p=1_q=32_20251022-202345
3200,1.0,0.9,1,32,posthoc_lam0,fx,mspe,0.1098625,n=3200_bz=1.0_cv1=0.9_p=1_q=32_20251022-202345
3200,1.0,0.9,1,32,posthoc_lam0,fx,bias2,0.00054625503,n=3200_bz=1.0_cv1=0.9_p=1_q=32_20251022-202345
3200,1.0,0.9,1,32,posthoc_lam0,fx,var,0.109316245,n=3200_bz=1.0_cv1=0.9_p=1_q=32_20251022-202345
3200,1.0,0.9,1,32,posthoc_lam0,fz,mspe,0.10502944,n=3200_bz=1.0_cv1=0.9_p=1_q=32_20251022-202345
3200,1.0,0.9,1,32,posthoc_lam0,fz,bias2,0.0005964833,n=3200_bz=1.0_cv1=0.9_p=1_q=32_20251022-202345
3200,1.0,0.9,1,32,posthoc_lam0,fz,var,0.104432955,n=3200_bz=1.0_cv1=0.9_p=1_q=32_20251022-202345
3200,1.0,0.9,1,32,posthoc_lam0,fr,mspe,0.1340512,n=3200_bz=1.0_cv1=0.9_p=1_q=32_20251022-202345
3200,1.0,0.9,1,32,posthoc_lam0,fr,bias2,0.024734959,n=3200_bz=1.0_cv1=0.9_p=1_q=32_20251022-202345
3200,1.0,0.9,1,32,posthoc_lam0,fr,var,0.109316245,n=3200_bz=1.0_cv1=0.9_p=1_q=32_20251022-202345
3200,1.0,0.9,1,32,posthoc_orth,y,mspe,1.0201683,n=3200_bz=1.0_cv1=0.9_p=1_q=32_20251022-202345
3200,1.0,0.9,1,32,posthoc_orth,y,bias2,1.0059383,n=3200_bz=1.0_cv1=0.9_p=1_q=32_20251022-202345
3200,1.0,0.9,1,32,posthoc_orth,y,var,0.014230037,n=3200_bz=1.0_cv1=0.9_p=1_q=32_20251022-202345
3200,1.0,0.9,1,32,posthoc_orth,fx,mspe,0.07592117,n=3200_bz=1.0_cv1=0.9_p=1_q=32_20251022-202345
3200,1.0,0.9,1,32,posthoc_orth,fx,bias2,0.06276481,n=3200_bz=1.0_cv1=0.9_p=1_q=32_20251022-202345
3200,1.0,0.9,1,32,posthoc_orth,fx,var,0.01315636,n=3200_bz=1.0_cv1=0.9_p=1_q=32_20251022-202345
3200,1.0,0.9,1,32,posthoc_orth,fz,mspe,0.0637468,n=3200_bz=1.0_cv1=0.9_p=1_q=32_20251022-202345
3200,1.0,0.9,1,32,posthoc_orth,fz,bias2,0.062745005,n=3200_bz=1.0_cv1=0.9_p=1_q=32_20251022-202345
3200,1.0,0.9,1,32,posthoc_orth,fz,var,0.0010017898,n=3200_bz=1.0_cv1=0.9_p=1_q=32_20251022-202345
3200,1.0,0.9,1,32,posthoc_orth,fr,mspe,0.02567572,n=3200_bz=1.0_cv1=0.9_p=1_q=32_20251022-202345
3200,1.0,0.9,1,32,posthoc_orth,fr,bias2,0.012519362,n=3200_bz=1.0_cv1=0.9_p=1_q=32_20251022-202345
3200,1.0,0.9,1,32,posthoc_orth,fr,var,0.01315636,n=3200_bz=1.0_cv1=0.9_p=1_q=32_20251022-202345
3200,1.0,0.9,1,32,posthoc_orth_lam0,y,mspe,1.0683024,n=3200_bz=1.0_cv1=0.9_p=1_q=32_20251022-202345
3200,1.0,0.9,1,32,posthoc_orth_lam0,y,bias2,1.0044843,n=3200_bz=1.0_cv1=0.9_p=1_q=32_20251022-202345
3200,1.0,0.9,1,32,posthoc_orth_lam0,y,var,0.06381818,n=3200_bz=1.0_cv1=0.9_p=1_q=32_20251022-202345
3200,1.0,0.9,1,32,posthoc_orth_lam0,fx,mspe,0.1294968,n=3200_bz=1.0_cv1=0.9_p=1_q=32_20251022-202345
3200,1.0,0.9,1,32,posthoc_orth_lam0,fx,bias2,0.06658246,n=3200_bz=1.0_cv1=0.9_p=1_q=32_20251022-202345
3200,1.0,0.9,1,32,posthoc_orth_lam0,fx,var,0.06291434,n=3200_bz=1.0_cv1=0.9_p=1_q=32_20251022-202345
3200,1.0,0.9,1,32,posthoc_orth_lam0,fz,mspe,0.06399175,n=3200_bz=1.0_cv1=0.9_p=1_q=32_20251022-202345
3200,1.0,0.9,1,32,posthoc_orth_lam0,fz,bias2,0.062988624,n=3200_bz=1.0_cv1=0.9_p=1_q=32_20251022-202345
3200,1.0,0.9,1,32,posthoc_orth_lam0,fz,var,0.0010031237,n=3200_bz=1.0_cv1=0.9_p=1_q=32_20251022-202345
3200,1.0,0.9,1,32,posthoc_orth_lam0,fr,mspe,0.07705514,n=3200_bz=1.0_cv1=0.9_p=1_q=32_20251022-202345
3200,1.0,0.9,1,32,posthoc_orth_lam0,fr,bias2,0.01414079,n=3200_bz=1.0_cv1=0.9_p=1_q=32_20251022-202345
3200,1.0,0.9,1,32,posthoc_orth_lam0,fr,var,0.06291434,n=3200_bz=1.0_cv1=0.9_p=1_q=32_20251022-202345
3200,1.0,0.9,1,32,posthoc_web,y,mspe,1.330003,n=3200_bz=1.0_cv1=0.9_p=1_q=32_20251022-202345
3200,1.0,0.9,1,32,posthoc_web,y,bias2,1.3276019,n=3200_bz=1.0_cv1=0.9_p=1_q=32_20251022-202345
3200,1.0,0.9,1,32,posthoc_web,y,var,0.0024010192,n=3200_bz=1.0_cv1=0.9_p=1_q=32_20251022-202345
3200,1.0,0.9,1,32,posthoc_web,fx,mspe,0.070955634,n=3200_bz=1.0_cv1=0.9_p=1_q=32_20251022-202345
3200,1.0,0.9,1,32,posthoc_web,fx,bias2,0.069284834,n=3200_bz=1.0_cv1=0.9_p=1_q=32_20251022-202345
3200,1.0,0.9,1,32,posthoc_web,fx,var,0.0016708013,n=3200_bz=1.0_cv1=0.9_p=1_q=32_20251022-202345
3200,1.0,0.9,1,32,posthoc_web,fz,mspe,0.07795459,n=3200_bz=1.0_cv1=0.9_p=1_q=32_20251022-202345
3200,1.0,0.9,1,32,posthoc_web,fz,bias2,0.07795459,n=3200_bz=1.0_cv1=0.9_p=1_q=32_20251022-202345
3200,1.0,0.9,1,32,posthoc_web,fz,var,0.0,n=3200_bz=1.0_cv1=0.9_p=1_q=32_20251022-202345
3200,1.0,0.9,1,32,posthoc_web,fr,mspe,0.017634116,n=3200_bz=1.0_cv1=0.9_p=1_q=32_20251022-202345
3200,1.0,0.9,1,32,posthoc_web,fr,bias2,0.015963314,n=3200_bz=1.0_cv1=0.9_p=1_q=32_20251022-202345
3200,1.0,0.9,1,32,posthoc_web,fr,var,0.0016708013,n=3200_bz=1.0_cv1=0.9_p=1_q=32_20251022-202345
3200,1.0,0.0,1,32,base,y,mspe,1.1002265,n=3200_bz=1.0_cv1=0_p=1_q=32_20251022-193234
3200,1.0,0.0,1,32,base,y,bias2,1.0977329,n=3200_bz=1.0_cv1=0_p=1_q=32_20251022-193234
3200,1.0,0.0,1,32,base,y,var,0.0024935163,n=3200_bz=1.0_cv1=0_p=1_q=32_20251022-193234
3200,1.0,0.0,1,32,base,fx,mspe,0.0021760005,n=3200_bz=1.0_cv1=0_p=1_q=32_20251022-193234
3200,1.0,0.0,1,32,base,fx,bias2,0.00025904662,n=3200_bz=1.0_cv1=0_p=1_q=32_20251022-193234
3200,1.0,0.0,1,32,base,fx,var,0.0019169541,n=3200_bz=1.0_cv1=0_p=1_q=32_20251022-193234
3200,1.0,0.0,1,32,base,fz,mspe,0.07795459,n=3200_bz=1.0_cv1=0_p=1_q=32_20251022-193234
3200,1.0,0.0,1,32,base,fz,bias2,0.07795459,n=3200_bz=1.0_cv1=0_p=1_q=32_20251022-193234
3200,1.0,0.0,1,32,base,fz,var,0.0,n=3200_bz=1.0_cv1=0_p=1_q=32_20251022-193234
3200,1.0,0.0,1,32,base,fr,mspe,0.021379298,n=3200_bz=1.0_cv1=0_p=1_q=32_20251022-193234
3200,1.0,0.0,1,32,base,fr,bias2,0.019462341,n=3200_bz=1.0_cv1=0_p=1_q=32_20251022-193234
3200,1.0,0.0,1,32,base,fr,var,0.0019169541,n=3200_bz=1.0_cv1=0_p=1_q=32_20251022-193234
3200,1.0,0.0,1,32,posthoc,y,mspe,1.0076053,n=3200_bz=1.0_cv1=0_p=1_q=32_20251022-193234
3200,1.0,0.0,1,32,posthoc,y,bias2,1.0032876,n=3200_bz=1.0_cv1=0_p=1_q=32_20251022-193234
3200,1.0,0.0,1,32,posthoc,y,var,0.00431766,n=3200_bz=1.0_cv1=0_p=1_q=32_20251022-193234
3200,1.0,0.0,1,32,posthoc,fx,mspe,0.0030009882,n=3200_bz=1.0_cv1=0_p=1_q=32_20251022-193234
3200,1.0,0.0,1,32,posthoc,fx,bias2,6.212296e-05,n=3200_bz=1.0_cv1=0_p=1_q=32_20251022-193234
3200,1.0,0.0,1,32,posthoc,fx,var,0.0029388652,n=3200_bz=1.0_cv1=0_p=1_q=32_20251022-193234
3200,1.0,0.0,1,32,posthoc,fz,mspe,0.0008156132,n=3200_bz=1.0_cv1=0_p=1_q=32_20251022-193234
3200,1.0,0.0,1,32,posthoc,fz,bias2,3.1165277e-07,n=3200_bz=1.0_cv1=0_p=1_q=32_20251022-193234
3200,1.0,0.0,1,32,posthoc,fz,var,0.0008153015,n=3200_bz=1.0_cv1=0_p=1_q=32_20251022-193234
3200,1.0,0.0,1,32,posthoc,fr,mspe,0.022677738,n=3200_bz=1.0_cv1=0_p=1_q=32_20251022-193234
3200,1.0,0.0,1,32,posthoc,fr,bias2,0.019738872,n=3200_bz=1.0_cv1=0_p=1_q=32_20251022-193234
3200,1.0,0.0,1,32,posthoc,fr,var,0.0029388652,n=3200_bz=1.0_cv1=0_p=1_q=32_20251022-193234
3200,1.0,0.0,1,32,posthoc_lam0,y,mspe,1.0181075,n=3200_bz=1.0_cv1=0_p=1_q=32_20251022-193234
3200,1.0,0.0,1,32,posthoc_lam0,y,bias2,1.0043598,n=3200_bz=1.0_cv1=0_p=1_q=32_20251022-193234
3200,1.0,0.0,1,32,posthoc_lam0,y,var,0.013747656,n=3200_bz=1.0_cv1=0_p=1_q=32_20251022-193234
3200,1.0,0.0,1,32,posthoc_lam0,fx,mspe,0.012597782,n=3200_bz=1.0_cv1=0_p=1_q=32_20251022-193234
3200,1.0,0.0,1,32,posthoc_lam0,fx,bias2,0.00019546214,n=3200_bz=1.0_cv1=0_p=1_q=32_20251022-193234
3200,1.0,0.0,1,32,posthoc_lam0,fx,var,0.012402319,n=3200_bz=1.0_cv1=0_p=1_q=32_20251022-193234
3200,1.0,0.0,1,32,posthoc_lam0,fz,mspe,0.00081872504,n=3200_bz=1.0_cv1=0_p=1_q=32_20251022-193234
3200,1.0,0.0,1,32,posthoc_lam0,fz,bias2,3.14915e-07,n=3200_bz=1.0_cv1=0_p=1_q=32_20251022-193234
3200,1.0,0.0,1,32,posthoc_lam0,fz,var,0.00081841013,n=3200_bz=1.0_cv1=0_p=1_q=32_20251022-193234
3200,1.0,0.0,1,32,posthoc_lam0,fr,mspe,0.03161421,n=3200_bz=1.0_cv1=0_p=1_q=32_20251022-193234
3200,1.0,0.0,1,32,posthoc_lam0,fr,bias2,0.019211888,n=3200_bz=1.0_cv1=0_p=1_q=32_20251022-193234
3200,1.0,0.0,1,32,posthoc_lam0,fr,var,0.012402319,n=3200_bz=1.0_cv1=0_p=1_q=32_20251022-193234
3200,1.0,0.0,1,32,posthoc_orth,y,mspe,1.0076485,n=3200_bz=1.0_cv1=0_p=1_q=32_20251022-193234
3200,1.0,0.0,1,32,posthoc_orth,y,bias2,1.0033197,n=3200_bz=1.0_cv1=0_p=1_q=32_20251022-193234
3200,1.0,0.0,1,32,posthoc_orth,y,var,0.004328636,n=3200_bz=1.0_cv1=0_p=1_q=32_20251022-193234
3200,1.0,0.0,1,32,posthoc_orth,fx,mspe,0.0031577912,n=3200_bz=1.0_cv1=0_p=1_q=32_20251022-193234
3200,1.0,0.0,1,32,posthoc_orth,fx,bias2,6.225565e-05,n=3200_bz=1.0_cv1=0_p=1_q=32_20251022-193234
3200,1.0,0.0,1,32,posthoc_orth,fx,var,0.0030955356,n=3200_bz=1.0_cv1=0_p=1_q=32_20251022-193234
3200,1.0,0.0,1,32,posthoc_orth,fz,mspe,0.0009263481,n=3200_bz=1.0_cv1=0_p=1_q=32_20251022-193234
3200,1.0,0.0,1,32,posthoc_orth,fz,bias2,3.9005673e-07,n=3200_bz=1.0_cv1=0_p=1_q=32_20251022-193234
3200,1.0,0.0,1,32,posthoc_orth,fz,var,0.000925958,n=3200_bz=1.0_cv1=0_p=1_q=32_20251022-193234
3200,1.0,0.0,1,32,posthoc_orth,fr,mspe,0.022780819,n=3200_bz=1.0_cv1=0_p=1_q=32_20251022-193234
3200,1.0,0.0,1,32,posthoc_orth,fr,bias2,0.019685283,n=3200_bz=1.0_cv1=0_p=1_q=32_20251022-193234
3200,1.0,0.0,1,32,posthoc_orth,fr,var,0.0030955356,n=3200_bz=1.0_cv1=0_p=1_q=32_20251022-193234
3200,1.0,0.0,1,32,posthoc_orth_lam0,y,mspe,1.0178086,n=3200_bz=1.0_cv1=0_p=1_q=32_20251022-193234
3200,1.0,0.0,1,32,posthoc_orth_lam0,y,bias2,1.0038203,n=3200_bz=1.0_cv1=0_p=1_q=32_20251022-193234
3200,1.0,0.0,1,32,posthoc_orth_lam0,y,var,0.013988242,n=3200_bz=1.0_cv1=0_p=1_q=32_20251022-193234
3200,1.0,0.0,1,32,posthoc_orth_lam0,fx,mspe,0.012939752,n=3200_bz=1.0_cv1=0_p=1_q=32_20251022-193234
3200,1.0,0.0,1,32,posthoc_orth_lam0,fx,bias2,0.00014022712,n=3200_bz=1.0_cv1=0_p=1_q=32_20251022-193234
3200,1.0,0.0,1,32,posthoc_orth_lam0,fx,var,0.012799524,n=3200_bz=1.0_cv1=0_p=1_q=32_20251022-193234
3200,1.0,0.0,1,32,posthoc_orth_lam0,fz,mspe,0.00092662213,n=3200_bz=1.0_cv1=0_p=1_q=32_20251022-193234
3200,1.0,0.0,1,32,posthoc_orth_lam0,fz,bias2,4.8967524e-07,n=3200_bz=1.0_cv1=0_p=1_q=32_20251022-193234
3200,1.0,0.0,1,32,posthoc_orth_lam0,fz,var,0.0009261325,n=3200_bz=1.0_cv1=0_p=1_q=32_20251022-193234
3200,1.0,0.0,1,32,posthoc_orth_lam0,fr,mspe,0.032022405,n=3200_bz=1.0_cv1=0_p=1_q=32_20251022-193234
3200,1.0,0.0,1,32,posthoc_orth_lam0,fr,bias2,0.01922288,n=3200_bz=1.0_cv1=0_p=1_q=32_20251022-193234
3200,1.0,0.0,1,32,posthoc_orth_lam0,fr,var,0.012799524,n=3200_bz=1.0_cv1=0_p=1_q=32_20251022-193234
3200,1.0,0.0,1,32,posthoc_web,y,mspe,1.1006978,n=3200_bz=1.0_cv1=0_p=1_q=32_20251022-193234
3200,1.0,0.0,1,32,posthoc_web,y,bias2,1.0980937,n=3200_bz=1.0_cv1=0_p=1_q=32_20251022-193234
3200,1.0,0.0,1,32,posthoc_web,y,var,0.0026039446,n=3200_bz=1.0_cv1=0_p=1_q=32_20251022-193234
3200,1.0,0.0,1,32,posthoc_web,fx,mspe,0.0022876519,n=3200_bz=1.0_cv1=0_p=1_q=32_20251022-193234
3200,1.0,0.0,1,32,posthoc_web,fx,bias2,0.00026026784,n=3200_bz=1.0_cv1=0_p=1_q=32_20251022-193234
3200,1.0,0.0,1,32,posthoc_web,fx,var,0.0020273842,n=3200_bz=1.0_cv1=0_p=1_q=32_20251022-193234
3200,1.0,0.0,1,32,posthoc_web,fz,mspe,0.07795459,n=3200_bz=1.0_cv1=0_p=1_q=32_20251022-193234
3200,1.0,0.0,1,32,posthoc_web,fz,bias2,0.07795459,n=3200_bz=1.0_cv1=0_p=1_q=32_20251022-193234
3200,1.0,0.0,1,32,posthoc_web,fz,var,0.0,n=3200_bz=1.0_cv1=0_p=1_q=32_20251022-193234
3200,1.0,0.0,1,32,posthoc_web,fr,mspe,0.021325545,n=3200_bz=1.0_cv1=0_p=1_q=32_20251022-193234
3200,1.0,0.0,1,32,posthoc_web,fr,bias2,0.019298164,n=3200_bz=1.0_cv1=0_p=1_q=32_20251022-193234
3200,1.0,0.0,1,32,posthoc_web,fr,var,0.0020273842,n=3200_bz=1.0_cv1=0_p=1_q=32_20251022-193234
3200,1.0,1.0,1,32,base,y,mspe,1.005358,n=3200_bz=1.0_cv1=1.0_p=1_q=32_20251022-202914
3200,1.0,1.0,1,32,base,y,bias2,1.0033588,n=3200_bz=1.0_cv1=1.0_p=1_q=32_20251022-202914
3200,1.0,1.0,1,32,base,y,var,0.0019991843,n=3200_bz=1.0_cv1=1.0_p=1_q=32_20251022-202914
3200,1.0,1.0,1,32,base,fx,mspe,0.08130766,n=3200_bz=1.0_cv1=1.0_p=1_q=32_20251022-202914
3200,1.0,1.0,1,32,base,fx,bias2,0.07965996,n=3200_bz=1.0_cv1=1.0_p=1_q=32_20251022-202914
3200,1.0,1.0,1,32,base,fx,var,0.0016477,n=3200_bz=1.0_cv1=1.0_p=1_q=32_20251022-202914
3200,1.0,1.0,1,32,base,fz,mspe,0.07795459,n=3200_bz=1.0_cv1=1.0_p=1_q=32_20251022-202914
3200,1.0,1.0,1,32,base,fz,bias2,0.07795459,n=3200_bz=1.0_cv1=1.0_p=1_q=32_20251022-202914
3200,1.0,1.0,1,32,base,fz,var,0.0,n=3200_bz=1.0_cv1=1.0_p=1_q=32_20251022-202914
3200,1.0,1.0,1,32,base,fr,mspe,0.17946245,n=3200_bz=1.0_cv1=1.0_p=1_q=32_20251022-202914
3200,1.0,1.0,1,32,base,fr,bias2,0.17781475,n=3200_bz=1.0_cv1=1.0_p=1_q=32_20251022-202914
3200,1.0,1.0,1,32,base,fr,var,0.0016477,n=3200_bz=1.0_cv1=1.0_p=1_q=32_20251022-202914
3200,1.0,1.0,1,32,posthoc,y,mspe,1.0117785,n=3200_bz=1.0_cv1=1.0_p=1_q=32_20251022-202914
3200,1.0,1.0,1,32,posthoc,y,bias2,1.0022135,n=3200_bz=1.0_cv1=1.0_p=1_q=32_20251022-202914
3200,1.0,1.0,1,32,posthoc,y,var,0.009565124,n=3200_bz=1.0_cv1=1.0_p=1_q=32_20251022-202914
3200,1.0,1.0,1,32,posthoc,fx,mspe,0.10058467,n=3200_bz=1.0_cv1=1.0_p=1_q=32_20251022-202914
3200,1.0,1.0,1,32,posthoc,fx,bias2,0.061304215,n=3200_bz=1.0_cv1=1.0_p=1_q=32_20251022-202914
3200,1.0,1.0,1,32,posthoc,fx,var,0.03928045,n=3200_bz=1.0_cv1=1.0_p=1_q=32_20251022-202914
3200,1.0,1.0,1,32,posthoc,fz,mspe,0.11171887,n=3200_bz=1.0_cv1=1.0_p=1_q=32_20251022-202914
3200,1.0,1.0,1,32,posthoc,fz,bias2,0.051037665,n=3200_bz=1.0_cv1=1.0_p=1_q=32_20251022-202914
3200,1.0,1.0,1,32,posthoc,fz,var,0.0606812,n=3200_bz=1.0_cv1=1.0_p=1_q=32_20251022-202914
3200,1.0,1.0,1,32,posthoc,fr,mspe,0.18894365,n=3200_bz=1.0_cv1=1.0_p=1_q=32_20251022-202914
3200,1.0,1.0,1,32,posthoc,fr,bias2,0.1496632,n=3200_bz=1.0_cv1=1.0_p=1_q=32_20251022-202914
3200,1.0,1.0,1,32,posthoc,fr,var,0.03928045,n=3200_bz=1.0_cv1=1.0_p=1_q=32_20251022-202914
3200,1.0,1.0,1,32,posthoc_lam0,y,mspe,28.892738,n=3200_bz=1.0_cv1=1.0_p=1_q=32_20251022-202914
3200,1.0,1.0,1,32,posthoc_lam0,y,bias2,1.1099334,n=3200_bz=1.0_cv1=1.0_p=1_q=32_20251022-202914
3200,1.0,1.0,1,32,posthoc_lam0,y,var,27.782806,n=3200_bz=1.0_cv1=1.0_p=1_q=32_20251022-202914
3200,1.0,1.0,1,32,posthoc_lam0,fx,mspe,50.232357,n=3200_bz=1.0_cv1=1.0_p=1_q=32_20251022-202914
3200,1.0,1.0,1,32,posthoc_lam0,fx,bias2,1.7708887,n=3200_bz=1.0_cv1=1.0_p=1_q=32_20251022-202914
3200,1.0,1.0,1,32,posthoc_lam0,fx,var,48.461468,n=3200_bz=1.0_cv1=1.0_p=1_q=32_20251022-202914
3200,1.0,1.0,1,32,posthoc_lam0,fz,mspe,53.24154,n=3200_bz=1.0_cv1=1.0_p=1_q=32_20251022-202914
3200,1.0,1.0,1,32,posthoc_lam0,fz,bias2,2.3378618,n=3200_bz=1.0_cv1=1.0_p=1_q=32_20251022-202914
3200,1.0,1.0,1,32,posthoc_lam0,fz,var,50.90367,n=3200_bz=1.0_cv1=1.0_p=1_q=32_20251022-202914
3200,1.0,1.0,1,32,posthoc_lam0,fr,mspe,50.61944,n=3200_bz=1.0_cv1=1.0_p=1_q=32_20251022-202914
3200,1.0,1.0,1,32,posthoc_lam0,fr,bias2,2.1579666,n=3200_bz=1.0_cv1=1.0_p=1_q=32_20251022-202914
3200,1.0,1.0,1,32,posthoc_lam0,fr,var,48.461468,n=3200_bz=1.0_cv1=1.0_p=1_q=32_20251022-202914
3200,1.0,1.0,1,32,posthoc_orth,y,mspe,1.0110532,n=3200_bz=1.0_cv1=1.0_p=1_q=32_20251022-202914
3200,1.0,1.0,1,32,posthoc_orth,y,bias2,1.0022191,n=3200_bz=1.0_cv1=1.0_p=1_q=32_20251022-202914
3200,1.0,1.0,1,32,posthoc_orth,y,var,0.008834134,n=3200_bz=1.0_cv1=1.0_p=1_q=32_20251022-202914
3200,1.0,1.0,1,32,posthoc_orth,fx,mspe,0.07424071,n=3200_bz=1.0_cv1=1.0_p=1_q=32_20251022-202914
3200,1.0,1.0,1,32,posthoc_orth,fx,bias2,0.0667139,n=3200_bz=1.0_cv1=1.0_p=1_q=32_20251022-202914
3200,1.0,1.0,1,32,posthoc_orth,fx,var,0.0075268145,n=3200_bz=1.0_cv1=1.0_p=1_q=32_20251022-202914
3200,1.0,1.0,1,32,posthoc_orth,fz,mspe,0.07868463,n=3200_bz=1.0_cv1=1.0_p=1_q=32_20251022-202914
3200,1.0,1.0,1,32,posthoc_orth,fz,bias2,0.077665366,n=3200_bz=1.0_cv1=1.0_p=1_q=32_20251022-202914
3200,1.0,1.0,1,32,posthoc_orth,fz,var,0.0010192565,n=3200_bz=1.0_cv1=1.0_p=1_q=32_20251022-202914
3200,1.0,1.0,1,32,posthoc_orth,fr,mspe,0.021878596,n=3200_bz=1.0_cv1=1.0_p=1_q=32_20251022-202914
3200,1.0,1.0,1,32,posthoc_orth,fr,bias2,0.014351781,n=3200_bz=1.0_cv1=1.0_p=1_q=32_20251022-202914
3200,1.0,1.0,1,32,posthoc_orth,fr,var,0.0075268145,n=3200_bz=1.0_cv1=1.0_p=1_q=32_20251022-202914
3200,1.0,1.0,1,32,posthoc_orth_lam0,y,mspe,31.805616,n=3200_bz=1.0_cv1=1.0_p=1_q=32_20251022-202914
3200,1.0,1.0,1,32,posthoc_orth_lam0,y,bias2,1.0158519,n=3200_bz=1.0_cv1=1.0_p=1_q=32_20251022-202914
3200,1.0,1.0,1,32,posthoc_orth_lam0,y,var,30.789762,n=3200_bz=1.0_cv1=1.0_p=1_q=32_20251022-202914
3200,1.0,1.0,1,32,posthoc_orth_lam0,fx,mspe,30.828587,n=3200_bz=1.0_cv1=1.0_p=1_q=32_20251022-202914
3200,1.0,1.0,1,32,posthoc_orth_lam0,fx,bias2,0.046690468,n=3200_bz=1.0_cv1=1.0_p=1_q=32_20251022-202914
3200,1.0,1.0,1,32,posthoc_orth_lam0,fx,var,30.781897,n=3200_bz=1.0_cv1=1.0_p=1_q=32_20251022-202914
3200,1.0,1.0,1,32,posthoc_orth_lam0,fz,mspe,0.078754045,n=3200_bz=1.0_cv1=1.0_p=1_q=32_20251022-202914
3200,1.0,1.0,1,32,posthoc_orth_lam0,fz,bias2,0.0777323,n=3200_bz=1.0_cv1=1.0_p=1_q=32_20251022-202914
3200,1.0,1.0,1,32,posthoc_orth_lam0,fz,var,0.0010217418,n=3200_bz=1.0_cv1=1.0_p=1_q=32_20251022-202914
3200,1.0,1.0,1,32,posthoc_orth_lam0,fr,mspe,30.798613,n=3200_bz=1.0_cv1=1.0_p=1_q=32_20251022-202914
3200,1.0,1.0,1,32,posthoc_orth_lam0,fr,bias2,0.01671777,n=3200_bz=1.0_cv1=1.0_p=1_q=32_20251022-202914
3200,1.0,1.0,1,32,posthoc_orth_lam0,fr,var,30.781897,n=3200_bz=1.0_cv1=1.0_p=1_q=32_20251022-202914
3200,1.0,1.0,1,32,posthoc_web,y,mspe,1.3350406,n=3200_bz=1.0_cv1=1.0_p=1_q=32_20251022-202914
3200,1.0,1.0,1,32,posthoc_web,y,bias2,1.3331177,n=3200_bz=1.0_cv1=1.0_p=1_q=32_20251022-202914
3200,1.0,1.0,1,32,posthoc_web,y,var,0.0019227756,n=3200_bz=1.0_cv1=1.0_p=1_q=32_20251022-202914
3200,1.0,1.0,1,32,posthoc_web,fx,mspe,0.0746619,n=3200_bz=1.0_cv1=1.0_p=1_q=32_20251022-202914
3200,1.0,1.0,1,32,posthoc_web,fx,bias2,0.07344448,n=3200_bz=1.0_cv1=1.0_p=1_q=32_20251022-202914
3200,1.0,1.0,1,32,posthoc_web,fx,var,0.0012174139,n=3200_bz=1.0_cv1=1.0_p=1_q=32_20251022-202914
3200,1.0,1.0,1,32,posthoc_web,fz,mspe,0.07795459,n=3200_bz=1.0_cv1=1.0_p=1_q=32_20251022-202914
3200,1.0,1.0,1,32,posthoc_web,fz,bias2,0.07795459,n=3200_bz=1.0_cv1=1.0_p=1_q=32_20251022-202914
3200,1.0,1.0,1,32,posthoc_web,fz,var,0.0,n=3200_bz=1.0_cv1=1.0_p=1_q=32_20251022-202914
3200,1.0,1.0,1,32,posthoc_web,fr,mspe,0.018630069,n=3200_bz=1.0_cv1=1.0_p=1_q=32_20251022-202914
3200,1.0,1.0,1,32,posthoc_web,fr,bias2,0.017412655,n=3200_bz=1.0_cv1=1.0_p=1_q=32_20251022-202914
3200,1.0,1.0,1,32,posthoc_web,fr,var,0.0012174139,n=3200_bz=1.0_cv1=1.0_p=1_q=32_20251022-202914
