model,effect,metric,value,bz,n
posthoc_xfit,y,mspe,1.0031371116638184,0,12800
posthoc_xfit,y,bias2,1.0010437965393066,0,12800
posthoc_xfit,y,var,0.002093343995511532,0,12800
posthoc_xfit,fx,mspe,0.0013453395804390311,0,12800
posthoc_xfit,fx,bias2,0.00032843148801475763,0,12800
posthoc_xfit,fx,var,0.0010169080924242735,0,12800
posthoc_xfit,fr,mspe,0.019065547734498978,0,12800
posthoc_xfit,fr,bias2,0.018048638477921486,0,12800
posthoc_xfit,fr,var,0.0010169080924242735,0,12800
posthoc_xfit,fz,mspe,0.0012873305240646005,0,12800
posthoc_xfit,fz,bias2,7.513578748330474e-05,0,12800
posthoc_xfit,fz,var,0.0012121946783736348,0,12800
posthoc_orth_xfit,y,mspe,1.0030910968780518,0,12800
posthoc_orth_xfit,y,bias2,1.000999093055725,0,12800
posthoc_orth_xfit,y,var,0.0020919786766171455,0,12800
posthoc_orth_xfit,fx,mspe,0.020696429535746574,0,12800
posthoc_orth_xfit,fx,bias2,0.019722778350114822,0,12800
posthoc_orth_xfit,fx,var,0.0009736494976095855,0,12800
posthoc_orth_xfit,fr,mspe,0.0012596730375662446,0,12800
posthoc_orth_xfit,fr,bias2,0.0002860235399566591,0,12800
posthoc_orth_xfit,fr,var,0.0009736494976095855,0,12800
posthoc_orth_xfit,fz,mspe,0.020828571170568466,0,12800
posthoc_orth_xfit,fz,bias2,0.019577588886022568,0,12800
posthoc_orth_xfit,fz,var,0.0012509842636063695,0,12800
posthoc_xfit,y,mspe,1.0048134326934814,0.5,12800
posthoc_xfit,y,bias2,1.0027278661727905,0.5,12800
posthoc_xfit,y,var,0.0020856610499322414,0.5,12800
posthoc_xfit,fx,mspe,0.0015107985818758607,0.5,12800
posthoc_xfit,fx,bias2,0.00045068905455991626,0.5,12800
posthoc_xfit,fx,var,0.0010601095855236053,0.5,12800
posthoc_xfit,fr,mspe,0.021639158949255943,0.5,12800
posthoc_xfit,fr,bias2,0.020579049363732338,0.5,12800
posthoc_xfit,fr,var,0.0010601095855236053,0.5,12800
posthoc_xfit,fz,mspe,0.0013543914537876844,0.5,12800
posthoc_xfit,fz,bias2,4.208553582429886e-05,0.5,12800
posthoc_xfit,fz,var,0.0013123059179633856,0.5,12800
posthoc_orth_xfit,y,mspe,1.004844069480896,0.5,12800
posthoc_orth_xfit,y,bias2,1.002740502357483,0.5,12800
posthoc_orth_xfit,y,var,0.0021034814417362213,0.5,12800
posthoc_orth_xfit,fx,mspe,0.020795779302716255,0.5,12800
posthoc_orth_xfit,fx,bias2,0.019812174141407013,0.5,12800
posthoc_orth_xfit,fx,var,0.000983604695647955,0.5,12800
posthoc_orth_xfit,fr,mspe,0.0014170233625918627,0.5,12800
posthoc_orth_xfit,fr,bias2,0.0004334188997745514,0.5,12800
posthoc_orth_xfit,fr,var,0.000983604695647955,0.5,12800
posthoc_orth_xfit,fz,mspe,0.02085505984723568,0.5,12800
posthoc_orth_xfit,fz,bias2,0.019574802368879318,0.5,12800
posthoc_orth_xfit,fz,var,0.0012802605051547289,0.5,12800
posthoc_xfit,y,mspe,1.0047894716262817,1,12800
posthoc_xfit,y,bias2,1.0026246309280396,1,12800
posthoc_xfit,y,var,0.0021647403482347727,1,12800
posthoc_xfit,fx,mspe,0.0017722997581586242,1,12800
posthoc_xfit,fx,bias2,0.0005920241237618029,1,12800
posthoc_xfit,fx,var,0.0011802755761891603,1,12800
posthoc_xfit,fr,mspe,0.021584084257483482,1,12800
posthoc_xfit,fr,bias2,0.02040380984544754,1,12800
posthoc_xfit,fr,var,0.0011802755761891603,1,12800
posthoc_xfit,fz,mspe,0.001451070886105299,1,12800
posthoc_xfit,fz,bias2,4.591923061525449e-05,1,12800
posthoc_xfit,fz,var,0.0014051516773179173,1,12800
posthoc_orth_xfit,y,mspe,1.0047826766967773,1,12800
posthoc_orth_xfit,y,bias2,1.0026127099990845,1,12800
posthoc_orth_xfit,y,var,0.0021699313074350357,1,12800
posthoc_orth_xfit,fx,mspe,0.02090563252568245,1,12800
posthoc_orth_xfit,fx,bias2,0.0198541060090065,1,12800
posthoc_orth_xfit,fx,var,0.0010515268659219146,1,12800
posthoc_orth_xfit,fr,mspe,0.0016354508697986603,1,12800
posthoc_orth_xfit,fr,bias2,0.0005839240038767457,1,12800
posthoc_orth_xfit,fr,var,0.0010515268659219146,1,12800
posthoc_orth_xfit,fz,mspe,0.020922159776091576,1,12800
posthoc_orth_xfit,fz,bias2,0.019572729244828224,1,12800
posthoc_orth_xfit,fz,var,0.0013494285522028804,1,12800
posthoc_xfit,y,mspe,1.0047831535339355,1.5,12800
posthoc_xfit,y,bias2,1.0025619268417358,1.5,12800
posthoc_xfit,y,var,0.002221133327111602,1.5,12800
posthoc_xfit,fx,mspe,0.0017990571213886142,1.5,12800
posthoc_xfit,fx,bias2,0.0005639816517941654,1.5,12800
posthoc_xfit,fx,var,0.001235075294971466,1.5,12800
posthoc_xfit,fr,mspe,0.021090131253004074,1.5,12800
posthoc_xfit,fr,bias2,0.019855057820677757,1.5,12800
posthoc_xfit,fr,var,0.001235075294971466,1.5,12800
posthoc_xfit,fz,mspe,0.001543082413263619,1.5,12800
posthoc_xfit,fz,bias2,5.2450894145295024e-05,1.5,12800
posthoc_xfit,fz,var,0.0014906317228451371,1.5,12800
posthoc_orth_xfit,y,mspe,1.004835605621338,1.5,12800
posthoc_orth_xfit,y,bias2,1.0025990009307861,1.5,12800
posthoc_orth_xfit,y,var,0.0022366205230355263,1.5,12800
posthoc_orth_xfit,fx,mspe,0.020965225994586945,1.5,12800
posthoc_orth_xfit,fx,bias2,0.019840877503156662,1.5,12800
posthoc_orth_xfit,fx,var,0.0011243483750149608,1.5,12800
posthoc_orth_xfit,fr,mspe,0.0016789487563073635,1.5,12800
posthoc_orth_xfit,fr,bias2,0.0005546005559153855,1.5,12800
posthoc_orth_xfit,fr,var,0.0011243483750149608,1.5,12800
posthoc_orth_xfit,fz,mspe,0.021032080054283142,1.5,12800
posthoc_orth_xfit,fz,bias2,0.019572481513023376,1.5,12800
posthoc_orth_xfit,fz,var,0.0014595957472920418,1.5,12800
posthoc_xfit,y,mspe,1.0048837661743164,2,12800
posthoc_xfit,y,bias2,1.0026087760925293,2,12800
posthoc_xfit,y,var,0.002275023376569152,2,12800
posthoc_xfit,fx,mspe,0.0019315369427204132,2,12800
posthoc_xfit,fx,bias2,0.0006266651907935739,2,12800
posthoc_xfit,fx,var,0.0013048718683421612,2,12800
posthoc_xfit,fr,mspe,0.020739441737532616,2,12800
posthoc_xfit,fr,bias2,0.019434567540884018,2,12800
posthoc_xfit,fr,var,0.0013048718683421612,2,12800
posthoc_xfit,fz,mspe,0.0017181086586788297,2,12800
posthoc_xfit,fz,bias2,7.235997327370569e-05,2,12800
posthoc_xfit,fz,var,0.0016457486199215055,2,12800
posthoc_orth_xfit,y,mspe,1.0048753023147583,2,12800
posthoc_orth_xfit,y,bias2,1.0025984048843384,2,12800
posthoc_orth_xfit,y,var,0.0022769072093069553,2,12800
posthoc_orth_xfit,fx,mspe,0.0209946446120739,2,12800
posthoc_orth_xfit,fx,bias2,0.019826851785182953,2,12800
posthoc_orth_xfit,fx,var,0.0011677939910441637,2,12800
posthoc_orth_xfit,fr,mspe,0.0017785349627956748,2,12800
posthoc_orth_xfit,fr,bias2,0.0006107411463744938,2,12800
posthoc_orth_xfit,fr,var,0.0011677939910441637,2,12800
posthoc_orth_xfit,fz,mspe,0.02118399180471897,2,12800
posthoc_orth_xfit,fz,bias2,0.019573621451854706,2,12800
posthoc_orth_xfit,fz,var,0.0016103696543723345,2,12800
posthoc_xfit,y,mspe,1.0053343772888184,2.5,12800
posthoc_xfit,y,bias2,1.0030676126480103,2.5,12800
posthoc_xfit,y,var,0.0022666139993816614,2.5,12800
posthoc_xfit,fx,mspe,0.0019885487854480743,2.5,12800
posthoc_xfit,fx,bias2,0.0006958761950954795,2.5,12800
posthoc_xfit,fx,var,0.001292672473937273,2.5,12800
posthoc_xfit,fr,mspe,0.020697420462965965,2.5,12800
posthoc_xfit,fr,bias2,0.01940474659204483,2.5,12800
posthoc_xfit,fr,var,0.001292672473937273,2.5,12800
posthoc_xfit,fz,mspe,0.0019069333793595433,2.5,12800
posthoc_xfit,fz,bias2,8.208027429645881e-05,2.5,12800
posthoc_xfit,fz,var,0.0018248531268909574,2.5,12800
posthoc_orth_xfit,y,mspe,1.0053099393844604,2.5,12800
posthoc_orth_xfit,y,bias2,1.0030382871627808,2.5,12800
posthoc_orth_xfit,y,var,0.002271746750921011,2.5,12800
posthoc_orth_xfit,fx,mspe,0.021057238802313805,2.5,12800
posthoc_orth_xfit,fx,bias2,0.01990465074777603,2.5,12800
posthoc_orth_xfit,fx,var,0.0011525875888764858,2.5,12800
posthoc_orth_xfit,fr,mspe,0.0018286299891769886,2.5,12800
posthoc_orth_xfit,fr,bias2,0.0006760423420928419,2.5,12800
posthoc_orth_xfit,fr,var,0.0011525875888764858,2.5,12800
posthoc_orth_xfit,fz,mspe,0.02137804962694645,2.5,12800
posthoc_orth_xfit,fz,bias2,0.019576268270611763,2.5,12800
posthoc_orth_xfit,fz,var,0.0018017844995483756,2.5,12800
posthoc_xfit,y,mspe,1.0054173469543457,3,12800
posthoc_xfit,y,bias2,1.003115177154541,3,12800
posthoc_xfit,y,var,0.0023020815569907427,3,12800
posthoc_xfit,fx,mspe,0.0020142323337495327,3,12800
posthoc_xfit,fx,bias2,0.0006665567052550614,3,12800
posthoc_xfit,fx,var,0.0013476753374561667,3,12800
posthoc_xfit,fr,mspe,0.020441992208361626,3,12800
posthoc_xfit,fr,bias2,0.01909431628882885,3,12800
posthoc_xfit,fr,var,0.0013476753374561667,3,12800
posthoc_xfit,fz,mspe,0.0021645789965987206,3,12800
posthoc_xfit,fz,bias2,9.562200284563005e-05,3,12800
posthoc_xfit,fz,var,0.0020689568482339382,3,12800
posthoc_orth_xfit,y,mspe,1.0054932832717896,3,12800
posthoc_orth_xfit,y,bias2,1.003178596496582,3,12800
posthoc_orth_xfit,y,var,0.0023146485909819603,3,12800
posthoc_orth_xfit,fx,mspe,0.02108301967382431,3,12800
posthoc_orth_xfit,fx,bias2,0.019889310002326965,3,12800
posthoc_orth_xfit,fx,var,0.0011937092058360577,3,12800
posthoc_orth_xfit,fr,mspe,0.0018305748235434294,3,12800
posthoc_orth_xfit,fr,bias2,0.0006368655012920499,3,12800
posthoc_orth_xfit,fr,var,0.0011937092058360577,3,12800
posthoc_orth_xfit,fz,mspe,0.021614186465740204,3,12800
posthoc_orth_xfit,fz,bias2,0.019580353051424026,3,12800
posthoc_orth_xfit,fz,var,0.002033831086009741,3,12800
posthoc_xfit,y,mspe,1.0052502155303955,3.5,12800
posthoc_xfit,y,bias2,1.0030159950256348,3.5,12800
posthoc_xfit,y,var,0.00223421398550272,3.5,12800
posthoc_xfit,fx,mspe,0.00199090875685215,3.5,12800
posthoc_xfit,fx,bias2,0.0007146658026613295,3.5,12800
posthoc_xfit,fx,var,0.0012762428959831595,3.5,12800
posthoc_xfit,fr,mspe,0.02043456956744194,3.5,12800
posthoc_xfit,fr,bias2,0.01915832795202732,3.5,12800
posthoc_xfit,fr,var,0.0012762428959831595,3.5,12800
posthoc_xfit,fz,mspe,0.0024083093740046024,3.5,12800
posthoc_xfit,fz,bias2,0.00010450351692270488,3.5,12800
posthoc_xfit,fz,var,0.0023038059007376432,3.5,12800
posthoc_orth_xfit,y,mspe,1.005255937576294,3.5,12800
posthoc_orth_xfit,y,bias2,1.0030156373977661,3.5,12800
posthoc_orth_xfit,y,var,0.0022402286995202303,3.5,12800
posthoc_orth_xfit,fx,mspe,0.021052636206150055,3.5,12800
posthoc_orth_xfit,fx,bias2,0.019919734448194504,3.5,12800
posthoc_orth_xfit,fx,var,0.001132903271354735,3.5,12800
posthoc_orth_xfit,fr,mspe,0.0018207419198006392,3.5,12800
posthoc_orth_xfit,fr,bias2,0.0006878385902382433,3.5,12800
posthoc_orth_xfit,fr,var,0.001132903271354735,3.5,12800
posthoc_orth_xfit,fz,mspe,0.021892309188842773,3.5,12800
posthoc_orth_xfit,fz,bias2,0.01958584226667881,3.5,12800
posthoc_orth_xfit,fz,var,0.002306465758010745,3.5,12800
posthoc_xfit,y,mspe,1.0054491758346558,4,12800
posthoc_xfit,y,bias2,1.0031498670578003,4,12800
posthoc_xfit,y,var,0.0022991658188402653,4,12800
posthoc_xfit,fx,mspe,0.001996007515117526,4,12800
posthoc_xfit,fx,bias2,0.0006802387651987374,4,12800
posthoc_xfit,fx,var,0.0013157689245417714,4,12800
posthoc_xfit,fr,mspe,0.02054760418832302,4,12800
posthoc_xfit,fr,bias2,0.019231833517551422,4,12800
posthoc_xfit,fr,var,0.0013157689245417714,4,12800
posthoc_xfit,fz,mspe,0.0026997230015695095,4,12800
posthoc_xfit,fz,bias2,0.00010739878052845597,4,12800
posthoc_xfit,fz,var,0.002592324046418071,4,12800
posthoc_orth_xfit,y,mspe,1.0054055452346802,4,12800
posthoc_orth_xfit,y,bias2,1.0031189918518066,4,12800
posthoc_orth_xfit,y,var,0.0022865887731313705,4,12800
posthoc_orth_xfit,fx,mspe,0.021040277555584908,4,12800
posthoc_orth_xfit,fx,bias2,0.01987529918551445,4,12800
posthoc_orth_xfit,fx,var,0.0011649769730865955,4,12800
posthoc_orth_xfit,fr,mspe,0.0018252239096909761,4,12800
posthoc_orth_xfit,fr,bias2,0.0006602469366043806,4,12800
posthoc_orth_xfit,fr,var,0.0011649769730865955,4,12800
posthoc_orth_xfit,fz,mspe,0.022212548181414604,4,12800
posthoc_orth_xfit,fz,bias2,0.019592802971601486,4,12800
posthoc_orth_xfit,fz,var,0.0026197454426437616,4,12800
posthoc_xfit,y,mspe,1.0220526456832886,0,1600
posthoc_xfit,y,bias2,1.0062072277069092,0,1600
posthoc_xfit,y,var,0.015845365822315216,0,1600
posthoc_xfit,fx,mspe,0.00705135939642787,0,1600
posthoc_xfit,fx,bias2,0.001495975535362959,0,1600
posthoc_xfit,fx,var,0.005555383395403624,0,1600
posthoc_xfit,fr,mspe,0.02462240681052208,0,1600
posthoc_xfit,fr,bias2,0.019067024812102318,0,1600
posthoc_xfit,fr,var,0.005555383395403624,0,1600
posthoc_xfit,fz,mspe,0.011953519657254219,0,1600
posthoc_xfit,fz,bias2,0.000329890928696841,0,1600
posthoc_xfit,fz,var,0.011623628437519073,0,1600
posthoc_orth_xfit,y,mspe,1.0219374895095825,0,1600
posthoc_orth_xfit,y,bias2,1.006101369857788,0,1600
posthoc_orth_xfit,y,var,0.01583608239889145,0,1600
posthoc_orth_xfit,fx,mspe,0.026436107233166695,0,1600
posthoc_orth_xfit,fx,bias2,0.02126467227935791,0,1600
posthoc_orth_xfit,fx,var,0.005171435885131359,0,1600
posthoc_orth_xfit,fr,mspe,0.006613863632082939,0,1600
posthoc_orth_xfit,fr,bias2,0.0014424282126128674,0,1600
posthoc_orth_xfit,fr,var,0.005171435885131359,0,1600
posthoc_orth_xfit,fz,mspe,0.03302333876490593,0,1600
posthoc_orth_xfit,fz,bias2,0.021033305674791336,0,1600
posthoc_orth_xfit,fz,var,0.011990031227469444,0,1600
posthoc_xfit,y,mspe,1.0250133275985718,0.5,1600
posthoc_xfit,y,bias2,1.009040355682373,0.5,1600
posthoc_xfit,y,var,0.015973055735230446,0.5,1600
posthoc_xfit,fx,mspe,0.007797447498887777,0.5,1600
posthoc_xfit,fx,bias2,0.0022169887088239193,0.5,1600
posthoc_xfit,fx,var,0.005580458790063858,0.5,1600
posthoc_xfit,fr,mspe,0.03319151699542999,0.5,1600
posthoc_xfit,fr,bias2,0.027611060068011284,0.5,1600
posthoc_xfit,fr,var,0.005580458790063858,0.5,1600
posthoc_xfit,fz,mspe,0.012640515342354774,0.5,1600
posthoc_xfit,fz,bias2,0.0005817906348966062,0.5,1600
posthoc_xfit,fz,var,0.012058725580573082,0.5,1600
posthoc_orth_xfit,y,mspe,1.025020718574524,0.5,1600
posthoc_orth_xfit,y,bias2,1.0090512037277222,0.5,1600
posthoc_orth_xfit,y,var,0.01596951298415661,0.5,1600
posthoc_orth_xfit,fx,mspe,0.027031751349568367,0.5,1600
posthoc_orth_xfit,fx,bias2,0.021791698411107063,0.5,1600
posthoc_orth_xfit,fx,var,0.005240051541477442,0.5,1600
posthoc_orth_xfit,fr,mspe,0.007009416818618774,0.5,1600
posthoc_orth_xfit,fr,bias2,0.001769365626387298,0.5,1600
posthoc_orth_xfit,fr,var,0.005240051541477442,0.5,1600
posthoc_orth_xfit,fz,mspe,0.033336278051137924,0.5,1600
posthoc_orth_xfit,fz,bias2,0.02103544771671295,0.5,1600
posthoc_orth_xfit,fz,var,0.012300832197070122,0.5,1600
posthoc_xfit,y,mspe,1.0250461101531982,1,1600
posthoc_xfit,y,bias2,1.0092540979385376,1,1600
posthoc_xfit,y,var,0.0157919954508543,1,1600
posthoc_xfit,fx,mspe,0.007836416363716125,1,1600
posthoc_xfit,fx,bias2,0.0022683124989271164,1,1600
posthoc_xfit,fx,var,0.005568103864789009,1,1600
posthoc_xfit,fr,mspe,0.03293316066265106,1,1600
posthoc_xfit,fr,bias2,0.027365054935216904,1,1600
posthoc_xfit,fr,var,0.005568103864789009,1,1600
posthoc_xfit,fz,mspe,0.013358227908611298,1,1600
posthoc_xfit,fz,bias2,0.0005701854825019836,1,1600
posthoc_xfit,fz,var,0.012788043357431889,1,1600
posthoc_orth_xfit,y,mspe,1.0250427722930908,1,1600
posthoc_orth_xfit,y,bias2,1.0092560052871704,1,1600
posthoc_orth_xfit,y,var,0.015786761417984962,1,1600
posthoc_orth_xfit,fx,mspe,0.026810886338353157,1,1600
posthoc_orth_xfit,fx,bias2,0.021819619461894035,1,1600
posthoc_orth_xfit,fx,var,0.00499126547947526,1,1600
posthoc_orth_xfit,fr,mspe,0.006857240106910467,1,1600
posthoc_orth_xfit,fr,bias2,0.00186597416177392,1,1600
posthoc_orth_xfit,fr,var,0.00499126547947526,1,1600
posthoc_orth_xfit,fz,mspe,0.034037891775369644,1,1600
posthoc_orth_xfit,fz,bias2,0.021043777465820312,1,1600
posthoc_orth_xfit,fz,var,0.012994113378226757,1,1600
posthoc_xfit,y,mspe,1.0249569416046143,1.5,1600
posthoc_xfit,y,bias2,1.0089542865753174,1.5,1600
posthoc_xfit,y,var,0.01600281149148941,1.5,1600
posthoc_xfit,fx,mspe,0.007965285331010818,1.5,1600
posthoc_xfit,fx,bias2,0.002070107264444232,1.5,1600
posthoc_xfit,fx,var,0.00589517829939723,1.5,1600
posthoc_xfit,fr,mspe,0.03289225697517395,1.5,1600
posthoc_xfit,fr,bias2,0.026997078210115433,1.5,1600
posthoc_xfit,fr,var,0.00589517829939723,1.5,1600
posthoc_xfit,fz,mspe,0.014361086301505566,1.5,1600
posthoc_xfit,fz,bias2,0.0005602434393949807,1.5,1600
posthoc_xfit,fz,var,0.013800843618810177,1.5,1600
posthoc_orth_xfit,y,mspe,1.0250033140182495,1.5,1600
posthoc_orth_xfit,y,bias2,1.008974552154541,1.5,1600
posthoc_orth_xfit,y,var,0.016028789803385735,1.5,1600
posthoc_orth_xfit,fx,mspe,0.02707918919622898,1.5,1600
posthoc_orth_xfit,fx,bias2,0.021749768406152725,1.5,1600
posthoc_orth_xfit,fx,var,0.005329419393092394,1.5,1600
posthoc_orth_xfit,fr,mspe,0.007030127104371786,1.5,1600
posthoc_orth_xfit,fr,bias2,0.001700707944110036,1.5,1600
posthoc_orth_xfit,fr,var,0.005329419393092394,1.5,1600
posthoc_orth_xfit,fz,mspe,0.035128045827150345,1.5,1600
posthoc_orth_xfit,fz,bias2,0.021058211103081703,1.5,1600
posthoc_orth_xfit,fz,var,0.014069834724068642,1.5,1600
posthoc_xfit,y,mspe,1.0260004997253418,2,1600
posthoc_xfit,y,bias2,1.009965181350708,2,1600
posthoc_xfit,y,var,0.016035184264183044,2,1600
posthoc_xfit,fx,mspe,0.0080055957660079,2,1600
posthoc_xfit,fx,bias2,0.0022036866284906864,2,1600
posthoc_xfit,fx,var,0.005801909137517214,2,1600
posthoc_xfit,fr,mspe,0.03251266106963158,2,1600
posthoc_xfit,fr,bias2,0.0267107505351305,2,1600
posthoc_xfit,fr,var,0.005801909137517214,2,1600
posthoc_xfit,fz,mspe,0.015765169635415077,2,1600
posthoc_xfit,fz,bias2,0.0005564262391999364,2,1600
posthoc_xfit,fz,var,0.015208742581307888,2,1600
posthoc_orth_xfit,y,mspe,1.0260374546051025,2,1600
posthoc_orth_xfit,y,bias2,1.0100035667419434,2,1600
posthoc_orth_xfit,y,var,0.016033869236707687,2,1600
posthoc_orth_xfit,fx,mspe,0.027111101895570755,2,1600
posthoc_orth_xfit,fx,bias2,0.021817464381456375,2,1600
posthoc_orth_xfit,fx,var,0.005293636117130518,2,1600
posthoc_orth_xfit,fr,mspe,0.007166894618421793,2,1600
posthoc_orth_xfit,fr,bias2,0.001873257802799344,2,1600
posthoc_orth_xfit,fr,var,0.005293636117130518,2,1600
posthoc_orth_xfit,fz,mspe,0.036606837064027786,2,1600
posthoc_orth_xfit,fz,bias2,0.021078577265143394,2,1600
posthoc_orth_xfit,fz,var,0.015528262592852116,2,1600
posthoc_xfit,y,mspe,1.0251377820968628,2.5,1600
posthoc_xfit,y,bias2,1.0093185901641846,2.5,1600
posthoc_xfit,y,var,0.015819214284420013,2.5,1600
posthoc_xfit,fx,mspe,0.007807312998920679,2.5,1600
posthoc_xfit,fx,bias2,0.002136626746505499,2.5,1600
posthoc_xfit,fx,var,0.00567068625241518,2.5,1600
posthoc_xfit,fr,mspe,0.031650081276893616,2.5,1600
posthoc_xfit,fr,bias2,0.02597939223051071,2.5,1600
posthoc_xfit,fr,var,0.00567068625241518,2.5,1600
posthoc_xfit,fz,mspe,0.017408812418580055,2.5,1600
posthoc_xfit,fz,bias2,0.0005234468262642622,2.5,1600
posthoc_xfit,fz,var,0.016885364428162575,2.5,1600
posthoc_orth_xfit,y,mspe,1.0251225233078003,2.5,1600
posthoc_orth_xfit,y,bias2,1.0092984437942505,2.5,1600
posthoc_orth_xfit,y,var,0.015824129804968834,2.5,1600
posthoc_orth_xfit,fx,mspe,0.026935800909996033,2.5,1600
posthoc_orth_xfit,fx,bias2,0.021807517856359482,2.5,1600
posthoc_orth_xfit,fx,var,0.005128281656652689,2.5,1600
posthoc_orth_xfit,fr,mspe,0.0070089916698634624,2.5,1600
posthoc_orth_xfit,fr,bias2,0.0018807101296260953,2.5,1600
posthoc_orth_xfit,fr,var,0.005128281656652689,2.5,1600
posthoc_orth_xfit,fz,mspe,0.03847447410225868,2.5,1600
posthoc_orth_xfit,fz,bias2,0.021105274558067322,2.5,1600
posthoc_orth_xfit,fz,var,0.017369195818901062,2.5,1600
posthoc_xfit,y,mspe,1.0256000757217407,3,1600
posthoc_xfit,y,bias2,1.009779930114746,3,1600
posthoc_xfit,y,var,0.01582026295363903,3,1600
posthoc_xfit,fx,mspe,0.007601971738040447,3,1600
posthoc_xfit,fx,bias2,0.0020438702777028084,3,1600
posthoc_xfit,fx,var,0.005558101460337639,3,1600
posthoc_xfit,fr,mspe,0.031077010557055473,3,1600
posthoc_xfit,fr,bias2,0.025518909096717834,3,1600
posthoc_xfit,fr,var,0.005558101460337639,3,1600
posthoc_xfit,fz,mspe,0.019424689933657646,3,1600
posthoc_xfit,fz,bias2,0.0005122832953929901,3,1600
posthoc_xfit,fz,var,0.018912406638264656,3,1600
posthoc_orth_xfit,y,mspe,1.0256516933441162,3,1600
posthoc_orth_xfit,y,bias2,1.0098284482955933,3,1600
posthoc_orth_xfit,y,var,0.015823354944586754,3,1600
posthoc_orth_xfit,fx,mspe,0.026784420013427734,3,1600
posthoc_orth_xfit,fx,bias2,0.021715374663472176,3,1600
posthoc_orth_xfit,fx,var,0.005069046746939421,3,1600
posthoc_orth_xfit,fr,mspe,0.0068930890411138535,3,1600
posthoc_orth_xfit,fr,bias2,0.0018240425270050764,3,1600
posthoc_orth_xfit,fr,var,0.005069046746939421,3,1600
posthoc_orth_xfit,fz,mspe,0.04073045775294304,3,1600
posthoc_orth_xfit,fz,bias2,0.02113809995353222,3,1600
posthoc_orth_xfit,fz,var,0.01959235966205597,3,1600
posthoc_xfit,y,mspe,1.0259932279586792,3.5,1600
posthoc_xfit,y,bias2,1.0101227760314941,3.5,1600
posthoc_xfit,y,var,0.0158703476190567,3.5,1600
posthoc_xfit,fx,mspe,0.00794206466525793,3.5,1600
posthoc_xfit,fx,bias2,0.002191914478316903,3.5,1600
posthoc_xfit,fx,var,0.005750149954110384,3.5,1600
posthoc_xfit,fr,mspe,0.0307183638215065,3.5,1600
posthoc_xfit,fr,bias2,0.024968214333057404,3.5,1600
posthoc_xfit,fr,var,0.005750149954110384,3.5,1600
posthoc_xfit,fz,mspe,0.02218153513967991,3.5,1600
posthoc_xfit,fz,bias2,0.0005477425293065608,3.5,1600
posthoc_xfit,fz,var,0.02163379266858101,3.5,1600
posthoc_orth_xfit,y,mspe,1.026011347770691,3.5,1600
posthoc_orth_xfit,y,bias2,1.010108232498169,3.5,1600
posthoc_orth_xfit,y,var,0.015903117135167122,3.5,1600
posthoc_orth_xfit,fx,mspe,0.027050726115703583,3.5,1600
posthoc_orth_xfit,fx,bias2,0.021909503266215324,3.5,1600
posthoc_orth_xfit,fx,var,0.005141222849488258,3.5,1600
posthoc_orth_xfit,fr,mspe,0.007156767882406712,3.5,1600
posthoc_orth_xfit,fr,bias2,0.0020155441015958786,3.5,1600
posthoc_orth_xfit,fr,var,0.005141222849488258,3.5,1600
posthoc_orth_xfit,fz,mspe,0.043374594300985336,3.5,1600
posthoc_orth_xfit,fz,bias2,0.021176710724830627,3.5,1600
posthoc_orth_xfit,fz,var,0.02219787985086441,3.5,1600
posthoc_xfit,y,mspe,1.0255151987075806,4,1600
posthoc_xfit,y,bias2,1.0095094442367554,4,1600
posthoc_xfit,y,var,0.01600579544901848,4,1600
posthoc_xfit,fx,mspe,0.007876482792198658,4,1600
posthoc_xfit,fx,bias2,0.0018802464473992586,4,1600
posthoc_xfit,fx,var,0.005996236111968756,4,1600
posthoc_xfit,fr,mspe,0.029972614720463753,4,1600
posthoc_xfit,fr,bias2,0.02397637814283371,4,1600
posthoc_xfit,fr,var,0.005996236111968756,4,1600
posthoc_xfit,fz,mspe,0.024950828403234482,4,1600
posthoc_xfit,fz,bias2,0.0005655504646711051,4,1600
posthoc_xfit,fz,var,0.024385275319218636,4,1600
posthoc_orth_xfit,y,mspe,1.0254045724868774,4,1600
posthoc_orth_xfit,y,bias2,1.0094610452651978,4,1600
posthoc_orth_xfit,y,var,0.01594354957342148,4,1600
posthoc_orth_xfit,fx,mspe,0.026913592591881752,4,1600
posthoc_orth_xfit,fx,bias2,0.021649250760674477,4,1600
posthoc_orth_xfit,fx,var,0.005264343693852425,4,1600
posthoc_orth_xfit,fr,mspe,0.007024761289358139,4,1600
posthoc_orth_xfit,fr,bias2,0.0017604180611670017,4,1600
posthoc_orth_xfit,fr,var,0.005264343693852425,4,1600
posthoc_orth_xfit,fz,mspe,0.046407900750637054,4,1600
posthoc_orth_xfit,fz,bias2,0.021222079172730446,4,1600
posthoc_orth_xfit,fz,var,0.025185823440551758,4,1600
posthoc_xfit,y,mspe,1.0025027990341187,0,25600
posthoc_xfit,y,bias2,1.0012539625167847,0,25600
posthoc_xfit,y,var,0.001248682732693851,0,25600
posthoc_xfit,fx,mspe,0.0008307921816594899,0,25600
posthoc_xfit,fx,bias2,0.0001516571210231632,0,25600
posthoc_xfit,fx,var,0.0006791350315324962,0,25600
posthoc_xfit,fr,mspe,0.020160624757409096,0,25600
posthoc_xfit,fr,bias2,0.019481491297483444,0,25600
posthoc_xfit,fr,var,0.0006791350315324962,0,25600
posthoc_xfit,fz,mspe,0.0008381086518056691,0,25600
posthoc_xfit,fz,bias2,1.8838944015442394e-05,0,25600
posthoc_xfit,fz,var,0.0008192697423510253,0,25600
posthoc_orth_xfit,y,mspe,1.0024811029434204,0,25600
posthoc_orth_xfit,y,bias2,1.001236081123352,0,25600
posthoc_orth_xfit,y,var,0.0012450625654309988,0,25600
posthoc_orth_xfit,fx,mspe,0.02025696262717247,0,25600
posthoc_orth_xfit,fx,bias2,0.019642768427729607,0,25600
posthoc_orth_xfit,fx,var,0.0006141929188743234,0,25600
posthoc_orth_xfit,fr,mspe,0.000763728516176343,0,25600
posthoc_orth_xfit,fr,bias2,0.00014953562640585005,0,25600
posthoc_orth_xfit,fr,var,0.0006141929188743234,0,25600
posthoc_orth_xfit,fz,mspe,0.02050088159739971,0,25600
posthoc_orth_xfit,fz,bias2,0.01978488825261593,0,25600
posthoc_orth_xfit,fz,var,0.0007159944507293403,0,25600
posthoc_xfit,y,mspe,1.0043470859527588,0.5,25600
posthoc_xfit,y,bias2,1.0030598640441895,0.5,25600
posthoc_xfit,y,var,0.0012870968785136938,0.5,25600
posthoc_xfit,fx,mspe,0.0010397708974778652,0.5,25600
posthoc_xfit,fx,bias2,0.0003518015437293798,0.5,25600
posthoc_xfit,fx,var,0.0006879691500216722,0.5,25600
posthoc_xfit,fr,mspe,0.0224604532122612,0.5,25600
posthoc_xfit,fr,bias2,0.021772481501102448,0.5,25600
posthoc_xfit,fr,var,0.0006879691500216722,0.5,25600
posthoc_xfit,fz,mspe,0.0008197592687793076,0.5,25600
posthoc_xfit,fz,bias2,5.3764324547955766e-05,0.5,25600
posthoc_xfit,fz,var,0.0007659950060769916,0.5,25600
posthoc_orth_xfit,y,mspe,1.0043513774871826,0.5,25600
posthoc_orth_xfit,y,bias2,1.003057599067688,0.5,25600
posthoc_orth_xfit,y,var,0.0012936897110193968,0.5,25600
posthoc_orth_xfit,fx,mspe,0.020430980250239372,0.5,25600
posthoc_orth_xfit,fx,bias2,0.019766664132475853,0.5,25600
posthoc_orth_xfit,fx,var,0.0006643146043643355,0.5,25600
posthoc_orth_xfit,fr,mspe,0.0009589772089384496,0.5,25600
posthoc_orth_xfit,fr,bias2,0.00029466263367794454,0.5,25600
posthoc_orth_xfit,fr,var,0.0006643146043643355,0.5,25600
posthoc_orth_xfit,fz,mspe,0.020511502400040627,0.5,25600
posthoc_orth_xfit,fz,bias2,0.01978171057999134,0.5,25600
posthoc_orth_xfit,fz,var,0.000729794439394027,0.5,25600
posthoc_xfit,y,mspe,1.0042129755020142,1,25600
posthoc_xfit,y,bias2,1.0028679370880127,1,25600
posthoc_xfit,y,var,0.0013450667029246688,1,25600
posthoc_xfit,fx,mspe,0.0010450603440403938,1,25600
posthoc_xfit,fx,bias2,0.0003067687794100493,1,25600
posthoc_xfit,fx,var,0.000738291593734175,1,25600
posthoc_xfit,fr,mspe,0.02183622308075428,1,25600
posthoc_xfit,fr,bias2,0.021097932010889053,1,25600
posthoc_xfit,fr,var,0.000738291593734175,1,25600
posthoc_xfit,fz,mspe,0.0008210921077989042,1,25600
posthoc_xfit,fz,bias2,3.238554563722573e-05,1,25600
posthoc_xfit,fz,var,0.0007887065294198692,1,25600
posthoc_orth_xfit,y,mspe,1.00443696975708,1,25600
posthoc_orth_xfit,y,bias2,1.0030571222305298,1,25600
posthoc_orth_xfit,y,var,0.001379684079438448,1,25600
posthoc_orth_xfit,fx,mspe,0.02042311243712902,1,25600
posthoc_orth_xfit,fx,bias2,0.019679903984069824,1,25600
posthoc_orth_xfit,fx,var,0.0007432062993757427,1,25600
posthoc_orth_xfit,fr,mspe,0.0010161889949813485,1,25600
posthoc_orth_xfit,fr,bias2,0.00027298263739794493,1,25600
posthoc_orth_xfit,fr,var,0.0007432062993757427,1,25600
posthoc_orth_xfit,fz,mspe,0.02054092474281788,1,25600
posthoc_orth_xfit,fz,bias2,0.019779875874519348,1,25600
posthoc_orth_xfit,fz,var,0.0007610478205606341,1,25600
posthoc_xfit,y,mspe,1.0048807859420776,1.5,25600
posthoc_xfit,y,bias2,1.0034911632537842,1.5,25600
posthoc_xfit,y,var,0.0013894602889195085,1.5,25600
posthoc_xfit,fx,mspe,0.0010781845776364207,1.5,25600
posthoc_xfit,fx,bias2,0.00029563772841356695,1.5,25600
posthoc_xfit,fx,var,0.0007825468201190233,1.5,25600
posthoc_xfit,fr,mspe,0.02155265398323536,1.5,25600
posthoc_xfit,fr,bias2,0.020770106464624405,1.5,25600
posthoc_xfit,fr,var,0.0007825468201190233,1.5,25600
posthoc_xfit,fz,mspe,0.0008813781314529479,1.5,25600
posthoc_xfit,fz,bias2,2.7050968128605746e-05,1.5,25600
posthoc_xfit,fz,var,0.0008543271687813103,1.5,25600
posthoc_orth_xfit,y,mspe,1.0048280954360962,1.5,25600
posthoc_orth_xfit,y,bias2,1.0034501552581787,1.5,25600
posthoc_orth_xfit,y,var,0.001377956592477858,1.5,25600
posthoc_orth_xfit,fx,mspe,0.020408807322382927,1.5,25600
posthoc_orth_xfit,fx,bias2,0.019671065732836723,1.5,25600
posthoc_orth_xfit,fx,var,0.00073774135671556,1.5,25600
posthoc_orth_xfit,fr,mspe,0.0010114689357578754,1.5,25600
posthoc_orth_xfit,fr,bias2,0.00027372740441933274,1.5,25600
posthoc_orth_xfit,fr,var,0.00073774135671556,1.5,25600
posthoc_orth_xfit,fz,mspe,0.020588764920830727,1.5,25600
posthoc_orth_xfit,fz,bias2,0.0197790265083313,1.5,25600
posthoc_orth_xfit,fz,var,0.0008097417885437608,1.5,25600
posthoc_xfit,y,mspe,1.0043551921844482,2,25600
posthoc_xfit,y,bias2,1.002953052520752,2,25600
posthoc_xfit,y,var,0.0014020593371242285,2,25600
posthoc_xfit,fx,mspe,0.0010434428695589304,2,25600
posthoc_xfit,fx,bias2,0.00024622995988465846,2,25600
posthoc_xfit,fx,var,0.0007972128223627806,2,25600
posthoc_xfit,fr,mspe,0.021111689507961273,2,25600
posthoc_xfit,fr,bias2,0.020314477384090424,2,25600
posthoc_xfit,fr,var,0.0007972128223627806,2,25600
posthoc_xfit,fz,mspe,0.0009309852030128241,2,25600
posthoc_xfit,fz,bias2,2.5339526473544538e-05,2,25600
posthoc_xfit,fz,var,0.0009056456619873643,2,25600
posthoc_orth_xfit,y,mspe,1.0043659210205078,2,25600
posthoc_orth_xfit,y,bias2,1.0029499530792236,2,25600
posthoc_orth_xfit,y,var,0.001415987266227603,2,25600
posthoc_orth_xfit,fx,mspe,0.020366081967949867,2,25600
posthoc_orth_xfit,fx,bias2,0.019583329558372498,2,25600
posthoc_orth_xfit,fx,var,0.0007827560766600072,2,25600
posthoc_orth_xfit,fr,mspe,0.001024188008159399,2,25600
posthoc_orth_xfit,fr,bias2,0.00024143194605130702,2,25600
posthoc_orth_xfit,fr,var,0.0007827560766600072,2,25600
posthoc_orth_xfit,fz,mspe,0.02065550722181797,2,25600
posthoc_orth_xfit,fz,bias2,0.0197796281427145,2,25600
posthoc_orth_xfit,fz,var,0.0008758779731579125,2,25600
posthoc_xfit,y,mspe,1.0042624473571777,2.5,25600
posthoc_xfit,y,bias2,1.002856969833374,2.5,25600
posthoc_xfit,y,var,0.0014055451611056924,2.5,25600
posthoc_xfit,fx,mspe,0.0010915827006101608,2.5,25600
posthoc_xfit,fx,bias2,0.00029243918834254146,2.5,25600
posthoc_xfit,fx,var,0.0007991434540599585,2.5,25600
posthoc_xfit,fr,mspe,0.021284598857164383,2.5,25600
posthoc_xfit,fr,bias2,0.02048545517027378,2.5,25600
posthoc_xfit,fr,var,0.0007991434540599585,2.5,25600
posthoc_xfit,fz,mspe,0.0009975152788683772,2.5,25600
posthoc_xfit,fz,bias2,3.27646303048823e-05,2.5,25600
posthoc_xfit,fz,var,0.0009647506522014737,2.5,25600
posthoc_orth_xfit,y,mspe,1.0042366981506348,2.5,25600
posthoc_orth_xfit,y,bias2,1.0028260946273804,2.5,25600
posthoc_orth_xfit,y,var,0.0014108504401519895,2.5,25600
posthoc_orth_xfit,fx,mspe,0.020341718569397926,2.5,25600
posthoc_orth_xfit,fx,bias2,0.019559403881430626,2.5,25600
posthoc_orth_xfit,fx,var,0.0007823157357051969,2.5,25600
posthoc_orth_xfit,fr,mspe,0.001054721069522202,2.5,25600
posthoc_orth_xfit,fr,bias2,0.0002724052465055138,2.5,25600
posthoc_orth_xfit,fr,var,0.0007823157357051969,2.5,25600
posthoc_orth_xfit,fz,mspe,0.020740659907460213,2.5,25600
posthoc_orth_xfit,fz,bias2,0.019781216979026794,2.5,25600
posthoc_orth_xfit,fz,var,0.0009594417642802,2.5,25600
posthoc_xfit,y,mspe,1.0047833919525146,3,25600
posthoc_xfit,y,bias2,1.0033537149429321,3,25600
posthoc_xfit,y,var,0.0014295965665951371,3,25600
posthoc_xfit,fx,mspe,0.0010974514298141003,3,25600
posthoc_xfit,fx,bias2,0.00026118886307813227,3,25600
posthoc_xfit,fx,var,0.0008362625376321375,3,25600
posthoc_xfit,fr,mspe,0.02112576924264431,3,25600
posthoc_xfit,fr,bias2,0.020289504900574684,3,25600
posthoc_xfit,fr,var,0.0008362625376321375,3,25600
posthoc_xfit,fz,mspe,0.0010987798450514674,3,25600
posthoc_xfit,fz,bias2,4.028582770843059e-05,3,25600
posthoc_xfit,fz,var,0.0010584942065179348,3,25600
posthoc_orth_xfit,y,mspe,1.0047767162322998,3,25600
posthoc_orth_xfit,y,bias2,1.0033555030822754,3,25600
posthoc_orth_xfit,y,var,0.0014211131492629647,3,25600
posthoc_orth_xfit,fx,mspe,0.020397525280714035,3,25600
posthoc_orth_xfit,fx,bias2,0.019602207466959953,3,25600
posthoc_orth_xfit,fx,var,0.0007953146123327315,3,25600
posthoc_orth_xfit,fr,mspe,0.0010456866584718227,3,25600
posthoc_orth_xfit,fr,bias2,0.0002503719297237694,3,25600
posthoc_orth_xfit,fr,var,0.0007953146123327315,3,25600
posthoc_orth_xfit,fz,mspe,0.020844468846917152,3,25600
posthoc_orth_xfit,fz,bias2,0.019784053787589073,3,25600
posthoc_orth_xfit,fz,var,0.0010604129638522863,3,25600
posthoc_xfit,y,mspe,1.004701018333435,3.5,25600
posthoc_xfit,y,bias2,1.0031933784484863,3.5,25600
posthoc_xfit,y,var,0.0015076048439368606,3.5,25600
posthoc_xfit,fx,mspe,0.0011345940874889493,3.5,25600
posthoc_xfit,fx,bias2,0.00021016057871747762,3.5,25600
posthoc_xfit,fx,var,0.000924433465115726,3.5,25600
posthoc_xfit,fr,mspe,0.021080709993839264,3.5,25600
posthoc_xfit,fr,bias2,0.02015627920627594,3.5,25600
posthoc_xfit,fr,var,0.000924433465115726,3.5,25600
posthoc_xfit,fz,mspe,0.0012473721290007234,3.5,25600
posthoc_xfit,fz,bias2,4.517815250437707e-05,3.5,25600
posthoc_xfit,fz,var,0.0012021937873214483,3.5,25600
posthoc_orth_xfit,y,mspe,1.0047314167022705,3.5,25600
posthoc_orth_xfit,y,bias2,1.003226399421692,3.5,25600
posthoc_orth_xfit,y,var,0.0015050307847559452,3.5,25600
posthoc_orth_xfit,fx,mspe,0.02041112445294857,3.5,25600
posthoc_orth_xfit,fx,bias2,0.019533667713403702,3.5,25600
posthoc_orth_xfit,fx,var,0.000877454353030771,3.5,25600
posthoc_orth_xfit,fr,mspe,0.0010737505508586764,3.5,25600
posthoc_orth_xfit,fr,bias2,0.00019629631424322724,3.5,25600
posthoc_orth_xfit,fr,var,0.000877454353030771,3.5,25600
posthoc_orth_xfit,fz,mspe,0.020966969430446625,3.5,25600
posthoc_orth_xfit,fz,bias2,0.019788119941949844,3.5,25600
posthoc_orth_xfit,fz,var,0.0011788500705733895,3.5,25600
posthoc_xfit,y,mspe,1.0045671463012695,4,25600
posthoc_xfit,y,bias2,1.0030453205108643,4,25600
posthoc_xfit,y,var,0.0015219294000416994,4,25600
posthoc_xfit,fx,mspe,0.0011064413702115417,4,25600
posthoc_xfit,fx,bias2,0.00017262961773667485,4,25600
posthoc_xfit,fx,var,0.000933811767026782,4,25600
posthoc_xfit,fr,mspe,0.02095816284418106,4,25600
posthoc_xfit,fr,bias2,0.02002435177564621,4,25600
posthoc_xfit,fr,var,0.000933811767026782,4,25600
posthoc_xfit,fz,mspe,0.0013853716664016247,4,25600
posthoc_xfit,fz,bias2,5.3535884944722056e-05,4,25600
posthoc_xfit,fz,var,0.001331835868768394,4,25600
posthoc_orth_xfit,y,mspe,1.0045523643493652,4,25600
posthoc_orth_xfit,y,bias2,1.0030186176300049,4,25600
posthoc_orth_xfit,y,var,0.0015336951473727822,4,25600
posthoc_orth_xfit,fx,mspe,0.02043633908033371,4,25600
posthoc_orth_xfit,fx,bias2,0.01953011006116867,4,25600
posthoc_orth_xfit,fx,var,0.0009062261669896543,4,25600
posthoc_orth_xfit,fr,mspe,0.001062963274307549,4,25600
posthoc_orth_xfit,fr,bias2,0.00015673707821406424,4,25600
posthoc_orth_xfit,fr,var,0.0009062261669896543,4,25600
posthoc_orth_xfit,fz,mspe,0.021108079701662064,4,25600
posthoc_orth_xfit,fz,bias2,0.019793370738625526,4,25600
posthoc_orth_xfit,fz,var,0.0013147102436050773,4,25600
posthoc_xfit,y,mspe,1.0103873014450073,0,3200
posthoc_xfit,y,bias2,1.0028505325317383,0,3200
posthoc_xfit,y,var,0.007536770310252905,0,3200
posthoc_xfit,fx,mspe,0.0037578686606138945,0,3200
posthoc_xfit,fx,bias2,0.0009201429784297943,0,3200
posthoc_xfit,fx,var,0.0028377256821841,0,3200
posthoc_xfit,fr,mspe,0.02282976545393467,0,3200
posthoc_xfit,fr,bias2,0.01999204233288765,0,3200
posthoc_xfit,fr,var,0.0028377256821841,0,3200
posthoc_xfit,fz,mspe,0.005643846001476049,0,3200
posthoc_xfit,fz,bias2,0.0001825168146751821,0,3200
posthoc_xfit,fz,var,0.005461329128593206,0,3200
posthoc_orth_xfit,y,mspe,1.0103851556777954,0,3200
posthoc_orth_xfit,y,bias2,1.0028513669967651,0,3200
posthoc_orth_xfit,y,var,0.0075336419977247715,0,3200
posthoc_orth_xfit,fx,mspe,0.02259727567434311,0,3200
posthoc_orth_xfit,fx,bias2,0.01987915113568306,0,3200
posthoc_orth_xfit,fx,var,0.002718124072998762,0,3200
posthoc_orth_xfit,fr,mspe,0.003629073267802596,0,3200
posthoc_orth_xfit,fr,bias2,0.0009109487873502076,0,3200
posthoc_orth_xfit,fr,var,0.002718124072998762,0,3200
posthoc_orth_xfit,fz,mspe,0.027283914387226105,0,3200
posthoc_orth_xfit,fz,bias2,0.021860862150788307,0,3200
posthoc_orth_xfit,fz,var,0.0054230522364377975,0,3200
posthoc_xfit,y,mspe,1.0138708353042603,0.5,3200
posthoc_xfit,y,bias2,1.006178617477417,0.5,3200
posthoc_xfit,y,var,0.007692159619182348,0.5,3200
posthoc_xfit,fx,mspe,0.005115322303026915,0.5,3200
posthoc_xfit,fx,bias2,0.002032928867265582,0.5,3200
posthoc_xfit,fx,var,0.003082393668591976,0.5,3200
posthoc_xfit,fr,mspe,0.031731948256492615,0.5,3200
posthoc_xfit,fr,bias2,0.028649553656578064,0.5,3200
posthoc_xfit,fr,var,0.003082393668591976,0.5,3200
posthoc_xfit,fz,mspe,0.005987395066767931,0.5,3200
posthoc_xfit,fz,bias2,0.00031956873135641217,0.5,3200
posthoc_xfit,fz,var,0.005667826160788536,0.5,3200
posthoc_orth_xfit,y,mspe,1.0138616561889648,0.5,3200
posthoc_orth_xfit,y,bias2,1.0061678886413574,0.5,3200
posthoc_orth_xfit,y,var,0.0076938713900744915,0.5,3200
posthoc_orth_xfit,fx,mspe,0.023314252495765686,0.5,3200
posthoc_orth_xfit,fx,bias2,0.020491432398557663,0.5,3200
posthoc_orth_xfit,fx,var,0.002822818700224161,0.5,3200
posthoc_orth_xfit,fr,mspe,0.004189464263617992,0.5,3200
posthoc_orth_xfit,fr,bias2,0.001366645097732544,0.5,3200
posthoc_orth_xfit,fr,var,0.002822818700224161,0.5,3200
posthoc_orth_xfit,fz,mspe,0.027399521321058273,0.5,3200
posthoc_orth_xfit,fz,bias2,0.02185792289674282,0.5,3200
posthoc_orth_xfit,fz,var,0.005541598424315453,0.5,3200
posthoc_xfit,y,mspe,1.0142219066619873,1,3200
posthoc_xfit,y,bias2,1.006585717201233,1,3200
posthoc_xfit,y,var,0.007636087480932474,1,3200
posthoc_xfit,fx,mspe,0.005630466155707836,1,3200
posthoc_xfit,fx,bias2,0.0023139086551964283,1,3200
posthoc_xfit,fx,var,0.0033165577333420515,1,3200
posthoc_xfit,fr,mspe,0.03254343569278717,1,3200
posthoc_xfit,fr,bias2,0.0292268805205822,1,3200
posthoc_xfit,fr,var,0.0033165577333420515,1,3200
posthoc_xfit,fz,mspe,0.0063362824730575085,1,3200
posthoc_xfit,fz,bias2,0.0003599757037591189,1,3200
posthoc_xfit,fz,var,0.005976306274533272,1,3200
posthoc_orth_xfit,y,mspe,1.0142543315887451,1,3200
posthoc_orth_xfit,y,bias2,1.006544828414917,1,3200
posthoc_orth_xfit,y,var,0.007709518540650606,1,3200
posthoc_orth_xfit,fx,mspe,0.02357039414346218,1,3200
posthoc_orth_xfit,fx,bias2,0.020685305818915367,1,3200
posthoc_orth_xfit,fx,var,0.0028850894887000322,1,3200
posthoc_orth_xfit,fr,mspe,0.004425833933055401,1,3200
posthoc_orth_xfit,fr,bias2,0.0015407445607706904,1,3200
posthoc_orth_xfit,fr,var,0.0028850894887000322,1,3200
posthoc_orth_xfit,fz,mspe,0.0276738740503788,1,3200
posthoc_orth_xfit,fz,bias2,0.02185816690325737,1,3200
posthoc_orth_xfit,fz,var,0.005815704353153706,1,3200
posthoc_xfit,y,mspe,1.014156460762024,1.5,3200
posthoc_xfit,y,bias2,1.0063837766647339,1.5,3200
posthoc_xfit,y,var,0.007772732991725206,1.5,3200
posthoc_xfit,fx,mspe,0.00558838713914156,1.5,3200
posthoc_xfit,fx,bias2,0.002116963965818286,1.5,3200
posthoc_xfit,fx,var,0.0034714231733232737,1.5,3200
posthoc_xfit,fr,mspe,0.03134769946336746,1.5,3200
posthoc_xfit,fr,bias2,0.027876276522874832,1.5,3200
posthoc_xfit,fr,var,0.0034714231733232737,1.5,3200
posthoc_xfit,fz,mspe,0.006691907532513142,1.5,3200
posthoc_xfit,fz,bias2,0.00024662617943249643,1.5,3200
posthoc_xfit,fz,var,0.0064452821388840675,1.5,3200
posthoc_orth_xfit,y,mspe,1.0141602754592896,1.5,3200
posthoc_orth_xfit,y,bias2,1.0063691139221191,1.5,3200
posthoc_orth_xfit,y,var,0.007791310548782349,1.5,3200
posthoc_orth_xfit,fx,mspe,0.023631196469068527,1.5,3200
posthoc_orth_xfit,fx,bias2,0.02067846804857254,1.5,3200
posthoc_orth_xfit,fx,var,0.0029527258593589067,1.5,3200
posthoc_orth_xfit,fr,mspe,0.004537106957286596,1.5,3200
posthoc_orth_xfit,fr,bias2,0.001584380865097046,1.5,3200
posthoc_orth_xfit,fr,var,0.0029527258593589067,1.5,3200
posthoc_orth_xfit,fz,mspe,0.028106827288866043,1.5,3200
posthoc_orth_xfit,fz,bias2,0.021856358274817467,1.5,3200
posthoc_orth_xfit,fz,var,0.006250470876693726,1.5,3200
posthoc_xfit,y,mspe,1.0143024921417236,2,3200
posthoc_xfit,y,bias2,1.0065126419067383,2,3200
posthoc_xfit,y,var,0.0077899182215332985,2,3200
posthoc_xfit,fx,mspe,0.005382861942052841,2,3200
posthoc_xfit,fx,bias2,0.0018673788290470839,2,3200
posthoc_xfit,fx,var,0.0035154831130057573,2,3200
posthoc_xfit,fr,mspe,0.030227798968553543,2,3200
posthoc_xfit,fr,bias2,0.026712317019701004,2,3200
posthoc_xfit,fr,var,0.0035154831130057573,2,3200
posthoc_xfit,fz,mspe,0.007120888214558363,2,3200
posthoc_xfit,fz,bias2,0.00017716836009640247,2,3200
posthoc_xfit,fz,var,0.006943719461560249,2,3200
posthoc_orth_xfit,y,mspe,1.0143018960952759,2,3200
posthoc_orth_xfit,y,bias2,1.0065147876739502,2,3200
posthoc_orth_xfit,y,var,0.007787065580487251,2,3200
posthoc_orth_xfit,fx,mspe,0.02351582795381546,2,3200
posthoc_orth_xfit,fx,bias2,0.020529210567474365,2,3200
posthoc_orth_xfit,fx,var,0.002986615989357233,2,3200
posthoc_orth_xfit,fr,mspe,0.004454281181097031,2,3200
posthoc_orth_xfit,fr,bias2,0.0014676654245704412,2,3200
posthoc_orth_xfit,fr,var,0.002986615989357233,2,3200
posthoc_orth_xfit,fz,mspe,0.028697339817881584,2,3200
posthoc_orth_xfit,fz,bias2,0.021856995299458504,2,3200
posthoc_orth_xfit,fz,var,0.006840343587100506,2,3200
posthoc_xfit,y,mspe,1.0146071910858154,2.5,3200
posthoc_xfit,y,bias2,1.0068341493606567,2.5,3200
posthoc_xfit,y,var,0.007773127406835556,2.5,3200
posthoc_xfit,fx,mspe,0.005384547635912895,2.5,3200
posthoc_xfit,fx,bias2,0.001984395319595933,2.5,3200
posthoc_xfit,fx,var,0.0034001523163169622,2.5,3200
posthoc_xfit,fr,mspe,0.029473543167114258,2.5,3200
posthoc_xfit,fr,bias2,0.02607339434325695,2.5,3200
posthoc_xfit,fr,var,0.0034001523163169622,2.5,3200
posthoc_xfit,fz,mspe,0.007843371480703354,2.5,3200
posthoc_xfit,fz,bias2,0.00013095467875245959,2.5,3200
posthoc_xfit,fz,var,0.0077124168165028095,2.5,3200
posthoc_orth_xfit,y,mspe,1.0146023035049438,2.5,3200
posthoc_orth_xfit,y,bias2,1.0068327188491821,2.5,3200
posthoc_orth_xfit,y,var,0.007769606541842222,2.5,3200
posthoc_orth_xfit,fx,mspe,0.023680472746491432,2.5,3200
posthoc_orth_xfit,fx,bias2,0.020765608176589012,2.5,3200
posthoc_orth_xfit,fx,var,0.0029148664325475693,2.5,3200
posthoc_orth_xfit,fr,mspe,0.00460173562169075,2.5,3200
posthoc_orth_xfit,fr,bias2,0.001686869072727859,2.5,3200
posthoc_orth_xfit,fr,var,0.0029148664325475693,2.5,3200
posthoc_orth_xfit,fz,mspe,0.02944653294980526,2.5,3200
posthoc_orth_xfit,fz,bias2,0.021858643740415573,2.5,3200
posthoc_orth_xfit,fz,var,0.00758788688108325,2.5,3200
posthoc_xfit,y,mspe,1.0145891904830933,3,3200
posthoc_xfit,y,bias2,1.006726861000061,3,3200
posthoc_xfit,y,var,0.007862335070967674,3,3200
posthoc_xfit,fx,mspe,0.005575721152126789,3,3200
posthoc_xfit,fx,bias2,0.001996834995225072,3,3200
posthoc_xfit,fx,var,0.003578886156901717,3,3200
posthoc_xfit,fr,mspe,0.030011139810085297,3,3200
posthoc_xfit,fr,bias2,0.026432253420352936,3,3200
posthoc_xfit,fr,var,0.003578886156901717,3,3200
posthoc_xfit,fz,mspe,0.008668663911521435,3,3200
posthoc_xfit,fz,bias2,0.00016157836944330484,3,3200
posthoc_xfit,fz,var,0.008507085032761097,3,3200
posthoc_orth_xfit,y,mspe,1.014596700668335,3,3200
posthoc_orth_xfit,y,bias2,1.006734848022461,3,3200
posthoc_orth_xfit,y,var,0.007861881516873837,3,3200
posthoc_orth_xfit,fx,mspe,0.02376999892294407,3,3200
posthoc_orth_xfit,fx,bias2,0.02074963040649891,3,3200
posthoc_orth_xfit,fx,var,0.003020367817953229,3,3200
posthoc_orth_xfit,fr,mspe,0.004676231183111668,3,3200
posthoc_orth_xfit,fr,bias2,0.0016558632487431169,3,3200
posthoc_orth_xfit,fr,var,0.003020367817953229,3,3200
posthoc_orth_xfit,fz,mspe,0.030354226008057594,3,3200
posthoc_orth_xfit,fz,bias2,0.021860498934984207,3,3200
posthoc_orth_xfit,fz,var,0.008493727073073387,3,3200
posthoc_xfit,y,mspe,1.0147088766098022,3.5,3200
posthoc_xfit,y,bias2,1.0070382356643677,3.5,3200
posthoc_xfit,y,var,0.0076705897226929665,3.5,3200
posthoc_xfit,fx,mspe,0.0054647047072649,3.5,3200
posthoc_xfit,fx,bias2,0.0020338811445981264,3.5,3200
posthoc_xfit,fx,var,0.00343082332983613,3.5,3200
posthoc_xfit,fr,mspe,0.029425280168652534,3.5,3200
posthoc_xfit,fr,bias2,0.02599445730447769,3.5,3200
posthoc_xfit,fr,var,0.00343082332983613,3.5,3200
posthoc_xfit,fz,mspe,0.009657235816121101,3.5,3200
posthoc_xfit,fz,bias2,0.00014147502952255309,3.5,3200
posthoc_xfit,fz,var,0.009515760466456413,3.5,3200
posthoc_orth_xfit,y,mspe,1.0147061347961426,3.5,3200
posthoc_orth_xfit,y,bias2,1.0070173740386963,3.5,3200
posthoc_orth_xfit,y,var,0.007688786834478378,3.5,3200
posthoc_orth_xfit,fx,mspe,0.023686280474066734,3.5,3200
posthoc_orth_xfit,fx,bias2,0.020817365497350693,3.5,3200
posthoc_orth_xfit,fx,var,0.002868917305022478,3.5,3200
posthoc_orth_xfit,fr,mspe,0.004611487500369549,3.5,3200
posthoc_orth_xfit,fr,bias2,0.0017425694968551397,3.5,3200
posthoc_orth_xfit,fr,var,0.002868917305022478,3.5,3200
posthoc_orth_xfit,fz,mspe,0.031420253217220306,3.5,3200
posthoc_orth_xfit,fz,bias2,0.0218639113008976,3.5,3200
posthoc_orth_xfit,fz,var,0.009556344710290432,3.5,3200
posthoc_xfit,y,mspe,1.0147066116333008,4,3200
posthoc_xfit,y,bias2,1.0069271326065063,4,3200
posthoc_xfit,y,var,0.007779442705214024,4,3200
posthoc_xfit,fx,mspe,0.005392131395637989,4,3200
posthoc_xfit,fx,bias2,0.0018587273079901934,4,3200
posthoc_xfit,fx,var,0.0035334036219865084,4,3200
posthoc_xfit,fr,mspe,0.029079938307404518,4,3200
posthoc_xfit,fr,bias2,0.025546535849571228,4,3200
posthoc_xfit,fr,var,0.0035334036219865084,4,3200
posthoc_xfit,fz,mspe,0.010848632082343102,4,3200
posthoc_xfit,fz,bias2,0.000136333386762999,4,3200
posthoc_xfit,fz,var,0.010712296701967716,4,3200
posthoc_orth_xfit,y,mspe,1.0146713256835938,4,3200
posthoc_orth_xfit,y,bias2,1.006930947303772,4,3200
posthoc_orth_xfit,y,var,0.007740386761724949,4,3200
posthoc_orth_xfit,fx,mspe,0.023594379425048828,4,3200
posthoc_orth_xfit,fx,bias2,0.02066311053931713,4,3200
posthoc_orth_xfit,fx,var,0.002931266324594617,4,3200
posthoc_orth_xfit,fr,mspe,0.0045380787923932076,4,3200
posthoc_orth_xfit,fr,bias2,0.0016068123513832688,4,3200
posthoc_orth_xfit,fr,var,0.002931266324594617,4,3200
posthoc_orth_xfit,fz,mspe,0.03264497593045235,4,3200
posthoc_orth_xfit,fz,bias2,0.02186884917318821,4,3200
posthoc_orth_xfit,fz,var,0.01077612116932869,4,3200
posthoc_xfit,y,mspe,1.0746961832046509,0,400
posthoc_xfit,y,bias2,1.0088328123092651,0,400
posthoc_xfit,y,var,0.06586331129074097,0,400
posthoc_xfit,fx,mspe,0.02735782228410244,0,400
posthoc_xfit,fx,bias2,0.007527058012783527,0,400
posthoc_xfit,fx,var,0.01983076147735119,0,400
posthoc_xfit,fr,mspe,0.03503215312957764,0,400
posthoc_xfit,fr,bias2,0.015201394446194172,0,400
posthoc_xfit,fr,var,0.01983076147735119,0,400
posthoc_xfit,fz,mspe,0.052280157804489136,0,400
posthoc_xfit,fz,bias2,0.0019354696851223707,0,400
posthoc_xfit,fz,var,0.05034468695521355,0,400
posthoc_orth_xfit,y,mspe,1.0748080015182495,0,400
posthoc_orth_xfit,y,bias2,1.0087988376617432,0,400
posthoc_orth_xfit,y,var,0.06600915640592575,0,400
posthoc_orth_xfit,fx,mspe,0.04345238581299782,0,400
posthoc_orth_xfit,fx,bias2,0.024435043334960938,0,400
posthoc_orth_xfit,fx,var,0.01901734620332718,0,400
posthoc_orth_xfit,fr,mspe,0.02472039684653282,0,400
posthoc_orth_xfit,fr,bias2,0.005703052505850792,0,400
posthoc_orth_xfit,fr,var,0.01901734620332718,0,400
posthoc_orth_xfit,fz,mspe,0.06761012226343155,0,400
posthoc_orth_xfit,fz,bias2,0.017142651602625847,0,400
posthoc_orth_xfit,fz,var,0.05046747252345085,0,400
posthoc_xfit,y,mspe,1.0819497108459473,0.5,400
posthoc_xfit,y,bias2,1.0140626430511475,0.5,400
posthoc_xfit,y,var,0.06788710504770279,0.5,400
posthoc_xfit,fx,mspe,0.03018590249121189,0.5,400
posthoc_xfit,fx,bias2,0.007032767403870821,0.5,400
posthoc_xfit,fx,var,0.023153133690357208,0.5,400
posthoc_xfit,fr,mspe,0.04952836036682129,0.5,400
posthoc_xfit,fr,bias2,0.02637522667646408,0.5,400
posthoc_xfit,fr,var,0.023153133690357208,0.5,400
posthoc_xfit,fz,mspe,0.05350330471992493,0.5,400
posthoc_xfit,fz,bias2,0.0010268923360854387,0.5,400
posthoc_xfit,fz,var,0.05247640609741211,0.5,400
posthoc_orth_xfit,y,mspe,1.081967830657959,0.5,400
posthoc_orth_xfit,y,bias2,1.0140784978866577,0.5,400
posthoc_orth_xfit,y,var,0.06788938492536545,0.5,400
posthoc_orth_xfit,fx,mspe,0.04785121977329254,0.5,400
posthoc_orth_xfit,fx,bias2,0.026211481541395187,0.5,400
posthoc_orth_xfit,fx,var,0.021639736369252205,0.5,400
posthoc_orth_xfit,fr,mspe,0.02868412807583809,0.5,400
posthoc_orth_xfit,fr,bias2,0.007044391706585884,0.5,400
posthoc_orth_xfit,fr,var,0.021639736369252205,0.5,400
posthoc_orth_xfit,fz,mspe,0.06880698353052139,0.5,400
posthoc_orth_xfit,fz,bias2,0.017147880047559738,0.5,400
posthoc_orth_xfit,fz,var,0.05165911093354225,0.5,400
posthoc_xfit,y,mspe,1.085211992263794,1,400
posthoc_xfit,y,bias2,1.0150914192199707,1,400
posthoc_xfit,y,var,0.07012063264846802,1,400
posthoc_xfit,fx,mspe,0.033697228878736496,1,400
posthoc_xfit,fx,bias2,0.008294100873172283,1,400
posthoc_xfit,fx,var,0.025403130799531937,1,400
posthoc_xfit,fr,mspe,0.054549604654312134,1,400
posthoc_xfit,fr,bias2,0.029146475717425346,1,400
posthoc_xfit,fr,var,0.025403130799531937,1,400
posthoc_xfit,fz,mspe,0.05784481018781662,1,400
posthoc_xfit,fz,bias2,0.001060653943568468,1,400
posthoc_xfit,fz,var,0.056784164160490036,1,400
posthoc_orth_xfit,y,mspe,1.0852093696594238,1,400
posthoc_orth_xfit,y,bias2,1.0150855779647827,1,400
posthoc_orth_xfit,y,var,0.07012387365102768,1,400
posthoc_orth_xfit,fx,mspe,0.050586484372615814,1,400
posthoc_orth_xfit,fx,bias2,0.026725001633167267,1,400
posthoc_orth_xfit,fx,var,0.023861490190029144,1,400
posthoc_orth_xfit,fr,mspe,0.03216260299086571,1,400
posthoc_orth_xfit,fr,bias2,0.008301116526126862,1,400
posthoc_orth_xfit,fr,var,0.023861490190029144,1,400
posthoc_orth_xfit,fz,mspe,0.07136613875627518,1,400
posthoc_orth_xfit,fz,bias2,0.017153797671198845,1,400
posthoc_orth_xfit,fz,var,0.05421234294772148,1,400
posthoc_xfit,y,mspe,1.0864814519882202,1.5,400
posthoc_xfit,y,bias2,1.016435146331787,1.5,400
posthoc_xfit,y,var,0.0700463354587555,1.5,400
posthoc_xfit,fx,mspe,0.034899864345788956,1.5,400
posthoc_xfit,fx,bias2,0.008910785429179668,1.5,400
posthoc_xfit,fx,var,0.025989079847931862,1.5,400
posthoc_xfit,fr,mspe,0.05499645695090294,1.5,400
posthoc_xfit,fr,bias2,0.029007380828261375,1.5,400
posthoc_xfit,fr,var,0.025989079847931862,1.5,400
posthoc_xfit,fz,mspe,0.0626308023929596,1.5,400
posthoc_xfit,fz,bias2,0.0010321271838620305,1.5,400
posthoc_xfit,fz,var,0.06159867346286774,1.5,400
posthoc_orth_xfit,y,mspe,1.0864989757537842,1.5,400
posthoc_orth_xfit,y,bias2,1.016455054283142,1.5,400
posthoc_orth_xfit,y,var,0.07004396617412567,1.5,400
posthoc_orth_xfit,fx,mspe,0.05115700885653496,1.5,400
posthoc_orth_xfit,fx,bias2,0.027424052357673645,1.5,400
posthoc_orth_xfit,fx,var,0.023732952773571014,1.5,400
posthoc_orth_xfit,fr,mspe,0.0326816700398922,1.5,400
posthoc_orth_xfit,fr,bias2,0.008948717266321182,1.5,400
posthoc_orth_xfit,fr,var,0.023732952773571014,1.5,400
posthoc_orth_xfit,fz,mspe,0.07528772950172424,1.5,400
posthoc_orth_xfit,fz,bias2,0.017160383984446526,1.5,400
posthoc_orth_xfit,fz,var,0.05812734737992287,1.5,400
posthoc_xfit,y,mspe,1.0862436294555664,2,400
posthoc_xfit,y,bias2,1.0159260034561157,2,400
posthoc_xfit,y,var,0.07031750679016113,2,400
posthoc_xfit,fx,mspe,0.03706321865320206,2,400
posthoc_xfit,fx,bias2,0.009358176961541176,2,400
posthoc_xfit,fx,var,0.027705039829015732,2,400
posthoc_xfit,fr,mspe,0.05799904838204384,2,400
posthoc_xfit,fr,bias2,0.030294012278318405,2,400
posthoc_xfit,fr,var,0.027705039829015732,2,400
posthoc_xfit,fz,mspe,0.06681320071220398,2,400
posthoc_xfit,fz,bias2,0.001069500925950706,2,400
posthoc_xfit,fz,var,0.06574370712041855,2,400
posthoc_orth_xfit,y,mspe,1.0862959623336792,2,400
posthoc_orth_xfit,y,bias2,1.015925645828247,2,400
posthoc_orth_xfit,y,var,0.07037036120891571,2,400
posthoc_orth_xfit,fx,mspe,0.05199415981769562,2,400
posthoc_orth_xfit,fx,bias2,0.02772856317460537,2,400
posthoc_orth_xfit,fx,var,0.024265604093670845,2,400
posthoc_orth_xfit,fr,mspe,0.03364727273583412,2,400
posthoc_orth_xfit,fr,bias2,0.009381669573485851,2,400
posthoc_orth_xfit,fr,var,0.024265604093670845,2,400
posthoc_orth_xfit,fz,mspe,0.08057210594415665,2,400
posthoc_orth_xfit,fz,bias2,0.01716800034046173,2,400
posthoc_orth_xfit,fz,var,0.06340410560369492,2,400
posthoc_xfit,y,mspe,1.0848278999328613,2.5,400
posthoc_xfit,y,bias2,1.0157060623168945,2.5,400
posthoc_xfit,y,var,0.0691218227148056,2.5,400
posthoc_xfit,fx,mspe,0.03396517410874367,2.5,400
posthoc_xfit,fx,bias2,0.009397141635417938,2.5,400
posthoc_xfit,fx,var,0.02456802874803543,2.5,400
posthoc_xfit,fr,mspe,0.05329858884215355,2.5,400
posthoc_xfit,fr,bias2,0.02873055636882782,2.5,400
posthoc_xfit,fr,var,0.02456802874803543,2.5,400
posthoc_xfit,fz,mspe,0.0713205337524414,2.5,400
posthoc_xfit,fz,bias2,0.0010657923994585872,2.5,400
posthoc_xfit,fz,var,0.07025474309921265,2.5,400
posthoc_orth_xfit,y,mspe,1.0848567485809326,2.5,400
posthoc_orth_xfit,y,bias2,1.015706181526184,2.5,400
posthoc_orth_xfit,y,var,0.06915062665939331,2.5,400
posthoc_orth_xfit,fx,mspe,0.05018025264143944,2.5,400
posthoc_orth_xfit,fx,bias2,0.027499690651893616,2.5,400
posthoc_orth_xfit,fx,var,0.02268056385219097,2.5,400
posthoc_orth_xfit,fr,mspe,0.03214320167899132,2.5,400
posthoc_orth_xfit,fr,bias2,0.009462639689445496,2.5,400
posthoc_orth_xfit,fr,var,0.02268056385219097,2.5,400
posthoc_orth_xfit,fz,mspe,0.08721885085105896,2.5,400
posthoc_orth_xfit,fz,bias2,0.01717636175453663,2.5,400
posthoc_orth_xfit,fz,var,0.07004248350858688,2.5,400
posthoc_xfit,y,mspe,1.082190752029419,3,400
posthoc_xfit,y,bias2,1.0139678716659546,3,400
posthoc_xfit,y,var,0.06822282820940018,3,400
posthoc_xfit,fx,mspe,0.034116510301828384,3,400
posthoc_xfit,fx,bias2,0.007865171879529953,3,400
posthoc_xfit,fx,var,0.02625134028494358,3,400
posthoc_xfit,fr,mspe,0.053388968110084534,3,400
posthoc_xfit,fr,bias2,0.027137627825140953,3,400
posthoc_xfit,fr,var,0.02625134028494358,3,400
posthoc_xfit,fz,mspe,0.07948765158653259,3,400
posthoc_xfit,fz,bias2,0.001054116291925311,3,400
posthoc_xfit,fz,var,0.07843352854251862,3,400
posthoc_orth_xfit,y,mspe,1.0822287797927856,3,400
posthoc_orth_xfit,y,bias2,1.0139633417129517,3,400
posthoc_orth_xfit,y,var,0.06826543062925339,3,400
posthoc_orth_xfit,fx,mspe,0.0496506504714489,3,400
posthoc_orth_xfit,fx,bias2,0.026076020672917366,3,400
posthoc_orth_xfit,fx,var,0.023574627935886383,3,400
posthoc_orth_xfit,fr,mspe,0.03147192299365997,3,400
posthoc_orth_xfit,fr,bias2,0.00789729505777359,3,400
posthoc_orth_xfit,fr,var,0.023574627935886383,3,400
posthoc_orth_xfit,fz,mspe,0.09522846341133118,3,400
posthoc_orth_xfit,fz,bias2,0.01718548685312271,3,400
posthoc_orth_xfit,fz,var,0.07804297655820847,3,400
posthoc_xfit,y,mspe,1.0834343433380127,3.5,400
posthoc_xfit,y,bias2,1.0147706270217896,3.5,400
posthoc_xfit,y,var,0.06866376847028732,3.5,400
posthoc_xfit,fx,mspe,0.03506302461028099,3.5,400
posthoc_xfit,fx,bias2,0.00834469310939312,3.5,400
posthoc_xfit,fx,var,0.02671832963824272,3.5,400
posthoc_xfit,fr,mspe,0.05389432981610298,3.5,400
posthoc_xfit,fr,bias2,0.02717599831521511,3.5,400
posthoc_xfit,fr,var,0.02671832963824272,3.5,400
posthoc_xfit,fz,mspe,0.09166417270898819,3.5,400
posthoc_xfit,fz,bias2,0.0009974464774131775,3.5,400
posthoc_xfit,fz,var,0.09066673368215561,3.5,400
posthoc_orth_xfit,y,mspe,1.0833756923675537,3.5,400
posthoc_orth_xfit,y,bias2,1.0147782564163208,3.5,400
posthoc_orth_xfit,y,var,0.06859736144542694,3.5,400
posthoc_orth_xfit,fx,mspe,0.04918818175792694,3.5,400
posthoc_orth_xfit,fx,bias2,0.026463821530342102,3.5,400
posthoc_orth_xfit,fx,var,0.022724362090229988,3.5,400
posthoc_orth_xfit,fr,mspe,0.0311405248939991,3.5,400
posthoc_orth_xfit,fr,bias2,0.008416163735091686,3.5,400
posthoc_orth_xfit,fr,var,0.022724362090229988,3.5,400
posthoc_orth_xfit,fz,mspe,0.10460001230239868,3.5,400
posthoc_orth_xfit,fz,bias2,0.017195437103509903,3.5,400
posthoc_orth_xfit,fz,var,0.08740457892417908,3.5,400
posthoc_xfit,y,mspe,1.0822046995162964,4,400
posthoc_xfit,y,bias2,1.0130493640899658,4,400
posthoc_xfit,y,var,0.06915541738271713,4,400
posthoc_xfit,fx,mspe,0.034571573138237,4,400
posthoc_xfit,fx,bias2,0.007962336763739586,4,400
posthoc_xfit,fx,var,0.026609236374497414,4,400
posthoc_xfit,fr,mspe,0.05200321227312088,4,400
posthoc_xfit,fr,bias2,0.025393972173333168,4,400
posthoc_xfit,fr,var,0.026609236374497414,4,400
posthoc_xfit,fz,mspe,0.10194140672683716,4,400
posthoc_xfit,fz,bias2,0.0010554459877312183,4,400
posthoc_xfit,fz,var,0.10088595747947693,4,400
posthoc_orth_xfit,y,mspe,1.0821661949157715,4,400
posthoc_orth_xfit,y,bias2,1.0130411386489868,4,400
posthoc_orth_xfit,y,var,0.06912502646446228,4,400
posthoc_orth_xfit,fx,mspe,0.04831104725599289,4,400
posthoc_orth_xfit,fx,bias2,0.025827912613749504,4,400
posthoc_orth_xfit,fx,var,0.022483134642243385,4,400
posthoc_orth_xfit,fr,mspe,0.030464667826890945,4,400
posthoc_orth_xfit,fr,bias2,0.007981534115970135,4,400
posthoc_orth_xfit,fr,var,0.022483134642243385,4,400
posthoc_orth_xfit,fz,mspe,0.11533622443675995,4,400
posthoc_orth_xfit,fz,bias2,0.017206547781825066,4,400
posthoc_orth_xfit,fz,var,0.09812968224287033,4,400
posthoc_xfit,y,mspe,1.006893515586853,0,6400
posthoc_xfit,y,bias2,1.0024551153182983,0,6400
posthoc_xfit,y,var,0.004438367672264576,0,6400
posthoc_xfit,fx,mspe,0.002580494387075305,0,6400
posthoc_xfit,fx,bias2,0.0003972567501477897,0,6400
posthoc_xfit,fx,var,0.0021832375787198544,0,6400
posthoc_xfit,fr,mspe,0.021966664120554924,0,6400
posthoc_xfit,fr,bias2,0.01978342793881893,0,6400
posthoc_xfit,fr,var,0.0021832375787198544,0,6400
posthoc_xfit,fz,mspe,0.002807292388752103,0,6400
posthoc_xfit,fz,bias2,5.129256169311702e-05,0,6400
posthoc_xfit,fz,var,0.0027559995651245117,0,6400
posthoc_orth_xfit,y,mspe,1.007021427154541,0,6400
posthoc_orth_xfit,y,bias2,1.0025055408477783,0,6400
posthoc_orth_xfit,y,var,0.004515951499342918,0,6400
posthoc_orth_xfit,fx,mspe,0.02174312435090542,0,6400
posthoc_orth_xfit,fx,bias2,0.019767306745052338,0,6400
posthoc_orth_xfit,fx,var,0.0019758183043450117,0,6400
posthoc_orth_xfit,fr,mspe,0.002369520952925086,0,6400
posthoc_orth_xfit,fr,bias2,0.00039370247395709157,0,6400
posthoc_orth_xfit,fr,var,0.0019758183043450117,0,6400
posthoc_orth_xfit,fz,mspe,0.021333828568458557,0,6400
posthoc_orth_xfit,fz,bias2,0.018655607476830482,0,6400
posthoc_orth_xfit,fz,var,0.0026782199274748564,0,6400
posthoc_xfit,y,mspe,1.009618878364563,0.5,6400
posthoc_xfit,y,bias2,1.004805564880371,0.5,6400
posthoc_xfit,y,var,0.0048133451491594315,0.5,6400
posthoc_xfit,fx,mspe,0.003789213253185153,0.5,6400
posthoc_xfit,fx,bias2,0.0009506344213150442,0.5,6400
posthoc_xfit,fx,var,0.0028385790064930916,0.5,6400
posthoc_xfit,fr,mspe,0.027875276282429695,0.5,6400
posthoc_xfit,fr,bias2,0.025036698207259178,0.5,6400
posthoc_xfit,fr,var,0.0028385790064930916,0.5,6400
posthoc_xfit,fz,mspe,0.0035367466043680906,0.5,6400
posthoc_xfit,fz,bias2,0.00042803914402611554,0.5,6400
posthoc_xfit,fz,var,0.003108707722276449,0.5,6400
posthoc_orth_xfit,y,mspe,1.0096464157104492,0.5,6400
posthoc_orth_xfit,y,bias2,1.004806637763977,0.5,6400
posthoc_orth_xfit,y,var,0.004839858505874872,0.5,6400
posthoc_orth_xfit,fx,mspe,0.02237975411117077,0.5,6400
posthoc_orth_xfit,fx,bias2,0.020070189610123634,0.5,6400
posthoc_orth_xfit,fx,var,0.0023095617070794106,0.5,6400
posthoc_orth_xfit,fr,mspe,0.002988309832289815,0.5,6400
posthoc_orth_xfit,fr,bias2,0.0006787478341720998,0.5,6400
posthoc_orth_xfit,fr,var,0.0023095617070794106,0.5,6400
posthoc_orth_xfit,fz,mspe,0.021408334374427795,0.5,6400
posthoc_orth_xfit,fz,bias2,0.018654251471161842,0.5,6400
posthoc_orth_xfit,fz,var,0.0027540801092982292,0.5,6400
posthoc_xfit,y,mspe,1.0098248720169067,1,6400
posthoc_xfit,y,bias2,1.0051594972610474,1,6400
posthoc_xfit,y,var,0.0046654618345201015,1,6400
posthoc_xfit,fx,mspe,0.0038902778178453445,1,6400
posthoc_xfit,fx,bias2,0.0011283953208476305,1,6400
posthoc_xfit,fx,var,0.002761882496997714,1,6400
posthoc_xfit,fr,mspe,0.02766747958958149,1,6400
posthoc_xfit,fr,bias2,0.024905595928430557,1,6400
posthoc_xfit,fr,var,0.002761882496997714,1,6400
posthoc_xfit,fz,mspe,0.0036367422435432673,1,6400
posthoc_xfit,fz,bias2,0.00038221775321289897,1,6400
posthoc_xfit,fz,var,0.003254524664953351,1,6400
posthoc_orth_xfit,y,mspe,1.0097920894622803,1,6400
posthoc_orth_xfit,y,bias2,1.0051387548446655,1,6400
posthoc_orth_xfit,y,var,0.004653403535485268,1,6400
posthoc_orth_xfit,fx,mspe,0.022324228659272194,1,6400
posthoc_orth_xfit,fx,bias2,0.020183773711323738,1,6400
posthoc_orth_xfit,fx,var,0.0021404530853033066,1,6400
posthoc_orth_xfit,fr,mspe,0.0030276754405349493,1,6400
posthoc_orth_xfit,fr,bias2,0.0008872225880622864,1,6400
posthoc_orth_xfit,fr,var,0.0021404530853033066,1,6400
posthoc_orth_xfit,fz,mspe,0.021568486467003822,1,6400
posthoc_orth_xfit,fz,bias2,0.01865115575492382,1,6400
posthoc_orth_xfit,fz,var,0.002917329780757427,1,6400
posthoc_xfit,y,mspe,1.0096986293792725,1.5,6400
posthoc_xfit,y,bias2,1.0051429271697998,1.5,6400
posthoc_xfit,y,var,0.004555657971650362,1.5,6400
posthoc_xfit,fx,mspe,0.0037548088002949953,1.5,6400
posthoc_xfit,fx,bias2,0.001115327817387879,1.5,6400
posthoc_xfit,fx,var,0.0026394808664917946,1.5,6400
posthoc_xfit,fr,mspe,0.026942849159240723,1.5,6400
posthoc_xfit,fr,bias2,0.024303369224071503,1.5,6400
posthoc_xfit,fr,var,0.0026394808664917946,1.5,6400
posthoc_xfit,fz,mspe,0.0037905608769506216,1.5,6400
posthoc_xfit,fz,bias2,0.0003190926508978009,1.5,6400
posthoc_xfit,fz,var,0.003471468109637499,1.5,6400
posthoc_orth_xfit,y,mspe,1.0098023414611816,1.5,6400
posthoc_orth_xfit,y,bias2,1.0052597522735596,1.5,6400
posthoc_orth_xfit,y,var,0.0045425910502672195,1.5,6400
posthoc_orth_xfit,fx,mspe,0.022244427353143692,1.5,6400
posthoc_orth_xfit,fx,bias2,0.020227927714586258,1.5,6400
posthoc_orth_xfit,fx,var,0.002016498940065503,1.5,6400
posthoc_orth_xfit,fr,mspe,0.0029561964329332113,1.5,6400
posthoc_orth_xfit,fr,bias2,0.0009396970854140818,1.5,6400
posthoc_orth_xfit,fr,var,0.002016498940065503,1.5,6400
posthoc_orth_xfit,fz,mspe,0.02181662619113922,1.5,6400
posthoc_orth_xfit,fz,bias2,0.018647169694304466,1.5,6400
posthoc_orth_xfit,fz,var,0.0031694588251411915,1.5,6400
posthoc_xfit,y,mspe,1.0096741914749146,2,6400
posthoc_xfit,y,bias2,1.0050243139266968,2,6400
posthoc_xfit,y,var,0.0046500228345394135,2,6400
posthoc_xfit,fx,mspe,0.003871833672747016,2,6400
posthoc_xfit,fx,bias2,0.001164396875537932,2,6400
posthoc_xfit,fx,var,0.002707437379285693,2,6400
posthoc_xfit,fr,mspe,0.026819797232747078,2,6400
posthoc_xfit,fr,bias2,0.024112360551953316,2,6400
posthoc_xfit,fr,var,0.002707437379285693,2,6400
posthoc_xfit,fz,mspe,0.004021931439638138,2,6400
posthoc_xfit,fz,bias2,0.0002905268920585513,2,6400
posthoc_xfit,fz,var,0.0037314044311642647,2,6400
posthoc_orth_xfit,y,mspe,1.0097252130508423,2,6400
posthoc_orth_xfit,y,bias2,1.0051003694534302,2,6400
posthoc_orth_xfit,y,var,0.004624815657734871,2,6400
posthoc_orth_xfit,fx,mspe,0.022359300404787064,2,6400
posthoc_orth_xfit,fx,bias2,0.020244212821125984,2,6400
posthoc_orth_xfit,fx,var,0.002115086652338505,2,6400
posthoc_orth_xfit,fr,mspe,0.0031150239519774914,2,6400
posthoc_orth_xfit,fr,bias2,0.0009999371832236648,2,6400
posthoc_orth_xfit,fr,var,0.002115086652338505,2,6400
posthoc_orth_xfit,fz,mspe,0.022166891023516655,2,6400
posthoc_orth_xfit,fz,bias2,0.018652398139238358,2,6400
posthoc_orth_xfit,fz,var,0.003514493815600872,2,6400
posthoc_xfit,y,mspe,1.0099143981933594,2.5,6400
posthoc_xfit,y,bias2,1.0053499937057495,2.5,6400
posthoc_xfit,y,var,0.00456427875906229,2.5,6400
posthoc_xfit,fx,mspe,0.0037908691447228193,2.5,6400
posthoc_xfit,fx,bias2,0.001191372750326991,2.5,6400
posthoc_xfit,fx,var,0.0025994968600571156,2.5,6400
posthoc_xfit,fr,mspe,0.02641773223876953,2.5,6400
posthoc_xfit,fr,bias2,0.023818235844373703,2.5,6400
posthoc_xfit,fr,var,0.0025994968600571156,2.5,6400
posthoc_xfit,fz,mspe,0.004404946696013212,2.5,6400
posthoc_xfit,fz,bias2,0.00025910744443535805,2.5,6400
posthoc_xfit,fz,var,0.004145839251577854,2.5,6400
posthoc_orth_xfit,y,mspe,1.0100005865097046,2.5,6400
posthoc_orth_xfit,y,bias2,1.0053808689117432,2.5,6400
posthoc_orth_xfit,y,var,0.004619828425347805,2.5,6400
posthoc_orth_xfit,fx,mspe,0.022410321980714798,2.5,6400
posthoc_orth_xfit,fx,bias2,0.020315099507570267,2.5,6400
posthoc_orth_xfit,fx,var,0.0020952224731445312,2.5,6400
posthoc_orth_xfit,fr,mspe,0.0031424229964613914,2.5,6400
posthoc_orth_xfit,fr,bias2,0.0010472007561475039,2.5,6400
posthoc_orth_xfit,fr,var,0.0020952224731445312,2.5,6400
posthoc_orth_xfit,fz,mspe,0.022598996758461,2.5,6400
posthoc_orth_xfit,fz,bias2,0.018655547872185707,2.5,6400
posthoc_orth_xfit,fz,var,0.003943450283259153,2.5,6400
posthoc_xfit,y,mspe,1.0099835395812988,3,6400
posthoc_xfit,y,bias2,1.0055302381515503,3,6400
posthoc_xfit,y,var,0.004453208297491074,3,6400
posthoc_xfit,fx,mspe,0.003848648862913251,3,6400
posthoc_xfit,fx,bias2,0.0013204774586483836,3,6400
posthoc_xfit,fx,var,0.002528171520680189,3,6400
posthoc_xfit,fr,mspe,0.02601599507033825,3,6400
posthoc_xfit,fr,bias2,0.023487823083996773,3,6400
posthoc_xfit,fr,var,0.002528171520680189,3,6400
posthoc_xfit,fz,mspe,0.004851478151977062,3,6400
posthoc_xfit,fz,bias2,0.00022549796267412603,3,6400
posthoc_xfit,fz,var,0.004625980742275715,3,6400
posthoc_orth_xfit,y,mspe,1.0100055932998657,3,6400
posthoc_orth_xfit,y,bias2,1.0055428743362427,3,6400
posthoc_orth_xfit,y,var,0.004462771583348513,3,6400
posthoc_orth_xfit,fx,mspe,0.022375287488102913,3,6400
posthoc_orth_xfit,fx,bias2,0.020425844937562943,3,6400
posthoc_orth_xfit,fx,var,0.0019494444131851196,3,6400
posthoc_orth_xfit,fr,mspe,0.0031645072158426046,3,6400
posthoc_orth_xfit,fr,bias2,0.0012150626862421632,3,6400
posthoc_orth_xfit,fr,var,0.0019494444131851196,3,6400
posthoc_orth_xfit,fz,mspe,0.0231202132999897,3,6400
posthoc_orth_xfit,fz,bias2,0.018657060340046883,3,6400
posthoc_orth_xfit,fz,var,0.004463156219571829,3,6400
posthoc_xfit,y,mspe,1.0103648900985718,3.5,6400
posthoc_xfit,y,bias2,1.0058128833770752,3.5,6400
posthoc_xfit,y,var,0.004551966208964586,3.5,6400
posthoc_xfit,fx,mspe,0.0038469540886580944,3.5,6400
posthoc_xfit,fx,bias2,0.0012502127792686224,3.5,6400
posthoc_xfit,fx,var,0.002596741309389472,3.5,6400
posthoc_xfit,fr,mspe,0.02598194032907486,3.5,6400
posthoc_xfit,fr,bias2,0.023385200649499893,3.5,6400
posthoc_xfit,fr,var,0.002596741309389472,3.5,6400
posthoc_xfit,fz,mspe,0.005435368046164513,3.5,6400
posthoc_xfit,fz,bias2,0.00023124318977352232,3.5,6400
posthoc_xfit,fz,var,0.005204124376177788,3.5,6400
posthoc_orth_xfit,y,mspe,1.0103890895843506,3.5,6400
posthoc_orth_xfit,y,bias2,1.005834937095642,3.5,6400
posthoc_orth_xfit,y,var,0.004554183222353458,3.5,6400
posthoc_orth_xfit,fx,mspe,0.022409901022911072,3.5,6400
posthoc_orth_xfit,fx,bias2,0.02039373852312565,3.5,6400
posthoc_orth_xfit,fx,var,0.002016162034124136,3.5,6400
posthoc_orth_xfit,fr,mspe,0.00315928109921515,3.5,6400
posthoc_orth_xfit,fr,bias2,0.0011431188322603703,3.5,6400
posthoc_orth_xfit,fr,var,0.002016162034124136,3.5,6400
posthoc_orth_xfit,fz,mspe,0.023731598630547523,3.5,6400
posthoc_orth_xfit,fz,bias2,0.018660109490156174,3.5,6400
posthoc_orth_xfit,fz,var,0.0050714886747300625,3.5,6400
posthoc_xfit,y,mspe,1.0102845430374146,4,6400
posthoc_xfit,y,bias2,1.005814790725708,4,6400
posthoc_xfit,y,var,0.004469773266464472,4,6400
posthoc_xfit,fx,mspe,0.0037792569492012262,4,6400
posthoc_xfit,fx,bias2,0.001306711696088314,4,6400
posthoc_xfit,fx,var,0.002472545253112912,4,6400
posthoc_xfit,fr,mspe,0.02559921331703663,4,6400
posthoc_xfit,fr,bias2,0.023126663640141487,4,6400
posthoc_xfit,fr,var,0.002472545253112912,4,6400
posthoc_xfit,fz,mspe,0.006033454090356827,4,6400
posthoc_xfit,fz,bias2,0.0002050978655461222,4,6400
posthoc_xfit,fz,var,0.005828356835991144,4,6400
posthoc_orth_xfit,y,mspe,1.0103343725204468,4,6400
posthoc_orth_xfit,y,bias2,1.005862832069397,4,6400
posthoc_orth_xfit,y,var,0.004471434745937586,4,6400
posthoc_orth_xfit,fx,mspe,0.02235381118953228,4,6400
posthoc_orth_xfit,fx,bias2,0.02042892388999462,4,6400
posthoc_orth_xfit,fx,var,0.0019248869502916932,4,6400
posthoc_orth_xfit,fr,mspe,0.00311984121799469,4,6400
posthoc_orth_xfit,fr,bias2,0.001194954034872353,4,6400
posthoc_orth_xfit,fr,var,0.0019248869502916932,4,6400
posthoc_orth_xfit,fz,mspe,0.024427831172943115,4,6400
posthoc_orth_xfit,fz,bias2,0.018662836402654648,4,6400
posthoc_orth_xfit,fz,var,0.0057649933733046055,4,6400
posthoc_xfit,y,mspe,1.0316855907440186,0,800
posthoc_xfit,y,bias2,1.001572608947754,0,800
posthoc_xfit,y,var,0.030112886801362038,0,800
posthoc_xfit,fx,mspe,0.011292729526758194,0,800
posthoc_xfit,fx,bias2,0.0016477149911224842,0,800
posthoc_xfit,fx,var,0.009645014069974422,0,800
posthoc_xfit,fr,mspe,0.027973001822829247,0,800
posthoc_xfit,fr,bias2,0.01832798682153225,0,800
posthoc_xfit,fr,var,0.009645014069974422,0,800
posthoc_xfit,fz,mspe,0.02427578531205654,0,800
posthoc_xfit,fz,bias2,0.000634804368019104,0,800
posthoc_xfit,fz,var,0.023640980944037437,0,800
posthoc_orth_xfit,y,mspe,1.0316998958587646,0,800
posthoc_orth_xfit,y,bias2,1.001579999923706,0,800
posthoc_orth_xfit,y,var,0.030119845643639565,0,800
posthoc_orth_xfit,fx,mspe,0.030009398236870766,0,800
posthoc_orth_xfit,fx,bias2,0.020770583301782608,0,800
posthoc_orth_xfit,fx,var,0.009238814003765583,0,800
posthoc_orth_xfit,fr,mspe,0.010801875963807106,0,800
posthoc_orth_xfit,fr,bias2,0.0015630621928721666,0,800
posthoc_orth_xfit,fr,var,0.009238814003765583,0,800
posthoc_orth_xfit,fz,mspe,0.04616783186793327,0,800
posthoc_orth_xfit,fz,bias2,0.02224210649728775,0,800
posthoc_orth_xfit,fz,var,0.023925723508000374,0,800
posthoc_xfit,y,mspe,1.0374693870544434,0.5,800
posthoc_xfit,y,bias2,1.0068458318710327,0.5,800
posthoc_xfit,y,var,0.030623560771346092,0.5,800
posthoc_xfit,fx,mspe,0.013763096183538437,0.5,800
posthoc_xfit,fx,bias2,0.0035585754085332155,0.5,800
posthoc_xfit,fx,var,0.01020452007651329,0.5,800
posthoc_xfit,fr,mspe,0.03907172381877899,0.5,800
posthoc_xfit,fr,bias2,0.028867201879620552,0.5,800
posthoc_xfit,fr,var,0.01020452007651329,0.5,800
posthoc_xfit,fz,mspe,0.025387439876794815,0.5,800
posthoc_xfit,fz,bias2,0.0004519968351814896,0.5,800
posthoc_xfit,fz,var,0.024935442954301834,0.5,800
posthoc_orth_xfit,y,mspe,1.0374748706817627,0.5,800
posthoc_orth_xfit,y,bias2,1.0068461894989014,0.5,800
posthoc_orth_xfit,y,var,0.030628763139247894,0.5,800
posthoc_orth_xfit,fx,mspe,0.032028622925281525,0.5,800
posthoc_orth_xfit,fx,bias2,0.022749729454517365,0.5,800
posthoc_orth_xfit,fx,var,0.009278890676796436,0.5,800
posthoc_orth_xfit,fr,mspe,0.012376449070870876,0.5,800
posthoc_orth_xfit,fr,bias2,0.0030975572299212217,0.5,800
posthoc_orth_xfit,fr,var,0.009278890676796436,0.5,800
posthoc_orth_xfit,fz,mspe,0.04686335101723671,0.5,800
posthoc_orth_xfit,fz,bias2,0.022241976112127304,0.5,800
posthoc_orth_xfit,fz,var,0.024621376767754555,0.5,800
posthoc_xfit,y,mspe,1.0383421182632446,1,800
posthoc_xfit,y,bias2,1.0067436695098877,1,800
posthoc_xfit,y,var,0.031598471105098724,1,800
posthoc_xfit,fx,mspe,0.015727782621979713,1,800
posthoc_xfit,fx,bias2,0.004007542505860329,1,800
posthoc_xfit,fx,var,0.011720240116119385,1,800
posthoc_xfit,fr,mspe,0.04324311763048172,1,800
posthoc_xfit,fr,bias2,0.03152287378907204,1,800
posthoc_xfit,fr,var,0.011720240116119385,1,800
posthoc_xfit,fz,mspe,0.02717323787510395,1,800
posthoc_xfit,fz,bias2,0.000715938804205507,1,800
posthoc_xfit,fz,var,0.026457298547029495,1,800
posthoc_orth_xfit,y,mspe,1.0381662845611572,1,800
posthoc_orth_xfit,y,bias2,1.0067107677459717,1,800
posthoc_orth_xfit,y,var,0.031455446034669876,1,800
posthoc_orth_xfit,fx,mspe,0.03307686001062393,1,800
posthoc_orth_xfit,fx,bias2,0.0227896049618721,1,800
posthoc_orth_xfit,fx,var,0.010287255048751831,1,800
posthoc_orth_xfit,fr,mspe,0.013462779112160206,1,800
posthoc_orth_xfit,fr,bias2,0.003175524529069662,1,800
posthoc_orth_xfit,fr,var,0.010287255048751831,1,800
posthoc_orth_xfit,fz,mspe,0.04817767068743706,1,800
posthoc_orth_xfit,fz,bias2,0.022249793633818626,1,800
posthoc_orth_xfit,fz,var,0.02592787705361843,1,800
posthoc_xfit,y,mspe,1.037402629852295,1.5,800
posthoc_xfit,y,bias2,1.0070806741714478,1.5,800
posthoc_xfit,y,var,0.030321937054395676,1.5,800
posthoc_xfit,fx,mspe,0.014135035686194897,1.5,800
posthoc_xfit,fx,bias2,0.003944189753383398,1.5,800
posthoc_xfit,fx,var,0.010190845467150211,1.5,800
posthoc_xfit,fr,mspe,0.04195680469274521,1.5,800
posthoc_xfit,fr,bias2,0.031765956431627274,1.5,800
posthoc_xfit,fr,var,0.010190845467150211,1.5,800
posthoc_xfit,fz,mspe,0.02865060418844223,1.5,800
posthoc_xfit,fz,bias2,0.0008280599140562117,1.5,800
posthoc_xfit,fz,var,0.027822542935609818,1.5,800
posthoc_orth_xfit,y,mspe,1.0374500751495361,1.5,800
posthoc_orth_xfit,y,bias2,1.0070700645446777,1.5,800
posthoc_orth_xfit,y,var,0.03038005344569683,1.5,800
posthoc_orth_xfit,fx,mspe,0.03200989216566086,1.5,800
posthoc_orth_xfit,fx,bias2,0.02281711995601654,1.5,800
posthoc_orth_xfit,fx,var,0.009192770346999168,1.5,800
posthoc_orth_xfit,fr,mspe,0.012236830778419971,1.5,800
posthoc_orth_xfit,fr,bias2,0.0030440599657595158,1.5,800
posthoc_orth_xfit,fr,var,0.009192770346999168,1.5,800
posthoc_orth_xfit,fz,mspe,0.05011044442653656,1.5,800
posthoc_orth_xfit,fz,bias2,0.022265253588557243,1.5,800
posthoc_orth_xfit,fz,var,0.027845196425914764,1.5,800
posthoc_xfit,y,mspe,1.0363296270370483,2,800
posthoc_xfit,y,bias2,1.0055543184280396,2,800
posthoc_xfit,y,var,0.03077535703778267,2,800
posthoc_xfit,fx,mspe,0.014604820869863033,2,800
posthoc_xfit,fx,bias2,0.003360615111887455,2,800
posthoc_xfit,fx,var,0.011244203895330429,2,800
posthoc_xfit,fr,mspe,0.03944697231054306,2,800
posthoc_xfit,fr,bias2,0.02820277027785778,2,800
posthoc_xfit,fr,var,0.011244203895330429,2,800
posthoc_xfit,fz,mspe,0.03251035138964653,2,800
posthoc_xfit,fz,bias2,0.00044944346882402897,2,800
posthoc_xfit,fz,var,0.032060910016298294,2,800
posthoc_orth_xfit,y,mspe,1.0363305807113647,2,800
posthoc_orth_xfit,y,bias2,1.0055545568466187,2,800
posthoc_orth_xfit,y,var,0.03077608533203602,2,800
posthoc_orth_xfit,fx,mspe,0.032167285680770874,2,800
posthoc_orth_xfit,fx,bias2,0.02275136485695839,2,800
posthoc_orth_xfit,fx,var,0.00941592175513506,2,800
posthoc_orth_xfit,fr,mspe,0.012414072640240192,2,800
posthoc_orth_xfit,fr,bias2,0.0029981499537825584,2,800
posthoc_orth_xfit,fr,var,0.00941592175513506,2,800
posthoc_orth_xfit,fz,mspe,0.05266249552369118,2,800
posthoc_orth_xfit,fz,bias2,0.022288737818598747,2,800
posthoc_orth_xfit,fz,var,0.03037375770509243,2,800
posthoc_xfit,y,mspe,1.0362831354141235,2.5,800
posthoc_xfit,y,bias2,1.0056345462799072,2.5,800
posthoc_xfit,y,var,0.03064865432679653,2.5,800
posthoc_xfit,fx,mspe,0.01440072525292635,2.5,800
posthoc_xfit,fx,bias2,0.0031973281875252724,2.5,800
posthoc_xfit,fx,var,0.011203396134078503,2.5,800
posthoc_xfit,fr,mspe,0.03952723369002342,2.5,800
posthoc_xfit,fr,bias2,0.028323836624622345,2.5,800
posthoc_xfit,fr,var,0.011203396134078503,2.5,800
posthoc_xfit,fz,mspe,0.03486504405736923,2.5,800
posthoc_xfit,fz,bias2,0.0005443644477054477,2.5,800
posthoc_xfit,fz,var,0.034320682287216187,2.5,800
posthoc_orth_xfit,y,mspe,1.0362749099731445,2.5,800
posthoc_orth_xfit,y,bias2,1.0056276321411133,2.5,800
posthoc_orth_xfit,y,var,0.030647285282611847,2.5,800
posthoc_orth_xfit,fx,mspe,0.03182067722082138,2.5,800
posthoc_orth_xfit,fx,bias2,0.02245415188372135,2.5,800
posthoc_orth_xfit,fx,var,0.009366524405777454,2.5,800
posthoc_orth_xfit,fr,mspe,0.012141773477196693,2.5,800
posthoc_orth_xfit,fr,bias2,0.0027752486057579517,2.5,800
posthoc_orth_xfit,fr,var,0.009366524405777454,2.5,800
posthoc_orth_xfit,fz,mspe,0.05583309009671211,2.5,800
posthoc_orth_xfit,fz,bias2,0.02232002653181553,2.5,800
posthoc_orth_xfit,fz,var,0.03351306542754173,2.5,800
posthoc_xfit,y,mspe,1.0363153219223022,3,800
posthoc_xfit,y,bias2,1.0056796073913574,3,800
posthoc_xfit,y,var,0.03063572570681572,3,800
posthoc_xfit,fx,mspe,0.01454492099583149,3,800
posthoc_xfit,fx,bias2,0.0034070813562721014,3,800
posthoc_xfit,fx,var,0.011137839406728745,3,800
posthoc_xfit,fr,mspe,0.03890569880604744,3,800
posthoc_xfit,fr,bias2,0.027767861261963844,3,800
posthoc_xfit,fr,var,0.011137839406728745,3,800
posthoc_xfit,fz,mspe,0.038820989429950714,3,800
posthoc_xfit,fz,bias2,0.0005076183006167412,3,800
posthoc_xfit,fz,var,0.0383133701980114,3,800
posthoc_orth_xfit,y,mspe,1.0363043546676636,3,800
posthoc_orth_xfit,y,bias2,1.0056746006011963,3,800
posthoc_orth_xfit,y,var,0.03062969446182251,3,800
posthoc_orth_xfit,fx,mspe,0.03199710696935654,3,800
posthoc_orth_xfit,fx,bias2,0.022882971912622452,3,800
posthoc_orth_xfit,fx,var,0.009114135056734085,3,800
posthoc_orth_xfit,fr,mspe,0.012222673743963242,3,800
posthoc_orth_xfit,fr,bias2,0.0031085393857210875,3,800
posthoc_orth_xfit,fr,var,0.009114135056734085,3,800
posthoc_orth_xfit,fz,mspe,0.059622980654239655,3,800
posthoc_orth_xfit,fz,bias2,0.022359313443303108,3,800
posthoc_orth_xfit,fz,var,0.0372636616230011,3,800
posthoc_xfit,y,mspe,1.0364915132522583,3.5,800
posthoc_xfit,y,bias2,1.0056202411651611,3.5,800
posthoc_xfit,y,var,0.03087112121284008,3.5,800
posthoc_xfit,fx,mspe,0.014727470465004444,3.5,800
posthoc_xfit,fx,bias2,0.003117164596915245,3.5,800
posthoc_xfit,fx,var,0.011610304936766624,3.5,800
posthoc_xfit,fr,mspe,0.03912128880620003,3.5,800
posthoc_xfit,fr,bias2,0.027510983869433403,3.5,800
posthoc_xfit,fr,var,0.011610304936766624,3.5,800
posthoc_xfit,fz,mspe,0.04245674982666969,3.5,800
posthoc_xfit,fz,bias2,0.0006010344950482249,3.5,800
posthoc_xfit,fz,var,0.04185572266578674,3.5,800
posthoc_orth_xfit,y,mspe,1.0364912748336792,3.5,800
posthoc_orth_xfit,y,bias2,1.0056114196777344,3.5,800
posthoc_orth_xfit,y,var,0.030879810452461243,3.5,800
posthoc_orth_xfit,fx,mspe,0.03209780156612396,3.5,800
posthoc_orth_xfit,fx,bias2,0.02257394790649414,3.5,800
posthoc_orth_xfit,fx,var,0.009523850865662098,3.5,800
posthoc_orth_xfit,fr,mspe,0.012327265925705433,3.5,800
posthoc_orth_xfit,fr,bias2,0.002803414361551404,3.5,800
posthoc_orth_xfit,fr,var,0.009523850865662098,3.5,800
posthoc_orth_xfit,fz,mspe,0.06403109431266785,3.5,800
posthoc_orth_xfit,fz,bias2,0.02240612916648388,3.5,800
posthoc_orth_xfit,fz,var,0.041624970734119415,3.5,800
posthoc_xfit,y,mspe,1.0373730659484863,4,800
posthoc_xfit,y,bias2,1.0063003301620483,4,800
posthoc_xfit,y,var,0.031072741374373436,4,800
posthoc_xfit,fx,mspe,0.015658890828490257,4,800
posthoc_xfit,fx,bias2,0.0033930696081370115,4,800
posthoc_xfit,fx,var,0.012265822850167751,4,800
posthoc_xfit,fr,mspe,0.038851212710142136,4,800
posthoc_xfit,fr,bias2,0.02658539079129696,4,800
posthoc_xfit,fr,var,0.012265822850167751,4,800
posthoc_xfit,fz,mspe,0.04836665466427803,4,800
posthoc_xfit,fz,bias2,0.0005811847513541579,4,800
posthoc_xfit,fz,var,0.04778547212481499,4,800
posthoc_orth_xfit,y,mspe,1.0373830795288086,4,800
posthoc_orth_xfit,y,bias2,1.006313443183899,4,800
posthoc_orth_xfit,y,var,0.031069718301296234,4,800
posthoc_orth_xfit,fx,mspe,0.03258529677987099,4,800
posthoc_orth_xfit,fx,bias2,0.02290586195886135,4,800
posthoc_orth_xfit,fx,var,0.009679432027041912,4,800
posthoc_orth_xfit,fr,mspe,0.012886498123407364,4,800
posthoc_orth_xfit,fr,bias2,0.003207066096365452,4,800
posthoc_orth_xfit,fr,var,0.009679432027041912,4,800
posthoc_orth_xfit,fz,mspe,0.06905845552682877,4,800
posthoc_orth_xfit,fz,bias2,0.022461051121354103,4,800
posthoc_orth_xfit,fz,var,0.04659740626811981,4,800
