model,effect,metric,value,n
refit,y,mspe,1.0027287006378174,102400
refit,y,bias2,1.0025368928909302,102400
refit,y,var,0.00019167816208209842,102400
refit,fx,mspe,0.00025335303507745266,102400
refit,fx,bias2,7.804993219906464e-05,102400
refit,fx,var,0.0001753031392581761,102400
refit,fr,mspe,0.020478691905736923,102400
refit,fr,bias2,0.0203033909201622,102400
refit,fr,var,0.0001753031392581761,102400
refit,fz,mspe,4.238450856064446e-05,102400
refit,fz,bias2,3.1652534744353034e-06,102400
refit,fz,var,3.9219252357725054e-05,102400
refit_orth,y,mspe,1.002741813659668,102400
refit_orth,y,bias2,1.002549409866333,102400
refit_orth,y,var,0.0001923782256199047,102400
refit_orth,fx,mspe,0.01969139091670513,102400
refit_orth,fx,bias2,0.019534599035978317,102400
refit_orth,fx,var,0.0001567919534863904,102400
refit_orth,fr,mspe,0.00022781398729421198,102400
refit_orth,fr,bias2,7.102203380782157e-05,102400
refit_orth,fr,var,0.0001567919534863904,102400
refit_orth,fz,mspe,0.019719421863555908,102400
refit_orth,fz,bias2,0.01970277540385723,102400
refit_orth,fz,var,1.6648375094518997e-05,102400
nam,y,mspe,1.0037202835083008,102400
nam,y,bias2,1.0032063722610474,102400
nam,y,var,0.0005138846463523805,102400
nam,fx,mspe,0.0005860419478267431,102400
nam,fx,bias2,0.00012061860616086051,102400
nam,fx,var,0.00046542336349375546,102400
nam,fr,mspe,0.02222069725394249,102400
nam,fr,bias2,0.021755272522568703,102400
nam,fr,var,0.00046542336349375546,102400
nam,fz,mspe,0.00040092674316838384,102400
nam,fz,bias2,0.00017445495177526027,102400
nam,fz,var,0.0002264717622892931,102400
nam_mlp,y,mspe,1.0027786493301392,102400
nam_mlp,y,bias2,1.0023834705352783,102400
nam_mlp,y,var,0.00039525717147625983,102400
nam_mlp,fx,mspe,0.00040361008723266423,102400
nam_mlp,fx,bias2,9.825386950979009e-05,102400
nam_mlp,fx,var,0.0003053561958950013,102400
nam_mlp,fr,mspe,0.01951489970088005,102400
nam_mlp,fr,bias2,0.019209545105695724,102400
nam_mlp,fr,var,0.0003053561958950013,102400
nam_mlp,fz,mspe,0.00019412548863328993,102400
nam_mlp,fz,bias2,2.8962867872905917e-05,102400
nam_mlp,fz,var,0.00016516265168320388,102400
base,y,mspe,1.0504581928253174,102400
base,y,bias2,1.0500364303588867,102400
base,y,var,0.0004216842644382268,102400
base,fx,mspe,0.049037814140319824,102400
base,fx,bias2,0.04870404303073883,102400
base,fx,var,0.00033376982901245356,102400
base,fr,mspe,0.11818061769008636,102400
base,fr,bias2,0.11784685403108597,102400
base,fr,var,0.00033376982901245356,102400
base,fz,mspe,0.07795459032058716,102400
base,fz,bias2,0.07795459032058716,102400
base,fz,var,0.0,102400
posthoc_web,y,mspe,1.2368340492248535,102400
posthoc_web,y,bias2,1.2364598512649536,102400
posthoc_web,y,var,0.0003742343105841428,102400
posthoc_web,fx,mspe,0.03857817128300667,102400
posthoc_web,fx,bias2,0.038296815007925034,102400
posthoc_web,fx,var,0.00028135403408668935,102400
posthoc_web,fr,mspe,0.017395632341504097,102400
posthoc_web,fr,bias2,0.017114276066422462,102400
posthoc_web,fr,var,0.00028135403408668935,102400
posthoc_web,fz,mspe,0.07795459032058716,102400
posthoc_web,fz,bias2,0.07795459032058716,102400
posthoc_web,fz,var,0.0,102400
ssn,y,mspe,1.0037202835083008,102400
ssn,y,bias2,1.0032063722610474,102400
ssn,y,var,0.0005138847045600414,102400
ssn,fx,mspe,0.019854659214615822,102400
ssn,fx,bias2,0.019532576203346252,102400
ssn,fx,var,0.00032208504853770137,102400
ssn,fr,mspe,0.0003836531250271946,102400
ssn,fr,bias2,6.156810559332371e-05,102400
ssn,fr,var,0.00032208504853770137,102400
ssn,fz,mspe,0.01802380383014679,102400
ssn,fz,bias2,0.0179605595767498,102400
ssn,fz,var,6.324348942143843e-05,102400
nam_mlp_conc_0.01,y,mspe,1.0011029243469238,102400
nam_mlp_conc_0.01,y,bias2,1.0006883144378662,102400
nam_mlp_conc_0.01,y,var,0.0004146470164414495,102400
nam_mlp_conc_0.01,fx,mspe,0.000992997083812952,102400
nam_mlp_conc_0.01,fx,bias2,0.0007065257523208857,102400
nam_mlp_conc_0.01,fx,var,0.0002864714479073882,102400
nam_mlp_conc_0.01,fr,mspe,0.014609068632125854,102400
nam_mlp_conc_0.01,fr,bias2,0.014322596602141857,102400
nam_mlp_conc_0.01,fr,var,0.0002864714479073882,102400
nam_mlp_conc_0.01,fz,mspe,0.000711171654984355,102400
nam_mlp_conc_0.01,fz,bias2,0.0005647459183819592,102400
nam_mlp_conc_0.01,fz,var,0.00014642573660239577,102400
nam_mlp_conc_0.1,y,mspe,0.9997901916503906,102400
nam_mlp_conc_0.1,y,bias2,0.9991825819015503,102400
nam_mlp_conc_0.1,y,var,0.0006076074205338955,102400
nam_mlp_conc_0.1,fx,mspe,0.02109251171350479,102400
nam_mlp_conc_0.1,fx,bias2,0.020811188966035843,102400
nam_mlp_conc_0.1,fx,var,0.00028132437728345394,102400
nam_mlp_conc_0.1,fr,mspe,0.00813080184161663,102400
nam_mlp_conc_0.1,fr,bias2,0.007849477231502533,102400
nam_mlp_conc_0.1,fr,var,0.00028132437728345394,102400
nam_mlp_conc_0.1,fz,mspe,0.016041386872529984,102400
nam_mlp_conc_0.1,fz,bias2,0.015909381210803986,102400
nam_mlp_conc_0.1,fz,var,0.00013200433750171214,102400
nam_mlp_conc_1,y,mspe,1.000212550163269,102400
nam_mlp_conc_1,y,bias2,0.9997018575668335,102400
nam_mlp_conc_1,y,var,0.0005106637836433947,102400
nam_mlp_conc_1,fx,mspe,0.024921173229813576,102400
nam_mlp_conc_1,fx,bias2,0.024651065468788147,102400
nam_mlp_conc_1,fx,var,0.00027011020574718714,102400
nam_mlp_conc_1,fr,mspe,0.00921809021383524,102400
nam_mlp_conc_1,fr,bias2,0.008947979658842087,102400
nam_mlp_conc_1,fr,var,0.00027011020574718714,102400
nam_mlp_conc_1,fz,mspe,0.019277581945061684,102400
nam_mlp_conc_1,fz,bias2,0.01916555128991604,102400
nam_mlp_conc_1,fz,var,0.00011203014582861215,102400
cfnet_0.5,y,mspe,1.0520821809768677,102400
cfnet_0.5,y,bias2,1.050754427909851,102400
cfnet_0.5,y,var,0.0013277556281536818,102400
cfnet_0.5,fx,mspe,0.051677800714969635,102400
cfnet_0.5,fx,bias2,0.05070175230503082,102400
cfnet_0.5,fx,var,0.000976044510025531,102400
cfnet_0.5,fr,mspe,0.12184175848960876,102400
cfnet_0.5,fr,bias2,0.12086571007966995,102400
cfnet_0.5,fr,var,0.000976044510025531,102400
cfnet_0.5,fz,mspe,0.07795459032058716,102400
cfnet_0.5,fz,bias2,0.07795459032058716,102400
cfnet_0.5,fz,var,0.0,102400
cfnet_1,y,mspe,1.0521451234817505,102400
cfnet_1,y,bias2,1.0503463745117188,102400
cfnet_1,y,var,0.0017987459432333708,102400
cfnet_1,fx,mspe,0.050996266305446625,102400
cfnet_1,fx,bias2,0.049762628972530365,102400
cfnet_1,fx,var,0.0012336393119767308,102400
cfnet_1,fr,mspe,0.12069950997829437,102400
cfnet_1,fr,bias2,0.11946586519479752,102400
cfnet_1,fr,var,0.0012336393119767308,102400
cfnet_1,fz,mspe,0.07795459032058716,102400
cfnet_1,fz,bias2,0.07795459032058716,102400
cfnet_1,fz,var,0.0,102400
cfnet_5,y,mspe,1.051507592201233,102400
cfnet_5,y,bias2,1.0502610206604004,102400
cfnet_5,y,var,0.0012465069303289056,102400
cfnet_5,fx,mspe,0.0502532497048378,102400
cfnet_5,fx,bias2,0.0492941178381443,102400
cfnet_5,fx,var,0.0009591276757419109,102400
cfnet_5,fr,mspe,0.11968936771154404,102400
cfnet_5,fr,bias2,0.11873023957014084,102400
cfnet_5,fr,var,0.0009591276757419109,102400
cfnet_5,fz,mspe,0.07795459032058716,102400
cfnet_5,fz,bias2,0.07795459032058716,102400
cfnet_5,fz,var,0.0,102400
refit,y,mspe,1.0035475492477417,12800
refit,y,bias2,1.0026366710662842,12800
refit,y,var,0.0009108537342399359,12800
refit,fx,mspe,0.0011642595054581761,12800
refit,fx,bias2,0.0002691986155696213,12800
refit,fx,var,0.0008950610645115376,12800
refit,fr,mspe,0.021327676251530647,12800
refit,fr,bias2,0.020432613790035248,12800
refit,fr,var,0.0008950610645115376,12800
refit,fz,mspe,0.0002446208382025361,12800
refit,fz,bias2,3.5835148537444184e-06,12800
refit,fz,var,0.00024103732721414417,12800
refit_orth,y,mspe,1.003548264503479,12800
refit_orth,y,bias2,1.0026339292526245,12800
refit_orth,y,var,0.0009143325733020902,12800
refit_orth,fx,mspe,0.02045423351228237,12800
refit_orth,fx,bias2,0.019734926521778107,12800
refit_orth,fx,var,0.0007193090859800577,12800
refit_orth,fr,mspe,0.0009826465975493193,12800
refit_orth,fr,bias2,0.0002633375988807529,12800
refit_orth,fr,var,0.0007193090859800577,12800
refit_orth,fz,mspe,0.019735148176550865,12800
refit_orth,fz,bias2,0.019621439278125763,12800
refit_orth,fz,var,0.00011370809806976467,12800
nam,y,mspe,1.0067322254180908,12800
nam,y,bias2,1.0042798519134521,12800
nam,y,var,0.002452372806146741,12800
nam,fx,mspe,0.0023246726486831903,12800
nam,fx,bias2,0.00021575319988187402,12800
nam,fx,var,0.002108919434249401,12800
nam,fr,mspe,0.023427708074450493,12800
nam,fr,bias2,0.021318791434168816,12800
nam,fr,var,0.002108919434249401,12800
nam,fz,mspe,0.0014790510758757591,12800
nam,fz,bias2,0.0003222804516553879,12800
nam,fz,var,0.001156770857051015,12800
nam_mlp,y,mspe,1.0040076971054077,12800
nam_mlp,y,bias2,1.0017998218536377,12800
nam_mlp,y,var,0.002207871526479721,12800
nam_mlp,fx,mspe,0.0022861571051180363,12800
nam_mlp,fx,bias2,0.0007322643650695682,12800
nam_mlp,fx,var,0.0015538927400484681,12800
nam_mlp,fr,mspe,0.016975704580545425,12800
nam_mlp,fr,bias2,0.015421812422573566,12800
nam_mlp,fr,var,0.0015538927400484681,12800
nam_mlp,fz,mspe,0.0010232708882540464,12800
nam_mlp,fz,bias2,0.00033486305619589984,12800
nam_mlp,fz,var,0.000688407861161977,12800
base,y,mspe,1.0521258115768433,12800
base,y,bias2,1.0511622428894043,12800
base,y,var,0.0009635446476750076,12800
base,fx,mspe,0.047691766172647476,12800
base,fx,bias2,0.04685797169804573,12800
base,fx,var,0.0008337853359989822,12800
base,fr,mspe,0.11576478183269501,12800
base,fr,bias2,0.11493099480867386,12800
base,fr,var,0.0008337853359989822,12800
base,fz,mspe,0.07795459032058716,12800
base,fz,bias2,0.07795459032058716,12800
base,fz,var,0.0,12800
posthoc_web,y,mspe,1.2381434440612793,12800
posthoc_web,y,bias2,1.2372198104858398,12800
posthoc_web,y,var,0.000923727173358202,12800
posthoc_web,fx,mspe,0.038759857416152954,12800
posthoc_web,fx,bias2,0.03799252584576607,12800
posthoc_web,fx,var,0.0007673362852074206,12800
posthoc_web,fr,mspe,0.017385991290211678,12800
posthoc_web,fr,bias2,0.016618654131889343,12800
posthoc_web,fr,var,0.0007673362852074206,12800
posthoc_web,fz,mspe,0.07795459032058716,12800
posthoc_web,fz,bias2,0.07795459032058716,12800
posthoc_web,fz,var,0.0,12800
ssn,y,mspe,1.0067322254180908,12800
ssn,y,bias2,1.0042798519134521,12800
ssn,y,var,0.002452372806146741,12800
ssn,fx,mspe,0.02148505300283432,12800
ssn,fx,bias2,0.01990560069680214,12800
ssn,fx,var,0.001579450792632997,12800
ssn,fr,mspe,0.001762567786499858,12800
ssn,fr,bias2,0.000183117066626437,12800
ssn,fr,var,0.001579450792632997,12800
ssn,fz,mspe,0.016805902123451233,12800
ssn,fz,bias2,0.016454406082630157,12800
ssn,fz,var,0.0003514948475640267,12800
nam_mlp_conc_0.01,y,mspe,1.0030293464660645,12800
nam_mlp_conc_0.01,y,bias2,1.0002516508102417,12800
nam_mlp_conc_0.01,y,var,0.0027777720242738724,12800
nam_mlp_conc_0.01,fx,mspe,0.0033331254962831736,12800
nam_mlp_conc_0.01,fx,bias2,0.0013874559663236141,12800
nam_mlp_conc_0.01,fx,var,0.0019456696463748813,12800
nam_mlp_conc_0.01,fr,mspe,0.014588279649615288,12800
nam_mlp_conc_0.01,fr,bias2,0.012642609886825085,12800
nam_mlp_conc_0.01,fr,var,0.0019456696463748813,12800
nam_mlp_conc_0.01,fz,mspe,0.0018548028310760856,12800
nam_mlp_conc_0.01,fz,bias2,0.0009482087334617972,12800
nam_mlp_conc_0.01,fz,var,0.000906594330444932,12800
nam_mlp_conc_0.1,y,mspe,1.002689003944397,12800
nam_mlp_conc_0.1,y,bias2,0.9997700452804565,12800
nam_mlp_conc_0.1,y,var,0.002918934216722846,12800
nam_mlp_conc_0.1,fx,mspe,0.020170826464891434,12800
nam_mlp_conc_0.1,fx,bias2,0.01863773912191391,12800
nam_mlp_conc_0.1,fx,var,0.0015330894384533167,12800
nam_mlp_conc_0.1,fr,mspe,0.009027288295328617,12800
nam_mlp_conc_0.1,fr,bias2,0.007494199089705944,12800
nam_mlp_conc_0.1,fr,var,0.0015330894384533167,12800
nam_mlp_conc_0.1,fz,mspe,0.014436020515859127,12800
nam_mlp_conc_0.1,fz,bias2,0.013228864409029484,12800
nam_mlp_conc_0.1,fz,var,0.001207156223244965,12800
nam_mlp_conc_1,y,mspe,1.0062036514282227,12800
nam_mlp_conc_1,y,bias2,1.0031883716583252,12800
nam_mlp_conc_1,y,var,0.0030153351835906506,12800
nam_mlp_conc_1,fx,mspe,0.02548348158597946,12800
nam_mlp_conc_1,fx,bias2,0.023917879909276962,12800
nam_mlp_conc_1,fx,var,0.0015656023751944304,12800
nam_mlp_conc_1,fr,mspe,0.010841276496648788,12800
nam_mlp_conc_1,fr,bias2,0.009275674819946289,12800
nam_mlp_conc_1,fr,var,0.0015656023751944304,12800
nam_mlp_conc_1,fz,mspe,0.017868056893348694,12800
nam_mlp_conc_1,fz,bias2,0.01683410443365574,12800
nam_mlp_conc_1,fz,var,0.0010339519940316677,12800
cfnet_0.5,y,mspe,1.059311032295227,12800
cfnet_0.5,y,bias2,1.052125096321106,12800
cfnet_0.5,y,var,0.0071860081516206264,12800
cfnet_0.5,fx,mspe,0.04333674907684326,12800
cfnet_0.5,fx,bias2,0.03861000016331673,12800
cfnet_0.5,fx,var,0.004726748913526535,12800
cfnet_0.5,fr,mspe,0.10691653937101364,12800
cfnet_0.5,fr,bias2,0.102189801633358,12800
cfnet_0.5,fr,var,0.004726748913526535,12800
cfnet_0.5,fz,mspe,0.07795459032058716,12800
cfnet_0.5,fz,bias2,0.07795459032058716,12800
cfnet_0.5,fz,var,0.0,12800
cfnet_1,y,mspe,1.058604121208191,12800
cfnet_1,y,bias2,1.0521320104599,12800
cfnet_1,y,var,0.006472185719758272,12800
cfnet_1,fx,mspe,0.04069646820425987,12800
cfnet_1,fx,bias2,0.03605005890130997,12800
cfnet_1,fx,var,0.0046464079059660435,12800
cfnet_1,fr,mspe,0.10269519686698914,12800
cfnet_1,fr,bias2,0.09804878383874893,12800
cfnet_1,fr,var,0.0046464079059660435,12800
cfnet_1,fz,mspe,0.07795459032058716,12800
cfnet_1,fz,bias2,0.07795459032058716,12800
cfnet_1,fz,var,0.0,12800
cfnet_5,y,mspe,1.0608246326446533,12800
cfnet_5,y,bias2,1.0524204969406128,12800
cfnet_5,y,var,0.008404076099395752,12800
cfnet_5,fx,mspe,0.04407240077853203,12800
cfnet_5,fx,bias2,0.03900705650448799,12800
cfnet_5,fx,var,0.005065343342721462,12800
cfnet_5,fr,mspe,0.10782196372747421,12800
cfnet_5,fr,bias2,0.10275661200284958,12800
cfnet_5,fr,var,0.005065343342721462,12800
cfnet_5,fz,mspe,0.07795459032058716,12800
cfnet_5,fz,bias2,0.07795459032058716,12800
cfnet_5,fz,var,0.0,12800
refit,y,mspe,1.013070821762085,1600
refit,y,bias2,1.0071228742599487,1600
refit,y,var,0.005947994068264961,1600
refit,fx,mspe,0.007533328607678413,1600
refit,fx,bias2,0.0024921458680182695,1600
refit,fx,var,0.005041182041168213,1600
refit,fr,mspe,0.0334605872631073,1600
refit,fr,bias2,0.028419403359293938,1600
refit,fr,var,0.005041182041168213,1600
refit,fz,mspe,0.0025823914911597967,1600
refit,fz,bias2,0.0004286411276552826,1600
refit,fz,var,0.0021537505090236664,1600
refit_orth,y,mspe,1.0130903720855713,1600
refit_orth,y,bias2,1.007108211517334,1600
refit_orth,y,var,0.005982230883091688,1600
refit_orth,fx,mspe,0.0262413639575243,1600
refit_orth,fx,bias2,0.02218930423259735,1600
refit_orth,fx,var,0.004052057862281799,1600
refit_orth,fr,mspe,0.0060204146429896355,1600
refit_orth,fr,bias2,0.001968357479199767,1600
refit_orth,fr,var,0.004052057862281799,1600
refit_orth,fz,mspe,0.022188825532794,1600
refit_orth,fz,bias2,0.02090306207537651,1600
refit_orth,fz,var,0.0012857615947723389,1600
nam,y,mspe,1.04227614402771,1600
nam,y,bias2,1.028247356414795,1600
nam,y,var,0.014028830453753471,1600
nam,fx,mspe,0.03428571671247482,1600
nam,fx,bias2,0.01818827912211418,1600
nam,fx,var,0.01609743759036064,1600
nam,fr,mspe,0.08348018676042557,1600
nam,fr,bias2,0.06738275289535522,1600
nam,fr,var,0.01609743759036064,1600
nam,fz,mspe,0.04933416470885277,1600
nam,fz,bias2,0.03315892070531845,1600
nam,fz,var,0.01617523841559887,1600
nam_mlp,y,mspe,1.0189052820205688,1600
nam_mlp,y,bias2,1.010731816291809,1600
nam_mlp,y,var,0.00817342009395361,1600
nam_mlp,fx,mspe,0.011345104314386845,1600
nam_mlp,fx,bias2,0.003692967351526022,1600
nam_mlp,fx,var,0.007652136497199535,1600
nam_mlp,fr,mspe,0.04307214170694351,1600
nam_mlp,fr,bias2,0.0354200042784214,1600
nam_mlp,fr,var,0.007652136497199535,1600
nam_mlp,fz,mspe,0.00809451099485159,1600
nam_mlp,fz,bias2,0.004474456422030926,1600
nam_mlp,fz,var,0.003620054805651307,1600
base,y,mspe,1.0599722862243652,1600
base,y,bias2,1.0536311864852905,1600
base,y,var,0.006340972147881985,1600
base,fx,mspe,0.052804913371801376,1600
base,fx,bias2,0.04826083034276962,1600
base,fx,var,0.004544078838080168,1600
base,fr,mspe,0.12106853723526001,1600
base,fr,bias2,0.11652445048093796,1600
base,fr,var,0.004544078838080168,1600
base,fz,mspe,0.07795459032058716,1600
base,fz,bias2,0.07795459032058716,1600
base,fz,var,0.0,1600
posthoc_web,y,mspe,1.2450456619262695,1600
posthoc_web,y,bias2,1.238885521888733,1600
posthoc_web,y,var,0.006160276010632515,1600
posthoc_web,fx,mspe,0.04279392212629318,1600
posthoc_web,fx,bias2,0.038836460560560226,1600
posthoc_web,fx,var,0.003957459237426519,1600
posthoc_web,fr,mspe,0.021716732531785965,1600
posthoc_web,fr,bias2,0.017759272828698158,1600
posthoc_web,fr,var,0.003957459237426519,1600
posthoc_web,fz,mspe,0.07795459032058716,1600
posthoc_web,fz,bias2,0.07795459032058716,1600
posthoc_web,fz,var,0.0,1600
ssn,y,mspe,1.04227614402771,1600
ssn,y,bias2,1.028247356414795,1600
ssn,y,var,0.014028830453753471,1600
ssn,fx,mspe,0.036493007093667984,1600
ssn,fx,bias2,0.027164287865161896,1600
ssn,fx,var,0.009328717365860939,1600
ssn,fr,mspe,0.016197068616747856,1600
ssn,fr,bias2,0.006868351250886917,1600
ssn,fr,var,0.009328717365860939,1600
ssn,fz,mspe,0.007317157927900553,1600
ssn,fz,bias2,0.00446369918063283,1600
ssn,fz,var,0.0028534585144370794,1600
nam_mlp_conc_0.01,y,mspe,1.0148333311080933,1600
nam_mlp_conc_0.01,y,bias2,1.0028834342956543,1600
nam_mlp_conc_0.01,y,var,0.011949963867664337,1600
nam_mlp_conc_0.01,fx,mspe,0.010572696104645729,1600
nam_mlp_conc_0.01,fx,bias2,0.0004856252926401794,1600
nam_mlp_conc_0.01,fx,var,0.010087070055305958,1600
nam_mlp_conc_0.01,fr,mspe,0.02756684459745884,1600
nam_mlp_conc_0.01,fr,bias2,0.017479777336120605,1600
nam_mlp_conc_0.01,fr,var,0.010087070055305958,1600
nam_mlp_conc_0.01,fz,mspe,0.004583868198096752,1600
nam_mlp_conc_0.01,fz,bias2,0.0001305963087361306,1600
nam_mlp_conc_0.01,fz,var,0.0044532716274261475,1600
nam_mlp_conc_0.1,y,mspe,1.0150219202041626,1600
nam_mlp_conc_0.1,y,bias2,1.0029453039169312,1600
nam_mlp_conc_0.1,y,var,0.012076661922037601,1600
nam_mlp_conc_0.1,fx,mspe,0.015050799585878849,1600
nam_mlp_conc_0.1,fx,bias2,0.004048943519592285,1600
nam_mlp_conc_0.1,fx,var,0.011001856066286564,1600
nam_mlp_conc_0.1,fr,mspe,0.020909477025270462,1600
nam_mlp_conc_0.1,fr,bias2,0.009907619096338749,1600
nam_mlp_conc_0.1,fr,var,0.011001856066286564,1600
nam_mlp_conc_0.1,fz,mspe,0.006904001347720623,1600
nam_mlp_conc_0.1,fz,bias2,0.0009565895888954401,1600
nam_mlp_conc_0.1,fz,var,0.005947411525994539,1600
nam_mlp_conc_1,y,mspe,1.0149033069610596,1600
nam_mlp_conc_1,y,bias2,1.0032614469528198,1600
nam_mlp_conc_1,y,var,0.011641886085271835,1600
nam_mlp_conc_1,fx,mspe,0.028779886662960052,1600
nam_mlp_conc_1,fx,bias2,0.022285521030426025,1600
nam_mlp_conc_1,fx,var,0.0064943647012114525,1600
nam_mlp_conc_1,fr,mspe,0.015576465055346489,1600
nam_mlp_conc_1,fr,bias2,0.009082100354135036,1600
nam_mlp_conc_1,fr,var,0.0064943647012114525,1600
nam_mlp_conc_1,fz,mspe,0.018522821366786957,1600
nam_mlp_conc_1,fz,bias2,0.014196561649441719,1600
nam_mlp_conc_1,fz,var,0.004326258320361376,1600
cfnet_0.5,y,mspe,1.0590112209320068,1600
cfnet_0.5,y,bias2,1.052049160003662,1600
cfnet_0.5,y,var,0.006962231360375881,1600
cfnet_0.5,fx,mspe,0.047030020505189896,1600
cfnet_0.5,fx,bias2,0.04190753772854805,1600
cfnet_0.5,fx,var,0.005122484639286995,1600
cfnet_0.5,fr,mspe,0.11222133040428162,1600
cfnet_0.5,fr,bias2,0.10709884762763977,1600
cfnet_0.5,fr,var,0.005122484639286995,1600
cfnet_0.5,fz,mspe,0.07795459032058716,1600
cfnet_0.5,fz,bias2,0.07795459032058716,1600
cfnet_0.5,fz,var,0.0,1600
cfnet_1,y,mspe,1.0609312057495117,1600
cfnet_1,y,bias2,1.0533050298690796,1600
cfnet_1,y,var,0.007626230828464031,1600
cfnet_1,fx,mspe,0.04876359552145004,1600
cfnet_1,fx,bias2,0.04312913864850998,1600
cfnet_1,fx,var,0.005634455010294914,1600
cfnet_1,fr,mspe,0.1145806685090065,1600
cfnet_1,fr,bias2,0.10894621163606644,1600
cfnet_1,fr,var,0.005634455010294914,1600
cfnet_1,fz,mspe,0.07795459032058716,1600
cfnet_1,fz,bias2,0.07795459032058716,1600
cfnet_1,fz,var,0.0,1600
cfnet_5,y,mspe,1.0596448183059692,1600
cfnet_5,y,bias2,1.051650047302246,1600
cfnet_5,y,var,0.00799473188817501,1600
cfnet_5,fx,mspe,0.04939323291182518,1600
cfnet_5,fx,bias2,0.04350612312555313,1600
cfnet_5,fx,var,0.005887116305530071,1600
cfnet_5,fr,mspe,0.11549955606460571,1600
cfnet_5,fr,bias2,0.10961243510246277,1600
cfnet_5,fr,var,0.005887116305530071,1600
cfnet_5,fz,mspe,0.07795459032058716,1600
cfnet_5,fz,bias2,0.07795459032058716,1600
cfnet_5,fz,var,0.0,1600
refit,y,mspe,1.0037872791290283,25600
refit,y,bias2,1.0032905340194702,25600
refit,y,var,0.0004967640270479023,25600
refit,fx,mspe,0.0007515413453802466,25600
refit,fx,bias2,0.0002608543145470321,25600
refit,fx,var,0.0004906870308332145,25600
refit,fr,mspe,0.02256602980196476,25600
refit,fr,bias2,0.022075343877077103,25600
refit,fr,var,0.0004906870308332145,25600
refit,fz,mspe,0.00026115638320334256,25600
refit,fz,bias2,5.844897168572061e-05,25600
refit,fz,var,0.0002027074369834736,25600
refit_orth,y,mspe,1.003787875175476,25600
refit_orth,y,bias2,1.003291130065918,25600
refit_orth,y,var,0.0004967533750459552,25600
refit_orth,fx,mspe,0.02014203555881977,25600
refit_orth,fx,bias2,0.019746139645576477,25600
refit_orth,fx,var,0.00039589591324329376,25600
refit_orth,fr,mspe,0.0005874678608961403,25600
refit_orth,fr,bias2,0.00019157197675667703,25600
refit_orth,fr,var,0.00039589591324329376,25600
refit_orth,fz,mspe,0.019818764179944992,25600
refit_orth,fz,bias2,0.019746821373701096,25600
refit_orth,fz,var,7.194155477918684e-05,25600
nam,y,mspe,1.0040363073349,25600
nam,y,bias2,1.0018806457519531,25600
nam,y,var,0.0021557363215833902,25600
nam,fx,mspe,0.0017125230515375733,25600
nam,fx,bias2,0.00010942913650069386,25600
nam,fx,var,0.0016030940460041165,25600
nam,fr,mspe,0.020488260313868523,25600
nam,fr,bias2,0.018885163590312004,25600
nam,fr,var,0.0016030940460041165,25600
nam,fz,mspe,0.0005291972192935646,25600
nam,fz,bias2,2.2695860479871044e-06,25600
nam,fz,var,0.0005269276443868876,25600
nam_mlp,y,mspe,1.0039516687393188,25600
nam_mlp,y,bias2,1.002107858657837,25600
nam_mlp,y,var,0.00184382195584476,25600
nam_mlp,fx,mspe,0.0013599094236269593,25600
nam_mlp,fx,bias2,0.0001422598143108189,25600
nam_mlp,fx,var,0.0012176495511084795,25600
nam_mlp,fr,mspe,0.019576001912355423,25600
nam_mlp,fr,bias2,0.018358351662755013,25600
nam_mlp,fr,var,0.0012176495511084795,25600
nam_mlp,fz,mspe,0.0006581451161764562,25600
nam_mlp,fz,bias2,0.00013165397103875875,25600
nam_mlp,fz,var,0.0005264910869300365,25600
base,y,mspe,1.051002025604248,25600
base,y,bias2,1.0502837896347046,25600
base,y,var,0.0007182381814345717,25600
base,fx,mspe,0.04958386346697807,25600
base,fx,bias2,0.049081120640039444,25600
base,fx,var,0.0005027414299547672,25600
base,fr,mspe,0.11884934455156326,25600
base,fr,bias2,0.11834659427404404,25600
base,fr,var,0.0005027414299547672,25600
base,fz,mspe,0.07795459032058716,25600
base,fz,bias2,0.07795459032058716,25600
base,fz,var,0.0,25600
posthoc_web,y,mspe,1.2373738288879395,25600
posthoc_web,y,bias2,1.236698865890503,25600
posthoc_web,y,var,0.0006749513559043407,25600
posthoc_web,fx,mspe,0.03892190754413605,25600
posthoc_web,fx,bias2,0.03847204148769379,25600
posthoc_web,fx,var,0.0004498641937971115,25600
posthoc_web,fr,mspe,0.017777835950255394,25600
posthoc_web,fr,bias2,0.01732797361910343,25600
posthoc_web,fr,var,0.0004498641937971115,25600
posthoc_web,fz,mspe,0.07795459032058716,25600
posthoc_web,fz,bias2,0.07795459032058716,25600
posthoc_web,fz,var,0.0,25600
ssn,y,mspe,1.0040363073349,25600
ssn,y,bias2,1.0018805265426636,25600
ssn,y,var,0.0021557363215833902,25600
ssn,fx,mspe,0.020665651187300682,25600
ssn,fx,bias2,0.019431235268712044,25600
ssn,fx,var,0.0012344125425443053,25600
ssn,fr,mspe,0.0013376249698922038,25600
ssn,fr,bias2,0.00010321244917577133,25600
ssn,fr,var,0.0012344125425443053,25600
ssn,fz,mspe,0.019251635298132896,25600
ssn,fz,bias2,0.01903204433619976,25600
ssn,fz,var,0.0002195887645939365,25600
nam_mlp_conc_0.01,y,mspe,1.0024293661117554,25600
nam_mlp_conc_0.01,y,bias2,1.0006731748580933,25600
nam_mlp_conc_0.01,y,var,0.0017562315333634615,25600
nam_mlp_conc_0.01,fx,mspe,0.002199407434090972,25600
nam_mlp_conc_0.01,fx,bias2,0.0009871062356978655,25600
nam_mlp_conc_0.01,fx,var,0.0012123011983931065,25600
nam_mlp_conc_0.01,fr,mspe,0.014837161637842655,25600
nam_mlp_conc_0.01,fr,bias2,0.013624860905110836,25600
nam_mlp_conc_0.01,fr,var,0.0012123011983931065,25600
nam_mlp_conc_0.01,fz,mspe,0.0012117177248001099,25600
nam_mlp_conc_0.01,fz,bias2,0.000687566411215812,25600
nam_mlp_conc_0.01,fz,var,0.0005241511971689761,25600
nam_mlp_conc_0.1,y,mspe,1.0015778541564941,25600
nam_mlp_conc_0.1,y,bias2,0.9996745586395264,25600
nam_mlp_conc_0.1,y,var,0.001903457916341722,25600
nam_mlp_conc_0.1,fx,mspe,0.0208969134837389,25600
nam_mlp_conc_0.1,fx,bias2,0.01988106034696102,25600
nam_mlp_conc_0.1,fx,var,0.001015854300931096,25600
nam_mlp_conc_0.1,fr,mspe,0.008694330230355263,25600
nam_mlp_conc_0.1,fr,bias2,0.007678476627916098,25600
nam_mlp_conc_0.1,fr,var,0.001015854300931096,25600
nam_mlp_conc_0.1,fz,mspe,0.015058460645377636,25600
nam_mlp_conc_0.1,fz,bias2,0.014469215646386147,25600
nam_mlp_conc_0.1,fz,var,0.0005892450571991503,25600
nam_mlp_conc_1,y,mspe,1.0039514303207397,25600
nam_mlp_conc_1,y,bias2,1.0018258094787598,25600
nam_mlp_conc_1,y,var,0.0021257037296891212,25600
nam_mlp_conc_1,fx,mspe,0.02526065893471241,25600
nam_mlp_conc_1,fx,bias2,0.024117961525917053,25600
nam_mlp_conc_1,fx,var,0.0011426988057792187,25600
nam_mlp_conc_1,fr,mspe,0.010205702856183052,25600
nam_mlp_conc_1,fr,bias2,0.00906300451606512,25600
nam_mlp_conc_1,fr,var,0.0011426988057792187,25600
nam_mlp_conc_1,fz,mspe,0.018614470958709717,25600
nam_mlp_conc_1,fz,bias2,0.01797802746295929,25600
nam_mlp_conc_1,fz,var,0.0006364455912262201,25600
cfnet_0.5,y,mspe,1.0551574230194092,25600
cfnet_0.5,y,bias2,1.0506389141082764,25600
cfnet_0.5,y,var,0.004518487490713596,25600
cfnet_0.5,fx,mspe,0.04428604617714882,25600
cfnet_0.5,fx,bias2,0.04120054095983505,25600
cfnet_0.5,fx,var,0.003085502190515399,25600
cfnet_0.5,fr,mspe,0.10937590897083282,25600
cfnet_0.5,fr,bias2,0.10629040747880936,25600
cfnet_0.5,fr,var,0.003085502190515399,25600
cfnet_0.5,fz,mspe,0.07795459032058716,25600
cfnet_0.5,fz,bias2,0.07795459032058716,25600
cfnet_0.5,fz,var,0.0,25600
cfnet_1,y,mspe,1.0561453104019165,25600
cfnet_1,y,bias2,1.0507118701934814,25600
cfnet_1,y,var,0.0054334597662091255,25600
cfnet_1,fx,mspe,0.04443864896893501,25600
cfnet_1,fx,bias2,0.040557533502578735,25600
cfnet_1,fx,var,0.003881119191646576,25600
cfnet_1,fr,mspe,0.10923252999782562,25600
cfnet_1,fr,bias2,0.10535141080617905,25600
cfnet_1,fr,var,0.003881119191646576,25600
cfnet_1,fz,mspe,0.07795459032058716,25600
cfnet_1,fz,bias2,0.07795459032058716,25600
cfnet_1,fz,var,0.0,25600
cfnet_5,y,mspe,1.055942416191101,25600
cfnet_5,y,bias2,1.0497170686721802,25600
cfnet_5,y,var,0.006225322373211384,25600
cfnet_5,fx,mspe,0.047141801565885544,25600
cfnet_5,fx,bias2,0.04292480647563934,25600
cfnet_5,fx,var,0.004217000678181648,25600
cfnet_5,fr,mspe,0.11324186623096466,25600
cfnet_5,fr,bias2,0.10902486741542816,25600
cfnet_5,fr,var,0.004217000678181648,25600
cfnet_5,fz,mspe,0.07795459032058716,25600
cfnet_5,fz,bias2,0.07795459032058716,25600
cfnet_5,fz,var,0.0,25600
refit,y,mspe,1.0095947980880737,3200
refit,y,bias2,1.0064802169799805,3200
refit,y,var,0.0031146318651735783,3200
refit,fx,mspe,0.004833775572478771,3200
refit,fx,bias2,0.0019184089032933116,3200
refit,fx,var,0.0029153667856007814,3200
refit,fr,mspe,0.031322404742240906,3200
refit,fr,bias2,0.028407035395503044,3200
refit,fr,var,0.0029153667856007814,3200
refit,fz,mspe,0.0015597306191921234,3200
refit,fz,bias2,0.000294435623800382,3200
refit,fz,var,0.0012652951991185546,3200
refit_orth,y,mspe,1.0095916986465454,3200
refit_orth,y,bias2,1.0064767599105835,3200
refit_orth,y,var,0.003115106839686632,3200
refit_orth,fx,mspe,0.02267703041434288,3200
refit_orth,fx,bias2,0.020517442375421524,3200
refit_orth,fx,var,0.0021595866419374943,3200
refit_orth,fr,mspe,0.0034506137017160654,3200
refit_orth,fr,bias2,0.0012910265941172838,3200
refit_orth,fr,var,0.0021595866419374943,3200
refit_orth,fz,mspe,0.022117147222161293,3200
refit_orth,fz,bias2,0.02148595079779625,3200
refit_orth,fz,var,0.0006311930483207107,3200
nam,y,mspe,1.0294867753982544,3200
nam,y,bias2,1.0198496580123901,3200
nam,y,var,0.009637082926928997,3200
nam,fx,mspe,0.02310892753303051,3200
nam,fx,bias2,0.011058474890887737,3200
nam,fx,var,0.012050450779497623,3200
nam,fr,mspe,0.0658196285367012,3200
nam,fr,bias2,0.053769174963235855,3200
nam,fr,var,0.012050450779497623,3200
nam,fz,mspe,0.029274094849824905,3200
nam,fz,bias2,0.019040174782276154,3200
nam,fz,var,0.010233920067548752,3200
nam_mlp,y,mspe,1.010873556137085,3200
nam_mlp,y,bias2,1.0054724216461182,3200
nam_mlp,y,var,0.005401198752224445,3200
nam_mlp,fx,mspe,0.004920151084661484,3200
nam_mlp,fx,bias2,0.0009036323172040284,3200
nam_mlp,fx,var,0.004016518592834473,3200
nam_mlp,fr,mspe,0.02870115265250206,3200
nam_mlp,fr,bias2,0.024684634059667587,3200
nam_mlp,fr,var,0.004016518592834473,3200
nam_mlp,fz,mspe,0.003137664869427681,3200
nam_mlp,fz,bias2,0.00048607258941046894,3200
nam_mlp,fz,var,0.0026515924837440252,3200
base,y,mspe,1.0571675300598145,3200
base,y,bias2,1.0536850690841675,3200
base,y,var,0.003482506377622485,3200
base,fx,mspe,0.05462031438946724,3200
base,fx,bias2,0.05186784639954567,3200
base,fx,var,0.002752463798969984,3200
base,fr,mspe,0.12493596225976944,3200
base,fr,bias2,0.12218349426984787,3200
base,fr,var,0.002752463798969984,3200
base,fz,mspe,0.07795459032058716,3200
base,fz,bias2,0.07795459032058716,3200
base,fz,var,0.0,3200
posthoc_web,y,mspe,1.24189031124115,3200
posthoc_web,y,bias2,1.2387465238571167,3200
posthoc_web,y,var,0.003143694018945098,3200
posthoc_web,fx,mspe,0.04149388149380684,3200
posthoc_web,fx,bias2,0.03917788341641426,3200
posthoc_web,fx,var,0.002316004130989313,3200
posthoc_web,fr,mspe,0.021051831543445587,3200
posthoc_web,fr,bias2,0.01873582787811756,3200
posthoc_web,fr,var,0.002316004130989313,3200
posthoc_web,fz,mspe,0.07795459032058716,3200
posthoc_web,fz,bias2,0.07795459032058716,3200
posthoc_web,fz,var,0.0,3200
ssn,y,mspe,1.029486894607544,3200
ssn,y,bias2,1.0198496580123901,3200
ssn,y,var,0.009637082926928997,3200
ssn,fx,mspe,0.030530620366334915,3200
ssn,fx,bias2,0.023951077833771706,3200
ssn,fx,var,0.006579542066901922,3200
ssn,fr,mspe,0.010721967555582523,3200
ssn,fr,bias2,0.004142425023019314,3200
ssn,fr,var,0.006579542066901922,3200
ssn,fz,mspe,0.009110113605856895,3200
ssn,fz,bias2,0.007384943310171366,3200
ssn,fz,var,0.001725170062854886,3200
nam_mlp_conc_0.01,y,mspe,1.0097697973251343,3200
nam_mlp_conc_0.01,y,bias2,1.0023962259292603,3200
nam_mlp_conc_0.01,y,var,0.0073734475299716,3200
nam_mlp_conc_0.01,fx,mspe,0.006551404483616352,3200
nam_mlp_conc_0.01,fx,bias2,0.0008894362836144865,3200
nam_mlp_conc_0.01,fx,var,0.005661969073116779,3200
nam_mlp_conc_0.01,fr,mspe,0.019660523161292076,3200
nam_mlp_conc_0.01,fr,bias2,0.013998554088175297,3200
nam_mlp_conc_0.01,fr,var,0.005661969073116779,3200
nam_mlp_conc_0.01,fz,mspe,0.003925663884729147,3200
nam_mlp_conc_0.01,fz,bias2,0.000736576272174716,3200
nam_mlp_conc_0.01,fz,var,0.003189087612554431,3200
nam_mlp_conc_0.1,y,mspe,1.0106619596481323,3200
nam_mlp_conc_0.1,y,bias2,1.0019608736038208,3200
nam_mlp_conc_0.1,y,var,0.008701187558472157,3200
nam_mlp_conc_0.1,fx,mspe,0.016073931008577347,3200
nam_mlp_conc_0.1,fx,bias2,0.009392368607223034,3200
nam_mlp_conc_0.1,fx,var,0.006681560073047876,3200
nam_mlp_conc_0.1,fr,mspe,0.014011156745254993,3200
nam_mlp_conc_0.1,fr,bias2,0.00732959620654583,3200
nam_mlp_conc_0.1,fr,var,0.006681560073047876,3200
nam_mlp_conc_0.1,fz,mspe,0.0092490054666996,3200
nam_mlp_conc_0.1,fz,bias2,0.004720998462289572,3200
nam_mlp_conc_0.1,fz,var,0.004528007470071316,3200
nam_mlp_conc_1,y,mspe,1.0098483562469482,3200
nam_mlp_conc_1,y,bias2,1.0025135278701782,3200
nam_mlp_conc_1,y,var,0.007334764115512371,3200
nam_mlp_conc_1,fx,mspe,0.026618845760822296,3200
nam_mlp_conc_1,fx,bias2,0.022644994780421257,3200
nam_mlp_conc_1,fx,var,0.003973852843046188,3200
nam_mlp_conc_1,fr,mspe,0.013290954753756523,3200
nam_mlp_conc_1,fr,bias2,0.00931710097938776,3200
nam_mlp_conc_1,fr,var,0.003973852843046188,3200
nam_mlp_conc_1,fz,mspe,0.020339883863925934,3200
nam_mlp_conc_1,fz,bias2,0.0178359467536211,3200
nam_mlp_conc_1,fz,var,0.0025039375759661198,3200
cfnet_0.5,y,mspe,1.0582886934280396,3200
cfnet_0.5,y,bias2,1.0516140460968018,3200
cfnet_0.5,y,var,0.0066747660748660564,3200
cfnet_0.5,fx,mspe,0.0446004681289196,3200
cfnet_0.5,fx,bias2,0.03986675664782524,3200
cfnet_0.5,fx,var,0.004733709152787924,3200
cfnet_0.5,fr,mspe,0.108832448720932,3200
cfnet_0.5,fr,bias2,0.10409873723983765,3200
cfnet_0.5,fr,var,0.004733709152787924,3200
cfnet_0.5,fz,mspe,0.07795459032058716,3200
cfnet_0.5,fz,bias2,0.07795459032058716,3200
cfnet_0.5,fz,var,0.0,3200
cfnet_1,y,mspe,1.058549165725708,3200
cfnet_1,y,bias2,1.0521432161331177,3200
cfnet_1,y,var,0.006405781488865614,3200
cfnet_1,fx,mspe,0.04894745722413063,3200
cfnet_1,fx,bias2,0.04401427134871483,3200
cfnet_1,fx,var,0.004933183081448078,3200
cfnet_1,fr,mspe,0.11545051634311676,3200
cfnet_1,fr,bias2,0.11051733046770096,3200
cfnet_1,fr,var,0.004933183081448078,3200
cfnet_1,fz,mspe,0.07795459032058716,3200
cfnet_1,fz,bias2,0.07795459032058716,3200
cfnet_1,fz,var,0.0,3200
cfnet_5,y,mspe,1.0602936744689941,3200
cfnet_5,y,bias2,1.0527762174606323,3200
cfnet_5,y,var,0.007517498917877674,3200
cfnet_5,fx,mspe,0.04839415103197098,3200
cfnet_5,fx,bias2,0.04271161928772926,3200
cfnet_5,fx,var,0.00568253081291914,3200
cfnet_5,fr,mspe,0.11408060789108276,3200
cfnet_5,fr,bias2,0.10839807242155075,3200
cfnet_5,fr,var,0.00568253081291914,3200
cfnet_5,fz,mspe,0.07795459032058716,3200
cfnet_5,fz,bias2,0.07795459032058716,3200
cfnet_5,fz,var,0.0,3200
refit,y,mspe,1.0327163934707642,400
refit,y,bias2,1.0084534883499146,400
refit,y,var,0.024262776598334312,400
refit,fx,mspe,0.026109186932444572,400
refit,fx,bias2,0.006115555763244629,400
refit,fx,var,0.019993631169199944,400
refit,fr,mspe,0.04531233012676239,400
refit,fr,bias2,0.025318693369627,400
refit,fr,var,0.019993631169199944,400
refit,fz,mspe,0.00863433163613081,400
refit,fz,bias2,5.780863648396917e-05,400
refit,fz,var,0.008576522581279278,400
refit_orth,y,mspe,1.0326871871948242,400
refit_orth,y,bias2,1.0084511041641235,400
refit_orth,y,var,0.024236077442765236,400
refit_orth,fx,mspe,0.0403175987303257,400
refit_orth,fx,bias2,0.025302281603217125,400
refit_orth,fx,var,0.015015313401818275,400
refit_orth,fr,mspe,0.02113148756325245,400
refit_orth,fr,bias2,0.006116174627095461,400
refit_orth,fr,var,0.015015313401818275,400
refit_orth,fz,mspe,0.022313447669148445,400
refit_orth,fz,bias2,0.016879476606845856,400
refit_orth,fz,var,0.005433968268334866,400
nam,y,mspe,1.091508150100708,400
nam,y,bias2,1.0462435483932495,400
nam,y,var,0.04526473209261894,400
nam,fx,mspe,0.06675584614276886,400
nam,fx,bias2,0.02320075035095215,400
nam,fx,var,0.04355509579181671,400
nam,fr,mspe,0.11751724034547806,400
nam,fr,bias2,0.07396213710308075,400
nam,fr,var,0.04355509579181671,400
nam,fz,mspe,0.07654020190238953,400
nam,fz,bias2,0.05768294259905815,400
nam,fz,var,0.018857257440686226,400
nam_mlp,y,mspe,1.0573701858520508,400
nam_mlp,y,bias2,1.0312579870224,400
nam_mlp,y,var,0.026112180203199387,400
nam_mlp,fx,mspe,0.04159601777791977,400
nam_mlp,fx,bias2,0.01873142458498478,400
nam_mlp,fx,var,0.02286459505558014,400
nam_mlp,fr,mspe,0.08706498891115189,400
nam_mlp,fr,bias2,0.06420040130615234,400
nam_mlp,fr,var,0.02286459505558014,400
nam_mlp,fz,mspe,0.03341392055153847,400
nam_mlp,fz,bias2,0.02474471740424633,400
nam_mlp,fz,var,0.008669198490679264,400
base,y,mspe,1.0915194749832153,400
base,y,bias2,1.0616556406021118,400
base,y,var,0.029863862320780754,400
base,fx,mspe,0.06622140854597092,400
base,fx,bias2,0.03885018080472946,400
base,fx,var,0.027371229603886604,400
base,fr,mspe,0.12581013143062592,400
base,fr,bias2,0.09843888878822327,400
base,fr,var,0.027371229603886604,400
base,fz,mspe,0.07795459032058716,400
base,fz,bias2,0.07795459032058716,400
base,fz,var,0.0,400
posthoc_web,y,mspe,1.2607516050338745,400
posthoc_web,y,bias2,1.237109899520874,400
posthoc_web,y,var,0.0236416794359684,400
posthoc_web,fx,mspe,0.057737063616514206,400
posthoc_web,fx,bias2,0.03905157744884491,400
posthoc_web,fx,var,0.018685484305024147,400
posthoc_web,fr,mspe,0.036928314715623856,400
posthoc_web,fr,bias2,0.01824282854795456,400
posthoc_web,fr,var,0.018685484305024147,400
posthoc_web,fz,mspe,0.07795459032058716,400
posthoc_web,fz,bias2,0.07795459032058716,400
posthoc_web,fz,var,0.0,400
ssn,y,mspe,1.091508150100708,400
ssn,y,bias2,1.0462435483932495,400
ssn,y,var,0.04526473209261894,400
ssn,fx,mspe,0.06283833086490631,400
ssn,fx,bias2,0.031995028257369995,400
ssn,fx,var,0.030843300744891167,400
ssn,fr,mspe,0.04154057055711746,400
ssn,fr,bias2,0.010697271674871445,400
ssn,fr,var,0.030843300744891167,400
ssn,fz,mspe,0.00866961944848299,400
ssn,fz,bias2,0.00032096877112053335,400
ssn,fz,var,0.008348651230335236,400
nam_mlp_conc_0.01,y,mspe,1.0411553382873535,400
nam_mlp_conc_0.01,y,bias2,1.0024670362472534,400
nam_mlp_conc_0.01,y,var,0.03868837282061577,400
nam_mlp_conc_0.01,fx,mspe,0.03696541488170624,400
nam_mlp_conc_0.01,fx,bias2,0.0006741133402101696,400
nam_mlp_conc_0.01,fx,var,0.036291301250457764,400
nam_mlp_conc_0.01,fr,mspe,0.05395689606666565,400
nam_mlp_conc_0.01,fr,bias2,0.017665594816207886,400
nam_mlp_conc_0.01,fr,var,0.036291301250457764,400
nam_mlp_conc_0.01,fz,mspe,0.015969524160027504,400
nam_mlp_conc_0.01,fz,bias2,0.00011782061483245343,400
nam_mlp_conc_0.01,fz,var,0.01585170440375805,400
nam_mlp_conc_0.1,y,mspe,1.0387516021728516,400
nam_mlp_conc_0.1,y,bias2,1.0015015602111816,400
nam_mlp_conc_0.1,y,var,0.03724997863173485,400
nam_mlp_conc_0.1,fx,mspe,0.034580424427986145,400
nam_mlp_conc_0.1,fx,bias2,0.0022049122489988804,400
nam_mlp_conc_0.1,fx,var,0.032375518232584,400
nam_mlp_conc_0.1,fr,mspe,0.044557712972164154,400
nam_mlp_conc_0.1,fr,bias2,0.012182197533547878,400
nam_mlp_conc_0.1,fr,var,0.032375518232584,400
nam_mlp_conc_0.1,fz,mspe,0.016347695142030716,400
nam_mlp_conc_0.1,fz,bias2,0.00033637165324762464,400
nam_mlp_conc_0.1,fz,var,0.016011321917176247,400
nam_mlp_conc_1,y,mspe,1.044755458831787,400
nam_mlp_conc_1,y,bias2,1.0067771673202515,400
nam_mlp_conc_1,y,var,0.03797824680805206,400
nam_mlp_conc_1,fx,mspe,0.037254463881254196,400
nam_mlp_conc_1,fx,bias2,0.0036236587911844254,400
nam_mlp_conc_1,fx,var,0.03363080695271492,400
nam_mlp_conc_1,fr,mspe,0.04489446058869362,400
nam_mlp_conc_1,fr,bias2,0.011263655498623848,400
nam_mlp_conc_1,fr,var,0.03363080695271492,400
nam_mlp_conc_1,fz,mspe,0.016147859394550323,400
nam_mlp_conc_1,fz,bias2,0.00011156795517308637,400
nam_mlp_conc_1,fz,var,0.016036290675401688,400
cfnet_0.5,y,mspe,1.0790634155273438,400
cfnet_0.5,y,bias2,1.0554336309432983,400
cfnet_0.5,y,var,0.023629765957593918,400
cfnet_0.5,fx,mspe,0.06108933314681053,400
cfnet_0.5,fx,bias2,0.043362054973840714,400
cfnet_0.5,fx,var,0.017727281898260117,400
cfnet_0.5,fr,mspe,0.1260421723127365,400
cfnet_0.5,fr,bias2,0.1083148941397667,400
cfnet_0.5,fr,var,0.017727281898260117,400
cfnet_0.5,fz,mspe,0.07795459032058716,400
cfnet_0.5,fz,bias2,0.07795459032058716,400
cfnet_0.5,fz,var,0.0,400
cfnet_1,y,mspe,1.0824668407440186,400
cfnet_1,y,bias2,1.0572688579559326,400
cfnet_1,y,var,0.025198010727763176,400
cfnet_1,fx,mspe,0.0619538314640522,400
cfnet_1,fx,bias2,0.04356640949845314,400
cfnet_1,fx,var,0.01838742196559906,400
cfnet_1,fr,mspe,0.12670153379440308,400
cfnet_1,fr,bias2,0.10831409692764282,400
cfnet_1,fr,var,0.01838742196559906,400
cfnet_1,fz,mspe,0.07795459032058716,400
cfnet_1,fz,bias2,0.07795459032058716,400
cfnet_1,fz,var,0.0,400
cfnet_5,y,mspe,1.078765630722046,400
cfnet_5,y,bias2,1.0568560361862183,400
cfnet_5,y,var,0.02190953493118286,400
cfnet_5,fx,mspe,0.05823460593819618,400
cfnet_5,fx,bias2,0.04286661744117737,400
cfnet_5,fx,var,0.015367989428341389,400
cfnet_5,fr,mspe,0.12242336571216583,400
cfnet_5,fr,bias2,0.10705538094043732,400
cfnet_5,fr,var,0.015367989428341389,400
cfnet_5,fz,mspe,0.07795459032058716,400
cfnet_5,fz,bias2,0.07795459032058716,400
cfnet_5,fz,var,0.0,400
refit,y,mspe,1.0030783414840698,51200
refit,y,bias2,1.002732276916504,51200
refit,y,var,0.0003460762382019311,51200
refit,fx,mspe,0.00047311652451753616,51200
refit,fx,bias2,0.00015778691158629954,51200
refit,fx,var,0.0003153296129312366,51200
refit,fr,mspe,0.02122756466269493,51200
refit,fr,bias2,0.020912237465381622,51200
refit,fr,var,0.0003153296129312366,51200
refit,fz,mspe,0.0001065340475179255,51200
refit,fz,bias2,2.1340059902286157e-05,51200
refit,fz,var,8.519399852957577e-05,51200
refit_orth,y,mspe,1.002958059310913,51200
refit_orth,y,bias2,1.0025936365127563,51200
refit_orth,y,var,0.0003642847004812211,51200
refit_orth,fx,mspe,0.019871508702635765,51200
refit_orth,fx,bias2,0.019589124247431755,51200
refit_orth,fx,var,0.00028238401864655316,51200
refit_orth,fr,mspe,0.0004135789640713483,51200
refit_orth,fr,bias2,0.00013119498908054084,51200
refit_orth,fr,var,0.00028238401864655316,51200
refit_orth,fz,mspe,0.01947684958577156,51200
refit_orth,fz,bias2,0.019422374665737152,51200
refit_orth,fz,var,5.4475123761221766e-05,51200
nam,y,mspe,1.005670189857483,51200
nam,y,bias2,1.0048054456710815,51200
nam,y,var,0.0008647662471048534,51200
nam,fx,mspe,0.0016066160751506686,51200
nam,fx,bias2,0.0007435375591740012,51200
nam,fx,var,0.0008630783995613456,51200
nam,fr,mspe,0.026989588513970375,51200
nam,fr,bias2,0.02612651139497757,51200
nam,fr,var,0.0008630783995613456,51200
nam,fz,mspe,0.0017750072292983532,51200
nam,fz,bias2,0.0012632990255951881,51200
nam,fz,var,0.0005117082037031651,51200
nam_mlp,y,mspe,1.0036513805389404,51200
nam_mlp,y,bias2,1.0029890537261963,51200
nam_mlp,y,var,0.0006623762892559171,51200
nam_mlp,fx,mspe,0.0006724164122715592,51200
nam_mlp,fx,bias2,0.00017868183203972876,51200
nam_mlp,fx,var,0.0004937344929203391,51200
nam_mlp,fr,mspe,0.021215207874774933,51200
nam_mlp,fr,bias2,0.020721472799777985,51200
nam_mlp,fr,var,0.0004937344929203391,51200
nam_mlp,fz,mspe,0.0004120662051718682,51200
nam_mlp,fz,bias2,7.223687862278894e-05,51200
nam_mlp,fz,var,0.0003398293338250369,51200
base,y,mspe,1.0508863925933838,51200
base,y,bias2,1.0502383708953857,51200
base,y,var,0.0006480275187641382,51200
base,fx,mspe,0.05026818439364433,51200
base,fx,bias2,0.04980901628732681,51200
base,fx,var,0.00045916676754131913,51200
base,fr,mspe,0.1199343279004097,51200
base,fr,bias2,0.11947517096996307,51200
base,fr,var,0.00045916676754131913,51200
base,fz,mspe,0.07795459032058716,51200
base,fz,bias2,0.07795459032058716,51200
base,fz,var,0.0,51200
posthoc_web,y,mspe,1.2370688915252686,51200
posthoc_web,y,bias2,1.2364776134490967,51200
posthoc_web,y,var,0.0005912462365813553,51200
posthoc_web,fx,mspe,0.03890686854720116,51200
posthoc_web,fx,bias2,0.03851853311061859,51200
posthoc_web,fx,var,0.000388337328331545,51200
posthoc_web,fr,mspe,0.01792820729315281,51200
posthoc_web,fr,bias2,0.017539869993925095,51200
posthoc_web,fr,var,0.000388337328331545,51200
posthoc_web,fz,mspe,0.07795459032058716,51200
posthoc_web,fz,bias2,0.07795459032058716,51200
posthoc_web,fz,var,0.0,51200
ssn,y,mspe,1.005670189857483,51200
ssn,y,bias2,1.0048054456710815,51200
ssn,y,var,0.0008647663053125143,51200
ssn,fx,mspe,0.020353801548480988,51200
ssn,fx,bias2,0.01975826919078827,51200
ssn,fx,var,0.000595531368162483,51200
ssn,fr,mspe,0.0008933946373872459,51200
ssn,fr,bias2,0.0002978632692247629,51200
ssn,fr,var,0.000595531368162483,51200
ssn,fz,mspe,0.015764638781547546,51200
ssn,fz,bias2,0.015642236918210983,51200
ssn,fz,var,0.00012240174692124128,51200
nam_mlp_conc_0.01,y,mspe,1.001665711402893,51200
nam_mlp_conc_0.01,y,bias2,1.0009675025939941,51200
nam_mlp_conc_0.01,y,var,0.0006982085178606212,51200
nam_mlp_conc_0.01,fx,mspe,0.00114915962330997,51200
nam_mlp_conc_0.01,fx,bias2,0.0006222524680197239,51200
nam_mlp_conc_0.01,fx,var,0.0005269070388749242,51200
nam_mlp_conc_0.01,fr,mspe,0.015258760191500187,51200
nam_mlp_conc_0.01,fr,bias2,0.014731853269040585,51200
nam_mlp_conc_0.01,fr,var,0.0005269070388749242,51200
nam_mlp_conc_0.01,fz,mspe,0.0006662731757387519,51200
nam_mlp_conc_0.01,fz,bias2,0.00041676900582388043,51200
nam_mlp_conc_0.01,fz,var,0.000249504140811041,51200
nam_mlp_conc_0.1,y,mspe,1.0002669095993042,51200
nam_mlp_conc_0.1,y,bias2,0.9993000626564026,51200
nam_mlp_conc_0.1,y,var,0.0009668708080425858,51200
nam_mlp_conc_0.1,fx,mspe,0.02065403200685978,51200
nam_mlp_conc_0.1,fx,bias2,0.020191799849271774,51200
nam_mlp_conc_0.1,fx,var,0.0004622323322109878,51200
nam_mlp_conc_0.1,fr,mspe,0.008215171284973621,51200
nam_mlp_conc_0.1,fr,bias2,0.007752938661724329,51200
nam_mlp_conc_0.1,fr,var,0.0004622323322109878,51200
nam_mlp_conc_0.1,fz,mspe,0.014751491136848927,51200
nam_mlp_conc_0.1,fz,bias2,0.0143293347209692,51200
nam_mlp_conc_0.1,fz,var,0.0004221577546559274,51200
nam_mlp_conc_1,y,mspe,1.0013774633407593,51200
nam_mlp_conc_1,y,bias2,1.0005148649215698,51200
nam_mlp_conc_1,y,var,0.000862593820784241,51200
nam_mlp_conc_1,fx,mspe,0.024427006021142006,51200
nam_mlp_conc_1,fx,bias2,0.02405606210231781,51200
nam_mlp_conc_1,fx,var,0.0003709436859935522,51200
nam_mlp_conc_1,fr,mspe,0.009221543557941914,51200
nam_mlp_conc_1,fr,bias2,0.008850600570440292,51200
nam_mlp_conc_1,fr,var,0.0003709436859935522,51200
nam_mlp_conc_1,fz,mspe,0.018330201506614685,51200
nam_mlp_conc_1,fz,bias2,0.01809949427843094,51200
nam_mlp_conc_1,fz,var,0.0002307078248122707,51200
cfnet_0.5,y,mspe,1.0535136461257935,51200
cfnet_0.5,y,bias2,1.0504517555236816,51200
cfnet_0.5,y,var,0.003061871509999037,51200
cfnet_0.5,fx,mspe,0.04833793267607689,51200
cfnet_0.5,fx,bias2,0.04639722779393196,51200
cfnet_0.5,fx,var,0.0019407031359151006,51200
cfnet_0.5,fr,mspe,0.11630630493164062,51200
cfnet_0.5,fr,bias2,0.1143656000494957,51200
cfnet_0.5,fr,var,0.0019407031359151006,51200
cfnet_0.5,fz,mspe,0.07795459032058716,51200
cfnet_0.5,fz,bias2,0.07795459032058716,51200
cfnet_0.5,fz,var,0.0,51200
cfnet_1,y,mspe,1.0530369281768799,51200
cfnet_1,y,bias2,1.049877405166626,51200
cfnet_1,y,var,0.003159628016874194,51200
cfnet_1,fx,mspe,0.049345970153808594,51200
cfnet_1,fx,bias2,0.047409895807504654,51200
cfnet_1,fx,var,0.00193607690744102,51200
cfnet_1,fr,mspe,0.11783500760793686,51200
cfnet_1,fr,bias2,0.11589891463518143,51200
cfnet_1,fr,var,0.00193607690744102,51200
cfnet_1,fz,mspe,0.07795459032058716,51200
cfnet_1,fz,bias2,0.07795459032058716,51200
cfnet_1,fz,var,0.0,51200
cfnet_5,y,mspe,1.0529743432998657,51200
cfnet_5,y,bias2,1.0502915382385254,51200
cfnet_5,y,var,0.002682832768186927,51200
cfnet_5,fx,mspe,0.04874440282583237,51200
cfnet_5,fx,bias2,0.04697967693209648,51200
cfnet_5,fx,var,0.001764726941473782,51200
cfnet_5,fr,mspe,0.11700432002544403,51200
cfnet_5,fr,bias2,0.11523958295583725,51200
cfnet_5,fr,var,0.001764726941473782,51200
cfnet_5,fz,mspe,0.07795459032058716,51200
cfnet_5,fz,bias2,0.07795459032058716,51200
cfnet_5,fz,var,0.0,51200
refit,y,mspe,1.0071325302124023,6400
refit,y,bias2,1.0048301219940186,6400
refit,y,var,0.0023023313842713833,6400
refit,fx,mspe,0.0032611009664833546,6400
refit,fx,bias2,0.0007509567076340318,6400
refit,fx,var,0.002510144142434001,6400
refit,fr,mspe,0.027198882773518562,6400
refit,fr,bias2,0.024688735604286194,6400
refit,fr,var,0.002510144142434001,6400
refit,fz,mspe,0.001190498354844749,6400
refit,fz,bias2,0.00038551195757463574,6400
refit,fz,var,0.0008049863390624523,6400
refit_orth,y,mspe,1.0071452856063843,6400
refit_orth,y,bias2,1.004858136177063,6400
refit_orth,y,var,0.0022871920373290777,6400
refit_orth,fx,mspe,0.02171248011291027,6400
refit_orth,fx,bias2,0.019942885264754295,6400
refit_orth,fx,var,0.0017695942660793662,6400
refit_orth,fr,mspe,0.0022665797732770443,6400
refit_orth,fr,bias2,0.0004969856236129999,6400
refit_orth,fr,var,0.0017695942660793662,6400
refit_orth,fz,mspe,0.01870897226035595,6400
refit_orth,fz,bias2,0.018425246700644493,6400
refit_orth,fz,var,0.0002837260253727436,6400
nam,y,mspe,1.01118803024292,6400
nam,y,bias2,1.0065842866897583,6400
nam,y,var,0.004603822249919176,6400
nam,fx,mspe,0.006727750413119793,6400
nam,fx,bias2,0.001763726002536714,6400
nam,fx,var,0.004964024294167757,6400
nam,fr,mspe,0.034853436052799225,6400
nam,fr,bias2,0.029889410361647606,6400
nam,fr,var,0.004964024294167757,6400
nam,fz,mspe,0.005521437618881464,6400
nam,fz,bias2,0.00276876799762249,6400
nam,fz,var,0.0027526693884283304,6400
nam_mlp,y,mspe,1.0063145160675049,6400
nam_mlp,y,bias2,1.0031977891921997,6400
nam_mlp,y,var,0.003116701263934374,6400
nam_mlp,fx,mspe,0.0031734437216073275,6400
nam_mlp,fx,bias2,0.0003895956324413419,6400
nam_mlp,fx,var,0.002783848438411951,6400
nam_mlp,fr,mspe,0.021859807893633842,6400
nam_mlp,fr,bias2,0.01907595992088318,6400
nam_mlp,fr,var,0.002783848438411951,6400
nam_mlp,fz,mspe,0.001796701573766768,6400
nam_mlp,fz,bias2,8.402318053413182e-05,6400
nam_mlp,fz,var,0.0017126784659922123,6400
base,y,mspe,1.0539183616638184,6400
base,y,bias2,1.0520339012145996,6400
base,y,var,0.0018846240127459168,6400
base,fx,mspe,0.05176299065351486,6400
base,fx,bias2,0.050288762897253036,6400
base,fx,var,0.0014742246130481362,6400
base,fr,mspe,0.12141484022140503,6400
base,fr,bias2,0.1199406236410141,6400
base,fr,var,0.0014742246130481362,6400
base,fz,mspe,0.07795459032058716,6400
base,fz,bias2,0.07795459032058716,6400
base,fz,var,0.0,6400
posthoc_web,y,mspe,1.2408256530761719,6400
posthoc_web,y,bias2,1.2389676570892334,6400
posthoc_web,y,var,0.0018579766619950533,6400
posthoc_web,fx,mspe,0.04054288566112518,6400
posthoc_web,fx,bias2,0.039236463606357574,6400
posthoc_web,fx,var,0.0013064147206023335,6400
posthoc_web,fr,mspe,0.01934921182692051,6400
posthoc_web,fr,bias2,0.018042797222733498,6400
posthoc_web,fr,var,0.0013064147206023335,6400
posthoc_web,fz,mspe,0.07795459032058716,6400
posthoc_web,fz,bias2,0.07795459032058716,6400
posthoc_web,fz,var,0.0,6400
ssn,y,mspe,1.0111881494522095,6400
ssn,y,bias2,1.0065842866897583,6400
ssn,y,var,0.004603822715580463,6400
ssn,fx,mspe,0.023852743208408356,6400
ssn,fx,bias2,0.020359033718705177,6400
ssn,fx,var,0.0034937080927193165,6400
ssn,fr,mspe,0.004300541710108519,6400
ssn,fr,bias2,0.0008068332681432366,6400
ssn,fr,var,0.0034937080927193165,6400
ssn,fz,mspe,0.014382933266460896,6400
ssn,fz,bias2,0.013959350995719433,6400
ssn,fz,var,0.00042358264909125865,6400
nam_mlp_conc_0.01,y,mspe,1.004906415939331,6400
nam_mlp_conc_0.01,y,bias2,1.000624418258667,6400
nam_mlp_conc_0.01,y,var,0.004282061010599136,6400
nam_mlp_conc_0.01,fx,mspe,0.00441879965364933,6400
nam_mlp_conc_0.01,fx,bias2,0.0010031944839283824,6400
nam_mlp_conc_0.01,fx,var,0.003415605053305626,6400
nam_mlp_conc_0.01,fr,mspe,0.01712578721344471,6400
nam_mlp_conc_0.01,fr,bias2,0.013710182160139084,6400
nam_mlp_conc_0.01,fr,var,0.003415605053305626,6400
nam_mlp_conc_0.01,fz,mspe,0.002730113221332431,6400
nam_mlp_conc_0.01,fz,bias2,0.0007270476780831814,6400
nam_mlp_conc_0.01,fz,var,0.0020030655432492495,6400
nam_mlp_conc_0.1,y,mspe,1.0069830417633057,6400
nam_mlp_conc_0.1,y,bias2,1.0009660720825195,6400
nam_mlp_conc_0.1,y,var,0.006017057690769434,6400
nam_mlp_conc_0.1,fx,mspe,0.016472186893224716,6400
nam_mlp_conc_0.1,fx,bias2,0.011781018227338791,6400
nam_mlp_conc_0.1,fx,var,0.0046911705285310745,6400
nam_mlp_conc_0.1,fr,mspe,0.01166989654302597,6400
nam_mlp_conc_0.1,fr,bias2,0.006978726480156183,6400
nam_mlp_conc_0.1,fr,var,0.0046911705285310745,6400
nam_mlp_conc_0.1,fz,mspe,0.00962150190025568,6400
nam_mlp_conc_0.1,fz,bias2,0.005572599824517965,6400
nam_mlp_conc_0.1,fz,var,0.004048903007060289,6400
nam_mlp_conc_1,y,mspe,1.007928490638733,6400
nam_mlp_conc_1,y,bias2,1.0027461051940918,6400
nam_mlp_conc_1,y,var,0.005182370077818632,6400
nam_mlp_conc_1,fx,mspe,0.02544150874018669,6400
nam_mlp_conc_1,fx,bias2,0.023155856877565384,6400
nam_mlp_conc_1,fx,var,0.002285652095451951,6400
nam_mlp_conc_1,fr,mspe,0.011690175160765648,6400
nam_mlp_conc_1,fr,bias2,0.009404524229466915,6400
nam_mlp_conc_1,fr,var,0.002285652095451951,6400
nam_mlp_conc_1,fz,mspe,0.019841277971863747,6400
nam_mlp_conc_1,fz,bias2,0.018164150416851044,6400
nam_mlp_conc_1,fz,var,0.001677126856520772,6400
cfnet_0.5,y,mspe,1.0574862957000732,6400
cfnet_0.5,y,bias2,1.051358699798584,6400
cfnet_0.5,y,var,0.006127583794295788,6400
cfnet_0.5,fx,mspe,0.043724723160266876,6400
cfnet_0.5,fx,bias2,0.03914885222911835,6400
cfnet_0.5,fx,var,0.004575870465487242,6400
cfnet_0.5,fr,mspe,0.10752681642770767,6400
cfnet_0.5,fr,bias2,0.10295095294713974,6400
cfnet_0.5,fr,var,0.004575870465487242,6400
cfnet_0.5,fz,mspe,0.07795459032058716,6400
cfnet_0.5,fz,bias2,0.07795459032058716,6400
cfnet_0.5,fz,var,0.0,6400
cfnet_1,y,mspe,1.0600574016571045,6400
cfnet_1,y,bias2,1.0526139736175537,6400
cfnet_1,y,var,0.007443506736308336,6400
cfnet_1,fx,mspe,0.04668530076742172,6400
cfnet_1,fx,bias2,0.0414530485868454,6400
cfnet_1,fx,var,0.00523225124925375,6400
cfnet_1,fr,mspe,0.11163195967674255,6400
cfnet_1,fr,bias2,0.10639970749616623,6400
cfnet_1,fr,var,0.00523225124925375,6400
cfnet_1,fz,mspe,0.07795459032058716,6400
cfnet_1,fz,bias2,0.07795459032058716,6400
cfnet_1,fz,var,0.0,6400
cfnet_5,y,mspe,1.0576328039169312,6400
cfnet_5,y,bias2,1.0517691373825073,6400
cfnet_5,y,var,0.00586374057456851,6400
cfnet_5,fx,mspe,0.04016660153865814,6400
cfnet_5,fx,bias2,0.03599487245082855,6400
cfnet_5,fx,var,0.004171730484813452,6400
cfnet_5,fr,mspe,0.10209276527166367,6400
cfnet_5,fr,bias2,0.09792102873325348,6400
cfnet_5,fr,var,0.004171730484813452,6400
cfnet_5,fz,mspe,0.07795459032058716,6400
cfnet_5,fz,bias2,0.07795459032058716,6400
cfnet_5,fz,var,0.0,6400
refit,y,mspe,1.0170429944992065,800
refit,y,bias2,1.0066742897033691,800
refit,y,var,0.010368680581450462,800
refit,fx,mspe,0.012033865787088871,800
refit,fx,bias2,0.0030390149913728237,800
refit,fx,var,0.00899485033005476,800
refit,fr,mspe,0.03620767965912819,800
refit,fr,bias2,0.027212824672460556,800
refit,fr,var,0.00899485033005476,800
refit,fz,mspe,0.005016663111746311,800
refit,fz,bias2,7.710001955274493e-05,800
refit,fz,var,0.004939562641084194,800
refit_orth,y,mspe,1.0170409679412842,800
refit_orth,y,bias2,1.0066770315170288,800
refit_orth,y,var,0.010363982059061527,800
refit_orth,fx,mspe,0.029353603720664978,800
refit_orth,fx,bias2,0.022698523476719856,800
refit_orth,fx,var,0.006655080243945122,800
refit_orth,fr,mspe,0.009411209262907505,800
refit_orth,fr,bias2,0.0027561294846236706,800
refit_orth,fr,var,0.006655080243945122,800
refit_orth,fz,mspe,0.024139942601323128,800
refit_orth,fz,bias2,0.022279296070337296,800
refit_orth,fz,var,0.001860649324953556,800
nam,y,mspe,1.0731561183929443,800
nam,y,bias2,1.0459555387496948,800
nam,y,var,0.027200637385249138,800
nam,fx,mspe,0.0584215484559536,800
nam,fx,bias2,0.03211065009236336,800
nam,fx,var,0.02631089650094509,800
nam,fr,mspe,0.11712602525949478,800
nam,fr,bias2,0.09081512689590454,800
nam,fr,var,0.02631089650094509,800
nam,fz,mspe,0.08718116581439972,800
nam,fz,bias2,0.06589964777231216,800
nam,fz,var,0.02128152921795845,800
nam_mlp,y,mspe,1.031063199043274,800
nam_mlp,y,bias2,1.0170124769210815,800
nam_mlp,y,var,0.014050674624741077,800
nam_mlp,fx,mspe,0.022704467177391052,800
nam_mlp,fx,bias2,0.009108169004321098,800
nam_mlp,fx,var,0.013596299104392529,800
nam_mlp,fr,mspe,0.061941422522068024,800
nam_mlp,fr,bias2,0.04834512248635292,800
nam_mlp,fr,var,0.013596299104392529,800
nam_mlp,fz,mspe,0.01681143045425415,800
nam_mlp,fz,bias2,0.010359099134802818,800
nam_mlp,fz,var,0.006452330853790045,800
base,y,mspe,1.0688639879226685,800
base,y,bias2,1.0586470365524292,800
base,y,var,0.010217058472335339,800
base,fx,mspe,0.06340683251619339,800
base,fx,bias2,0.05397195369005203,800
base,fx,var,0.00943488348275423,800
base,fr,mspe,0.1334015429019928,800
base,fr,bias2,0.12396665662527084,800
base,fr,var,0.00943488348275423,800
base,fz,mspe,0.07795459032058716,800
base,fz,bias2,0.07795459032058716,800
base,fz,var,0.0,800
posthoc_web,y,mspe,1.2538397312164307,800
posthoc_web,y,bias2,1.245548129081726,800
posthoc_web,y,var,0.008291637524962425,800
posthoc_web,fx,mspe,0.04969768598675728,800
posthoc_web,fx,bias2,0.04235381260514259,800
posthoc_web,fx,var,0.007343881297856569,800
posthoc_web,fr,mspe,0.02861538715660572,800
posthoc_web,fr,bias2,0.021271508187055588,800
posthoc_web,fr,var,0.007343881297856569,800
posthoc_web,fz,mspe,0.07795459032058716,800
posthoc_web,fz,bias2,0.07795459032058716,800
posthoc_web,fz,var,0.0,800
ssn,y,mspe,1.0731561183929443,800
ssn,y,bias2,1.0459555387496948,800
ssn,y,var,0.027200637385249138,800
ssn,fx,mspe,0.051657840609550476,800
ssn,fx,bias2,0.03377794101834297,800
ssn,fx,var,0.017879895865917206,800
ssn,fr,mspe,0.03030218556523323,800
ssn,fr,bias2,0.012422292493283749,800
ssn,fr,var,0.017879895865917206,800
ssn,fz,mspe,0.0072248708456754684,800
ssn,fz,bias2,0.0009026524494402111,800
ssn,fz,var,0.006322219502180815,800
nam_mlp_conc_0.01,y,mspe,1.0183299779891968,800
nam_mlp_conc_0.01,y,bias2,0.9997712969779968,800
nam_mlp_conc_0.01,y,var,0.018558615818619728,800
nam_mlp_conc_0.01,fx,mspe,0.016741899773478508,800
nam_mlp_conc_0.01,fx,bias2,0.0006493084365502,800
nam_mlp_conc_0.01,fx,var,0.016092590987682343,800
nam_mlp_conc_0.01,fr,mspe,0.03206443414092064,800
nam_mlp_conc_0.01,fr,bias2,0.01597183756530285,800
nam_mlp_conc_0.01,fr,var,0.016092590987682343,800
nam_mlp_conc_0.01,fz,mspe,0.007548778783529997,800
nam_mlp_conc_0.01,fz,bias2,9.786447481019422e-05,800
nam_mlp_conc_0.01,fz,var,0.007450914476066828,800
nam_mlp_conc_0.1,y,mspe,1.018707036972046,800
nam_mlp_conc_0.1,y,bias2,1.000645637512207,800
nam_mlp_conc_0.1,y,var,0.018061451613903046,800
nam_mlp_conc_0.1,fx,mspe,0.018645726144313812,800
nam_mlp_conc_0.1,fx,bias2,0.0023603751324117184,800
nam_mlp_conc_0.1,fx,var,0.016285348683595657,800
nam_mlp_conc_0.1,fr,mspe,0.028663944453001022,800
nam_mlp_conc_0.1,fr,bias2,0.012378595769405365,800
nam_mlp_conc_0.1,fr,var,0.016285348683595657,800
nam_mlp_conc_0.1,fz,mspe,0.008523551747202873,800
nam_mlp_conc_0.1,fz,bias2,0.0002144994941772893,800
nam_mlp_conc_0.1,fz,var,0.00830905232578516,800
nam_mlp_conc_1,y,mspe,1.025278091430664,800
nam_mlp_conc_1,y,bias2,1.005307674407959,800
nam_mlp_conc_1,y,var,0.01997043564915657,800
nam_mlp_conc_1,fx,mspe,0.02187219075858593,800
nam_mlp_conc_1,fx,bias2,0.0076960232108831406,800
nam_mlp_conc_1,fx,var,0.014176168479025364,800
nam_mlp_conc_1,fr,mspe,0.022800054401159286,800
nam_mlp_conc_1,fr,bias2,0.008623885922133923,800
nam_mlp_conc_1,fr,var,0.014176168479025364,800
nam_mlp_conc_1,fz,mspe,0.010161357931792736,800
nam_mlp_conc_1,fz,bias2,0.0008685070788487792,800
nam_mlp_conc_1,fz,var,0.009292850270867348,800
cfnet_0.5,y,mspe,1.064778447151184,800
cfnet_0.5,y,bias2,1.0547364950180054,800
cfnet_0.5,y,var,0.010041991248726845,800
cfnet_0.5,fx,mspe,0.051386453211307526,800
cfnet_0.5,fx,bias2,0.04318550229072571,800
cfnet_0.5,fx,var,0.008200950920581818,800
cfnet_0.5,fr,mspe,0.11669059842824936,800
cfnet_0.5,fr,bias2,0.10848965495824814,800
cfnet_0.5,fr,var,0.008200950920581818,800
cfnet_0.5,fz,mspe,0.07795459032058716,800
cfnet_0.5,fz,bias2,0.07795459032058716,800
cfnet_0.5,fz,var,0.0,800
cfnet_1,y,mspe,1.0654298067092896,800
cfnet_1,y,bias2,1.0539422035217285,800
cfnet_1,y,var,0.011487486772239208,800
cfnet_1,fx,mspe,0.054838601499795914,800
cfnet_1,fx,bias2,0.045326441526412964,800
cfnet_1,fx,var,0.009512156248092651,800
cfnet_1,fr,mspe,0.1215297281742096,800
cfnet_1,fr,bias2,0.11201757192611694,800
cfnet_1,fr,var,0.009512156248092651,800
cfnet_1,fz,mspe,0.07795459032058716,800
cfnet_1,fz,bias2,0.07795459032058716,800
cfnet_1,fz,var,0.0,800
cfnet_5,y,mspe,1.067064642906189,800
cfnet_5,y,bias2,1.0549856424331665,800
cfnet_5,y,var,0.012078969739377499,800
cfnet_5,fx,mspe,0.053411275148391724,800
cfnet_5,fx,bias2,0.04369828850030899,800
cfnet_5,fx,var,0.009712990373373032,800
cfnet_5,fr,mspe,0.11910366266965866,800
cfnet_5,fr,bias2,0.10939067602157593,800
cfnet_5,fr,var,0.009712990373373032,800
cfnet_5,fz,mspe,0.07795459032058716,800
cfnet_5,fz,bias2,0.07795459032058716,800
cfnet_5,fz,var,0.0,800
