model,effect,metric,value,n,p
refit,y,mspe,1.0044728517532349,12800,1
refit,y,bias2,1.0033341646194458,12800,1
refit,y,var,0.00113866466563195,12800,1
refit,fx,mspe,0.0015511283418163657,12800,1
refit,fx,bias2,0.00043039926094934344,12800,1
refit,fx,var,0.0011207290226593614,12800,1
refit,fr,mspe,0.023407934233546257,12800,1
refit,fr,bias2,0.02228720113635063,12800,1
refit,fr,var,0.0011207290226593614,12800,1
refit,fz,mspe,0.00039238602039404213,12800,1
refit,fz,bias2,7.360126619460061e-05,12800,1
refit,fz,var,0.00031878467416390777,12800,1
refit_orth,y,mspe,1.0044876337051392,12800,1
refit_orth,y,bias2,1.003350853919983,12800,1
refit_orth,y,var,0.0011366824619472027,12800,1
refit_orth,fx,mspe,0.0206974558532238,12800,1
refit_orth,fx,bias2,0.019779667258262634,12800,1
refit_orth,fx,var,0.000917790224775672,12800,1
refit_orth,fr,mspe,0.0012762940023094416,12800,1
refit_orth,fr,bias2,0.00035850389394909143,12800,1
refit_orth,fr,var,0.000917790224775672,12800,1
refit_orth,fz,mspe,0.019530922174453735,12800,1
refit_orth,fz,bias2,0.019394561648368835,12800,1
refit_orth,fz,var,0.00013636010407935828,12800,1
refit,y,mspe,0.9876137375831604,12800,16
refit,y,bias2,0.9834780097007751,12800,16
refit,y,var,0.004135754890739918,12800,16
refit,fx,mspe,0.006859967485070229,12800,16
refit,fx,bias2,0.00485586142167449,12800,16
refit,fx,var,0.0020041062962263823,12800,16
refit,fr,mspe,0.02754606306552887,12800,16
refit,fr,bias2,0.02554195560514927,12800,16
refit,fr,var,0.0020041062962263823,12800,16
refit,fz,mspe,0.004551442805677652,12800,16
refit,fz,bias2,0.0016396805876865983,12800,16
refit,fz,var,0.0029117625672370195,12800,16
refit_orth,y,mspe,0.9876139760017395,12800,16
refit_orth,y,bias2,0.9834781885147095,12800,16
refit_orth,y,var,0.00413580471649766,12800,16
refit_orth,fx,mspe,0.025636589154601097,12800,16
refit_orth,fx,bias2,0.023978423327207565,12800,16
refit_orth,fx,var,0.0016581672243773937,12800,16
refit_orth,fr,mspe,0.004793364088982344,12800,16
refit_orth,fr,bias2,0.0031351966317743063,12800,16
refit_orth,fr,var,0.0016581672243773937,12800,16
refit_orth,fz,mspe,0.024351194500923157,12800,16
refit_orth,fz,bias2,0.021480416879057884,12800,16
refit_orth,fz,var,0.002870778786018491,12800,16
refit,y,mspe,0.9588289856910706,12800,2
refit,y,bias2,0.9571822285652161,12800,2
refit,y,var,0.0016468251124024391,12800,2
refit,fx,mspe,0.002551139099523425,12800,2
refit,fx,bias2,0.0010087877744808793,12800,2
refit,fx,var,0.001542351208627224,12800,2
refit,fr,mspe,0.025903377681970596,12800,2
refit,fr,bias2,0.024361025542020798,12800,2
refit,fr,var,0.001542351208627224,12800,2
refit,fz,mspe,0.0009272923925891519,12800,2
refit,fz,bias2,0.0003249931032769382,12800,2
refit,fz,var,0.0006022991728968918,12800,2
refit_orth,y,mspe,0.9588308930397034,12800,2
refit_orth,y,bias2,0.9571759104728699,12800,2
refit_orth,y,var,0.0016549323918297887,12800,2
refit_orth,fx,mspe,0.023692822083830833,12800,2
refit_orth,fx,bias2,0.02248368225991726,12800,2
refit_orth,fx,var,0.0012091364478692412,12800,2
refit_orth,fr,mspe,0.001939917798154056,12800,2
refit_orth,fr,bias2,0.000730781233869493,12800,2
refit_orth,fr,var,0.0012091364478692412,12800,2
refit_orth,fz,mspe,0.021736087277531624,12800,2
refit_orth,fz,bias2,0.021378807723522186,12800,2
refit_orth,fz,var,0.00035728089278563857,12800,2
refit,y,mspe,1.0733017921447754,12800,4
refit,y,bias2,1.0712627172470093,12800,4
refit,y,var,0.0020390800200402737,12800,4
refit,fx,mspe,0.004217972978949547,12800,4
refit,fx,bias2,0.002413869136944413,12800,4
refit,fx,var,0.0018041039584204555,12800,4
refit,fr,mspe,0.026564758270978928,12800,4
refit,fr,bias2,0.02476065419614315,12800,4
refit,fr,var,0.0018041039584204555,12800,4
refit,fz,mspe,0.0015381455887109041,12800,4
refit,fz,bias2,0.0004045410896651447,12800,4
refit,fz,var,0.0011336043244227767,12800,4
refit_orth,y,mspe,1.07330322265625,12800,4
refit_orth,y,bias2,1.0712634325027466,12800,4
refit_orth,y,var,0.0020398146007210016,12800,4
refit_orth,fx,mspe,0.024101028218865395,12800,4
refit_orth,fx,bias2,0.022773198783397675,12800,4
refit_orth,fx,var,0.001327828736975789,12800,4
refit_orth,fr,mspe,0.0033341313246637583,12800,4
refit_orth,fr,bias2,0.002006302587687969,12800,4
refit_orth,fr,var,0.001327828736975789,12800,4
refit_orth,fz,mspe,0.022273940965533257,12800,4
refit_orth,fz,bias2,0.021565422415733337,12800,4
refit_orth,fz,var,0.0007085165125317872,12800,4
refit,y,mspe,1.0312634706497192,12800,8
refit,y,bias2,1.0283024311065674,12800,8
refit,y,var,0.0029608875047415495,12800,8
refit,fx,mspe,0.005380381364375353,12800,8
refit,fx,bias2,0.003247332526370883,12800,8
refit,fx,var,0.00213304883800447,12800,8
refit,fr,mspe,0.028625400736927986,12800,8
refit,fr,bias2,0.026492351666092873,12800,8
refit,fr,var,0.00213304883800447,12800,8
refit,fz,mspe,0.002920568687841296,12800,8
refit,fz,bias2,0.0010173883056268096,12800,8
refit,fz,var,0.0019031803822144866,12800,8
refit_orth,y,mspe,1.031265377998352,12800,8
refit_orth,y,bias2,1.028303861618042,12800,8
refit_orth,y,var,0.0029615333769470453,12800,8
refit_orth,fx,mspe,0.024074416607618332,12800,8
refit_orth,fx,bias2,0.022426214069128036,12800,8
refit_orth,fx,var,0.001648201490752399,12800,8
refit_orth,fr,mspe,0.0038469741120934486,12800,8
refit_orth,fr,bias2,0.002198772504925728,12800,8
refit_orth,fr,var,0.001648201490752399,12800,8
refit_orth,fz,mspe,0.021908583119511604,12800,8
refit_orth,fz,bias2,0.020419765263795853,12800,8
refit_orth,fz,var,0.0014888170408084989,12800,8
refit,y,mspe,1.0136584043502808,1600,1
refit,y,bias2,1.006955623626709,1600,1
refit,y,var,0.006702783051878214,1600,1
refit,fx,mspe,0.008156472817063332,1600,1
refit,fx,bias2,0.002281941007822752,1600,1
refit,fx,var,0.005874531343579292,1600,1
refit,fr,mspe,0.03360192850232124,1600,1
refit,fr,bias2,0.027727393433451653,1600,1
refit,fr,var,0.005874531343579292,1600,1
refit,fz,mspe,0.002639064798131585,1600,1
refit,fz,bias2,0.0005175985861569643,1600,1
refit,fz,var,0.0021214657463133335,1600,1
refit_orth,y,mspe,1.0136607885360718,1600,1
refit_orth,y,bias2,1.006955862045288,1600,1
refit_orth,y,var,0.0067049055360257626,1600,1
refit_orth,fx,mspe,0.026630930602550507,1600,1
refit_orth,fx,bias2,0.021921377629041672,1600,1
refit_orth,fx,var,0.004709552973508835,1600,1
refit_orth,fr,mspe,0.006540649104863405,1600,1
refit_orth,fr,bias2,0.001831096364185214,1600,1
refit_orth,fr,var,0.004709552973508835,1600,1
refit_orth,fz,mspe,0.021014586091041565,1600,1
refit_orth,fz,bias2,0.019701194018125534,1600,1
refit_orth,fz,var,0.00131339265499264,1600,1
refit,y,mspe,1.0164719820022583,1600,16
refit,y,bias2,0.9892168641090393,1600,16
refit,y,var,0.027255209162831306,1600,16
refit,fx,mspe,0.01674688793718815,1600,16
refit,fx,bias2,0.0079296650364995,1600,16
refit,fx,var,0.008817221969366074,1600,16
refit,fr,mspe,0.037693530321121216,1600,16
refit,fr,bias2,0.028876306489109993,1600,16
refit,fr,var,0.008817221969366074,1600,16
refit,fz,mspe,0.02558383159339428,1600,16
refit,fz,bias2,0.0023857068736106157,1600,16
refit,fz,var,0.023198122158646584,1600,16
refit_orth,y,mspe,1.0164728164672852,1600,16
refit_orth,y,bias2,0.9892175197601318,1600,16
refit_orth,y,var,0.02725524827837944,1600,16
refit_orth,fx,mspe,0.03441188856959343,1600,16
refit_orth,fx,bias2,0.026969509199261665,1600,16
refit_orth,fx,var,0.00744237843900919,1600,16
refit_orth,fr,mspe,0.013417481444776058,1600,16
refit_orth,fr,bias2,0.005975103471428156,1600,16
refit_orth,fr,var,0.00744237843900919,1600,16
refit_orth,fz,mspe,0.04148794710636139,1600,16
refit_orth,fz,bias2,0.01956353522837162,1600,16
refit_orth,fz,var,0.02192441187798977,1600,16
refit,y,mspe,0.9682374596595764,1600,2
refit,y,bias2,0.9596636891365051,1600,2
refit,y,var,0.008573741652071476,1600,2
refit,fx,mspe,0.010027699172496796,1600,2
refit,fx,bias2,0.0028963491786271334,1600,2
refit,fx,var,0.007131350226700306,1600,2
refit,fr,mspe,0.03620365262031555,1600,2
refit,fr,bias2,0.02907230332493782,1600,2
refit,fr,var,0.007131350226700306,1600,2
refit,fz,mspe,0.004704877734184265,1600,2
refit,fz,bias2,0.0003728744341060519,1600,2
refit,fz,var,0.004332003183662891,1600,2
refit_orth,y,mspe,0.9682347774505615,1600,2
refit_orth,y,bias2,0.9596650004386902,1600,2
refit_orth,y,var,0.008569804020226002,1600,2
refit_orth,fx,mspe,0.029071813449263573,1600,2
refit_orth,fx,bias2,0.023812199011445045,1600,2
refit_orth,fx,var,0.005259613506495953,1600,2
refit_orth,fr,mspe,0.007792672608047724,1600,2
refit_orth,fr,bias2,0.002533059800043702,1600,2
refit_orth,fr,var,0.005259613506495953,1600,2
refit_orth,fz,mspe,0.024385947734117508,1600,2
refit_orth,fz,bias2,0.021557290107011795,1600,2
refit_orth,fz,var,0.002828657627105713,1600,2
refit,y,mspe,1.0812971591949463,1600,4
refit,y,bias2,1.0705851316452026,1600,4
refit,y,var,0.010712056420743465,1600,4
refit,fx,mspe,0.011044617742300034,1600,4
refit,fx,bias2,0.004591689445078373,1600,4
refit,fx,var,0.006452928762882948,1600,4
refit,fr,mspe,0.03243550658226013,1600,4
refit,fr,bias2,0.025982581079006195,1600,4
refit,fr,var,0.006452928762882948,1600,4
refit,fz,mspe,0.007422832306474447,1600,4
refit,fz,bias2,0.0003556698502507061,1600,4
refit,fz,var,0.007067161612212658,1600,4
refit_orth,y,mspe,1.0812896490097046,1600,4
refit_orth,y,bias2,1.0705819129943848,1600,4
refit_orth,y,var,0.010707768611609936,1600,4
refit_orth,fx,mspe,0.030031301081180573,1600,4
refit_orth,fx,bias2,0.024915412068367004,1600,4
refit_orth,fx,var,0.005115890875458717,1600,4
refit_orth,fr,mspe,0.00944430846720934,1600,4
refit_orth,fr,bias2,0.004328417591750622,1600,4
refit_orth,fr,var,0.005115890875458717,1600,4
refit_orth,fz,mspe,0.026078658178448677,1600,4
refit_orth,fz,bias2,0.02038528397679329,1600,4
refit_orth,fz,var,0.005693372339010239,1600,4
refit,y,mspe,1.0499457120895386,1600,8
refit,y,bias2,1.033609390258789,1600,8
refit,y,var,0.016336185857653618,1600,8
refit,fx,mspe,0.014422270469367504,1600,8
refit,fx,bias2,0.007312702015042305,1600,8
refit,fx,var,0.007109567988663912,1600,8
refit,fr,mspe,0.034028876572847366,1600,8
refit,fr,bias2,0.02691931091248989,1600,8
refit,fr,var,0.007109567988663912,1600,8
refit,fz,mspe,0.01303146593272686,1600,8
refit,fz,bias2,0.0006779090035706758,1600,8
refit,fz,var,0.012353556230664253,1600,8
refit_orth,y,mspe,1.0499427318572998,1600,8
refit_orth,y,bias2,1.033605933189392,1600,8
refit_orth,y,var,0.01633700355887413,1600,8
refit_orth,fx,mspe,0.032028160989284515,1600,8
refit_orth,fx,bias2,0.026575202122330666,1600,8
refit_orth,fx,var,0.005452960263937712,1600,8
refit_orth,fr,mspe,0.011305255815386772,1600,8
refit_orth,fr,bias2,0.005852295085787773,1600,8
refit_orth,fr,var,0.005452960263937712,1600,8
refit_orth,fz,mspe,0.03075365722179413,1600,8
refit_orth,fz,bias2,0.01952962949872017,1600,8
refit_orth,fz,var,0.011224026791751385,1600,8
refit,y,mspe,1.0040664672851562,25600,1
refit,y,bias2,1.003352165222168,25600,1
refit,y,var,0.000714253808837384,25600,1
refit,fx,mspe,0.0009091140236705542,25600,1
refit,fx,bias2,0.00023710366804152727,25600,1
refit,fx,var,0.0006720103556290269,25600,1
refit,fr,mspe,0.022888803854584694,25600,1
refit,fr,bias2,0.02221679501235485,25600,1
refit,fr,var,0.0006720103556290269,25600,1
refit,fz,mspe,0.00029709760565310717,25600,1
refit,fz,bias2,8.543687727069482e-05,25600,1
refit,fz,var,0.0002116607502102852,25600,1
refit_orth,y,mspe,1.0040583610534668,25600,1
refit_orth,y,bias2,1.0033481121063232,25600,1
refit_orth,y,var,0.0007102733943611383,25600,1
refit_orth,fx,mspe,0.020336123183369637,25600,1
refit_orth,fx,bias2,0.01976175792515278,25600,1
refit_orth,fx,var,0.0005743631045334041,25600,1
refit_orth,fr,mspe,0.000732450804207474,25600,1
refit_orth,fr,bias2,0.00015808772877790034,25600,1
refit_orth,fr,var,0.0005743631045334041,25600,1
refit_orth,fz,mspe,0.01960594579577446,25600,1
refit_orth,fz,bias2,0.019515950232744217,25600,1
refit_orth,fz,var,8.99949882295914e-05,25600,1
refit,y,mspe,0.9854311943054199,25600,16
refit,y,bias2,0.9830445647239685,25600,16
refit,y,var,0.0023865883704274893,25600,16
refit,fx,mspe,0.005079276394098997,25600,16
refit,fx,bias2,0.0035028201527893543,25600,16
refit,fx,var,0.0015764570562168956,25600,16
refit,fr,mspe,0.02648146077990532,25600,16
refit,fr,bias2,0.024905001744627953,25600,16
refit,fr,var,0.0015764570562168956,25600,16
refit,fz,mspe,0.002938724821433425,25600,16
refit,fz,bias2,0.0012516453862190247,25600,16
refit,fz,var,0.0016870795516297221,25600,16
refit_orth,y,mspe,0.9854297637939453,25600,16
refit_orth,y,bias2,0.9830438494682312,25600,16
refit_orth,y,var,0.0023859995417296886,25600,16
refit_orth,fx,mspe,0.024581100791692734,25600,16
refit_orth,fx,bias2,0.023409834131598473,25600,16
refit_orth,fx,var,0.0011712685227394104,25600,16
refit_orth,fr,mspe,0.003317887894809246,25600,16
refit_orth,fr,bias2,0.0021466189064085484,25600,16
refit_orth,fr,var,0.0011712685227394104,25600,16
refit_orth,fz,mspe,0.023290252313017845,25600,16
refit_orth,fz,bias2,0.021877579391002655,25600,16
refit_orth,fz,var,0.0014126728055998683,25600,16
refit,y,mspe,0.9576830267906189,25600,2
refit,y,bias2,0.9567548632621765,25600,2
refit,y,var,0.0009281993843615055,25600,2
refit,fx,mspe,0.0016410327516496181,25600,2
refit,fx,bias2,0.0007393175619654357,25600,2
refit,fx,var,0.0009017150150611997,25600,2
refit,fr,mspe,0.025067772716283798,25600,2
refit,fr,bias2,0.024166058748960495,25600,2
refit,fr,var,0.0009017150150611997,25600,2
refit,fz,mspe,0.0006488885264843702,25600,2
refit,fz,bias2,0.00032601223210804164,25600,2
refit,fz,var,0.00032287626527249813,25600,2
refit_orth,y,mspe,0.9576789140701294,25600,2
refit_orth,y,bias2,0.9567509293556213,25600,2
refit_orth,y,var,0.0009279428631998599,25600,2
refit_orth,fx,mspe,0.02266385406255722,25600,2
refit_orth,fx,bias2,0.021951571106910706,25600,2
refit_orth,fx,var,0.0007122858078218997,25600,2
refit_orth,fr,mspe,0.001198011334054172,25600,2
refit_orth,fr,bias2,0.00048572540981695056,25600,2
refit_orth,fr,var,0.0007122858078218997,25600,2
refit_orth,fz,mspe,0.021025938913226128,25600,2
refit_orth,fz,bias2,0.02085745334625244,25600,2
refit_orth,fz,var,0.0001684823218965903,25600,2
refit,y,mspe,1.0728460550308228,25600,4
refit,y,bias2,1.071448564529419,25600,4
refit,y,var,0.001397506333887577,25600,4
refit,fx,mspe,0.0029259806033223867,25600,4
refit,fx,bias2,0.0015502108726650476,25600,4
refit,fx,var,0.0013757694978266954,25600,4
refit,fr,mspe,0.024078840389847755,25600,4
refit,fr,bias2,0.02270307019352913,25600,4
refit,fr,var,0.0013757694978266954,25600,4
refit,fz,mspe,0.0010883405338972807,25600,4
refit,fz,bias2,0.00041234574746340513,25600,4
refit,fz,var,0.0006759948446415365,25600,4
refit_orth,y,mspe,1.0728259086608887,25600,4
refit_orth,y,bias2,1.0714317560195923,25600,4
refit_orth,y,var,0.001394119462929666,25600,4
refit_orth,fx,mspe,0.022687353193759918,25600,4
refit_orth,fx,bias2,0.021656479686498642,25600,4
refit_orth,fx,var,0.0010308729251846671,25600,4
refit_orth,fr,mspe,0.002159140072762966,25600,4
refit_orth,fr,bias2,0.001128267147578299,25600,4
refit_orth,fr,var,0.0010308729251846671,25600,4
refit_orth,fz,mspe,0.020372895523905754,25600,4
refit_orth,fz,bias2,0.020021533593535423,25600,4
refit_orth,fz,var,0.00035136353108100593,25600,4
refit,y,mspe,1.0275591611862183,25600,8
refit,y,bias2,1.0257190465927124,25600,8
refit,y,var,0.0018401362467557192,25600,8
refit,fx,mspe,0.003371110651642084,25600,8
refit,fx,bias2,0.0017980932025238872,25600,8
refit,fx,var,0.0015730177983641624,25600,8
refit,fr,mspe,0.024484310299158096,25600,8
refit,fr,bias2,0.022911295294761658,25600,8
refit,fr,var,0.0015730177983641624,25600,8
refit,fz,mspe,0.0014353303704410791,25600,8
refit,fz,bias2,0.0005006486317142844,25600,8
refit,fz,var,0.0009346816223114729,25600,8
refit_orth,y,mspe,1.0275501012802124,25600,8
refit_orth,y,bias2,1.0257078409194946,25600,8
refit_orth,y,var,0.001842257333919406,25600,8
refit_orth,fx,mspe,0.022827889770269394,25600,8
refit_orth,fx,bias2,0.021635795012116432,25600,8
refit_orth,fx,var,0.0011920927790924907,25600,8
refit_orth,fr,mspe,0.002460924908518791,25600,8
refit_orth,fr,bias2,0.0012688318965956569,25600,8
refit_orth,fr,var,0.0011920927790924907,25600,8
refit_orth,fz,mspe,0.02153623104095459,25600,8
refit_orth,fz,bias2,0.02080664224922657,25600,8
refit_orth,fz,var,0.0007295875111594796,25600,8
refit,y,mspe,1.0100891590118408,3200,1
refit,y,bias2,1.0060502290725708,3200,1
refit,y,var,0.004038989078253508,3200,1
refit,fx,mspe,0.005205648951232433,3200,1
refit,fx,bias2,0.0015912740491330624,3200,1
refit,fx,var,0.003614374902099371,3200,1
refit,fr,mspe,0.030987389385700226,3200,1
refit,fr,bias2,0.027373014017939568,3200,1
refit,fr,var,0.003614374902099371,3200,1
refit,fz,mspe,0.0019276438979431987,3200,1
refit,fz,bias2,0.0004654437070712447,3200,1
refit,fz,var,0.0014621999580413103,3200,1
refit_orth,y,mspe,1.0100828409194946,3200,1
refit_orth,y,bias2,1.0060441493988037,3200,1
refit_orth,y,var,0.004038683604449034,3200,1
refit_orth,fx,mspe,0.023349028080701828,3200,1
refit_orth,fx,bias2,0.02051144279539585,3200,1
refit_orth,fx,var,0.0028375827241688967,3200,1
refit_orth,fr,mspe,0.003920516464859247,3200,1
refit_orth,fr,bias2,0.0010829338571056724,3200,1
refit_orth,fr,var,0.0028375827241688967,3200,1
refit_orth,fz,mspe,0.02040732465684414,3200,1
refit_orth,fz,bias2,0.019702648743987083,3200,1
refit_orth,fz,var,0.000704673700965941,3200,1
refit,y,mspe,1.0009429454803467,3200,16
refit,y,bias2,0.9867889881134033,3200,16
refit,y,var,0.014153914526104927,3200,16
refit,fx,mspe,0.011872675269842148,3200,16
refit,fx,bias2,0.006443941965699196,3200,16
refit,fx,var,0.005428733769804239,3200,16
refit,fr,mspe,0.03266088292002678,3200,16
refit,fr,bias2,0.02723214589059353,3200,16
refit,fr,var,0.005428733769804239,3200,16
refit,fz,mspe,0.014153281226754189,3200,16
refit,fz,bias2,0.0022349811624735594,3200,16
refit,fz,var,0.01191830076277256,3200,16
refit_orth,y,mspe,1.0009429454803467,3200,16
refit_orth,y,bias2,0.9867889285087585,3200,16
refit_orth,y,var,0.01415411476045847,3200,16
refit_orth,fx,mspe,0.029637526720762253,3200,16
refit_orth,fx,bias2,0.025197414681315422,3200,16
refit_orth,fx,var,0.004440113436430693,3200,16
refit_orth,fr,mspe,0.008953293785452843,3200,16
refit_orth,fr,bias2,0.004513179883360863,3200,16
refit_orth,fr,var,0.004440113436430693,3200,16
refit_orth,fz,mspe,0.03238562121987343,3200,16
refit_orth,fz,bias2,0.021029533818364143,3200,16
refit_orth,fz,var,0.011356084607541561,3200,16
refit,y,mspe,0.9634230136871338,3200,2
refit,y,bias2,0.958472728729248,3200,2
refit,y,var,0.004950216040015221,3200,2
refit,fx,mspe,0.00661541149020195,3200,2
refit,fx,bias2,0.0022094545420259237,3200,2
refit,fx,var,0.004405957646667957,3200,2
refit,fr,mspe,0.03385237231850624,3200,2
refit,fr,bias2,0.029446415603160858,3200,2
refit,fr,var,0.004405957646667957,3200,2
refit,fz,mspe,0.0032558131497353315,3200,2
refit,fz,bias2,0.0007772017270326614,3200,2
refit,fz,var,0.00247861142270267,3200,2
refit_orth,y,mspe,0.9634225368499756,3200,2
refit_orth,y,bias2,0.9584715366363525,3200,2
refit_orth,y,var,0.004950983915477991,3200,2
refit_orth,fx,mspe,0.026537403464317322,3200,2
refit_orth,fx,bias2,0.023383956402540207,3200,2
refit_orth,fx,var,0.003153445664793253,3200,2
refit_orth,fr,mspe,0.004787955898791552,3200,2
refit_orth,fr,bias2,0.0016345104668289423,3200,2
refit_orth,fr,var,0.003153445664793253,3200,2
refit_orth,fz,mspe,0.02281924895942211,3200,2
refit_orth,fz,bias2,0.021300220862030983,3200,2
refit_orth,fz,var,0.0015190254198387265,3200,2
refit,y,mspe,1.0765180587768555,3200,4
refit,y,bias2,1.0706132650375366,3200,4
refit,y,var,0.005904723424464464,3200,4
refit,fx,mspe,0.008301198482513428,3200,4
refit,fx,bias2,0.0038925684057176113,3200,4
refit,fx,var,0.004408630076795816,3200,4
refit,fr,mspe,0.0322694294154644,3200,4
refit,fr,bias2,0.02786080166697502,3200,4
refit,fr,var,0.004408630076795816,3200,4
refit,fz,mspe,0.0037317073438316584,3200,4
refit,fz,bias2,0.00042642236803658307,3200,4
refit,fz,var,0.0033052850048989058,3200,4
refit_orth,y,mspe,1.0765172243118286,3200,4
refit_orth,y,bias2,1.0706124305725098,3200,4
refit_orth,y,var,0.005904804449528456,3200,4
refit_orth,fx,mspe,0.02828245609998703,3200,4
refit_orth,fx,bias2,0.02493123523890972,3200,4
refit_orth,fx,var,0.003351218067109585,3200,4
refit_orth,fr,mspe,0.006831588689237833,3200,4
refit_orth,fr,bias2,0.003480370156466961,3200,4
refit_orth,fr,var,0.003351218067109585,3200,4
refit_orth,fz,mspe,0.02512809820473194,3200,4
refit_orth,fz,bias2,0.022524328902363777,3200,4
refit_orth,fz,var,0.0026037683710455894,3200,4
refit,y,mspe,1.0424795150756836,3200,8
refit,y,bias2,1.0334755182266235,3200,8
refit,y,var,0.009004022926092148,3200,8
refit,fx,mspe,0.010616508312523365,3200,8
refit,fx,bias2,0.005782141815871,3200,8
refit,fx,var,0.004834368359297514,3200,8
refit,fr,mspe,0.03267505392432213,3200,8
refit,fr,bias2,0.027840688824653625,3200,8
refit,fr,var,0.004834368359297514,3200,8
refit,fz,mspe,0.007740969769656658,3200,8
refit,fz,bias2,0.0017570918425917625,3200,8
refit,fz,var,0.005983878392726183,3200,8
refit_orth,y,mspe,1.0424799919128418,3200,8
refit_orth,y,bias2,1.0334761142730713,3200,8
refit_orth,y,var,0.009003879502415657,3200,8
refit_orth,fx,mspe,0.028928285464644432,3200,8
refit_orth,fx,bias2,0.025095073506236076,3200,8
refit_orth,fx,var,0.0038332107942551374,3200,8
refit_orth,fr,mspe,0.00814003124833107,3200,8
refit_orth,fr,bias2,0.004306820686906576,3200,8
refit_orth,fr,var,0.0038332107942551374,3200,8
refit_orth,fz,mspe,0.02556927129626274,3200,8
refit_orth,fz,bias2,0.020209506154060364,3200,8
refit_orth,fz,var,0.00535976467654109,3200,8
refit,y,mspe,1.0326863527297974,400,1
refit,y,bias2,1.0084877014160156,400,1
refit,y,var,0.024198632687330246,400,1
refit,fx,mspe,0.025363020598888397,400,1
refit,fx,bias2,0.006239071022719145,400,1
refit,fx,var,0.019123947247862816,400,1
refit,fr,mspe,0.04452468827366829,400,1
refit,fr,bias2,0.025400742888450623,400,1
refit,fr,var,0.019123947247862816,400,1
refit,fz,mspe,0.008354361169040203,400,1
refit,fz,bias2,9.118582966038957e-06,400,1
refit,fz,var,0.008345242589712143,400,1
refit_orth,y,mspe,1.0327610969543457,400,1
refit_orth,y,bias2,1.0085200071334839,400,1
refit_orth,y,var,0.024241089820861816,400,1
refit_orth,fx,mspe,0.040187768638134,400,1
refit_orth,fx,bias2,0.025272808969020844,400,1
refit_orth,fx,var,0.014914958737790585,400,1
refit_orth,fr,mspe,0.02115507610142231,400,1
refit_orth,fr,bias2,0.006240116897970438,400,1
refit_orth,fr,var,0.014914958737790585,400,1
refit_orth,fz,mspe,0.023806003853678703,400,1
refit_orth,fz,bias2,0.017925044521689415,400,1
refit_orth,fz,var,0.005880960263311863,400,1
refit,y,mspe,1.1146968603134155,400,16
refit,y,bias2,0.9931482076644897,400,16
refit,y,var,0.121548593044281,400,16
refit,fx,mspe,0.037080276757478714,400,16
refit,fx,bias2,0.01267990842461586,400,16
refit,fx,var,0.024400368332862854,400,16
refit,fr,mspe,0.043332282453775406,400,16
refit,fr,bias2,0.018931914120912552,400,16
refit,fr,var,0.024400368332862854,400,16
refit,fz,mspe,0.11086621880531311,400,16
refit,fz,bias2,0.005478767678141594,400,16
refit,fz,var,0.10538745671510696,400,16
refit_orth,y,mspe,1.114696979522705,400,16
refit_orth,y,bias2,0.9931482076644897,400,16
refit_orth,y,var,0.12154874950647354,400,16
refit_orth,fx,mspe,0.05448874458670616,400,16
refit_orth,fx,bias2,0.030346069484949112,400,16
refit_orth,fx,var,0.024142680689692497,400,16
refit_orth,fr,mspe,0.03356621786952019,400,16
refit_orth,fr,bias2,0.00942353717982769,400,16
refit_orth,fr,var,0.024142680689692497,400,16
refit_orth,fz,mspe,0.13143183290958405,400,16
refit_orth,fz,bias2,0.022758226841688156,400,16
refit_orth,fz,var,0.10867360979318619,400,16
refit,y,mspe,0.9901907444000244,400,2
refit,y,bias2,0.9615081548690796,400,2
refit,y,var,0.02868245355784893,400,2
refit,fx,mspe,0.025811295956373215,400,2
refit,fx,bias2,0.006160017102956772,400,2
refit,fx,var,0.019651278853416443,400,2
refit,fr,mspe,0.04462936520576477,400,2
refit,fr,bias2,0.02497808448970318,400,2
refit,fr,var,0.019651278853416443,400,2
refit,fz,mspe,0.01638205349445343,400,2
refit,fz,bias2,0.000554947997443378,400,2
refit,fz,var,0.015827104449272156,400,2
refit_orth,y,mspe,0.9901933073997498,400,2
refit_orth,y,bias2,0.9614980816841125,400,2
refit_orth,y,var,0.028695249930024147,400,2
refit_orth,fx,mspe,0.04250337556004524,400,2
refit_orth,fx,bias2,0.02818255126476288,400,2
refit_orth,fx,var,0.014320824295282364,400,2
refit_orth,fr,mspe,0.02037111110985279,400,2
refit_orth,fr,bias2,0.00605028448626399,400,2
refit_orth,fr,var,0.014320824295282364,400,2
refit_orth,fz,mspe,0.033429231494665146,400,2
refit_orth,fz,bias2,0.021603014320135117,400,2
refit_orth,fz,var,0.011826216243207455,400,2
refit,y,mspe,1.1077347993850708,400,4
refit,y,bias2,1.0697546005249023,400,4
refit,y,var,0.03798028826713562,400,4
refit,fx,mspe,0.02917361818253994,400,4
refit,fx,bias2,0.010624694637954235,400,4
refit,fx,var,0.01854892261326313,400,4
refit,fr,mspe,0.04319028556346893,400,4
refit,fr,bias2,0.024641359224915504,400,4
refit,fr,var,0.01854892261326313,400,4
refit,fz,mspe,0.027021635323762894,400,4
refit,fz,bias2,0.0008437414653599262,400,4
refit,fz,var,0.026177892461419106,400,4
refit_orth,y,mspe,1.107734203338623,400,4
refit_orth,y,bias2,1.0697544813156128,400,4
refit_orth,y,var,0.037979722023010254,400,4
refit_orth,fx,mspe,0.04537346959114075,400,4
refit_orth,fx,bias2,0.030660204589366913,400,4
refit_orth,fx,var,0.014713263139128685,400,4
refit_orth,fr,mspe,0.024557437747716904,400,4
refit_orth,fr,bias2,0.009844174608588219,400,4
refit_orth,fr,var,0.014713263139128685,400,4
refit_orth,fz,mspe,0.0427890382707119,400,4
refit_orth,fz,bias2,0.019262894988059998,400,4
refit_orth,fz,var,0.0235261432826519,400,4
refit,y,mspe,1.1024178266525269,400,8
refit,y,bias2,1.0377039909362793,400,8
refit,y,var,0.0647139623761177,400,8
refit,fx,mspe,0.03527381271123886,400,8
refit,fx,bias2,0.014404219575226307,400,8
refit,fx,var,0.020869595929980278,400,8
refit,fr,mspe,0.0399467758834362,400,8
refit,fr,bias2,0.019077179953455925,400,8
refit,fr,var,0.020869595929980278,400,8
refit,fz,mspe,0.051397573202848434,400,8
refit,fz,bias2,0.0029988770838826895,400,8
refit,fz,var,0.0483986958861351,400,8
refit_orth,y,mspe,1.1024315357208252,400,8
refit_orth,y,bias2,1.037710189819336,400,8
refit_orth,y,var,0.06472137570381165,400,8
refit_orth,fx,mspe,0.05113294720649719,400,8
refit_orth,fx,bias2,0.032595884054899216,400,8
refit_orth,fx,var,0.018537065014243126,400,8
refit_orth,fr,mspe,0.029221154749393463,400,8
refit_orth,fr,bias2,0.010684089735150337,400,8
refit_orth,fr,var,0.018537065014243126,400,8
refit_orth,fz,mspe,0.07148429751396179,400,8
refit_orth,fz,bias2,0.02098263055086136,400,8
refit_orth,fz,var,0.05050167068839073,400,8
refit,y,mspe,1.0066556930541992,6400,1
refit,y,bias2,1.0043025016784668,6400,1
refit,y,var,0.002353144809603691,6400,1
refit,fx,mspe,0.0031574962195008993,6400,1
refit,fx,bias2,0.000752256833948195,6400,1
refit,fx,var,0.002405238803476095,6400,1
refit,fr,mspe,0.026595236733555794,6400,1
refit,fr,bias2,0.02418999746441841,6400,1
refit,fr,var,0.002405238803476095,6400,1
refit,fz,mspe,0.0010238742688670754,6400,1
refit,fz,bias2,0.00024530268274247646,6400,1
refit,fz,var,0.000778571586124599,6400,1
refit_orth,y,mspe,1.0066202878952026,6400,1
refit_orth,y,bias2,1.0042662620544434,6400,1
refit_orth,y,var,0.002353934571146965,6400,1
refit_orth,fx,mspe,0.02173810638487339,6400,1
refit_orth,fx,bias2,0.019936660304665565,6400,1
refit_orth,fx,var,0.0018014466622844338,6400,1
refit_orth,fr,mspe,0.002353771822527051,6400,1
refit_orth,fr,bias2,0.0005523253348655999,6400,1
refit_orth,fr,var,0.0018014466622844338,6400,1
refit_orth,fz,mspe,0.019224505871534348,6400,1
refit_orth,fz,bias2,0.018968665972352028,6400,1
refit_orth,fz,var,0.0002558400447014719,6400,1
refit,y,mspe,0.9927534461021423,6400,16
refit,y,bias2,0.9852487444877625,6400,16
refit,y,var,0.007504814304411411,6400,16
refit,fx,mspe,0.008929811418056488,6400,16
refit,fx,bias2,0.005842975806444883,6400,16
refit,fx,var,0.0030868363101035357,6400,16
refit,fr,mspe,0.029821151867508888,6400,16
refit,fr,bias2,0.02673431485891342,6400,16
refit,fr,var,0.0030868363101035357,6400,16
refit,fz,mspe,0.008044478483498096,6400,16
refit,fz,bias2,0.002018696628510952,6400,16
refit,fz,var,0.006025782320648432,6400,16
refit_orth,y,mspe,0.9927540421485901,6400,16
refit_orth,y,bias2,0.985249936580658,6400,16
refit_orth,y,var,0.007504091132432222,6400,16
refit_orth,fx,mspe,0.027175690978765488,6400,16
refit_orth,fx,bias2,0.024615654721856117,6400,16
refit_orth,fx,var,0.0025600355584174395,6400,16
refit_orth,fr,mspe,0.006443347781896591,6400,16
refit_orth,fr,bias2,0.0038833124563097954,6400,16
refit_orth,fr,var,0.0025600355584174395,6400,16
refit_orth,fz,mspe,0.026118077337741852,6400,16
refit_orth,fz,bias2,0.020295806229114532,6400,16
refit_orth,fz,var,0.005822275299578905,6400,16
refit,y,mspe,0.9605401754379272,6400,2
refit,y,bias2,0.9575422406196594,6400,2
refit,y,var,0.002997880568727851,6400,2
refit,fx,mspe,0.004183593206107616,6400,2
refit,fx,bias2,0.001433390541933477,6400,2
refit,fx,var,0.002750203013420105,6400,2
refit,fr,mspe,0.029941508546471596,6400,2
refit,fr,bias2,0.02719130553305149,6400,2
refit,fr,var,0.002750203013420105,6400,2
refit,fz,mspe,0.0016720280982553959,6400,2
refit,fz,bias2,0.0006374213262461126,6400,2
refit,fz,var,0.0010346068302169442,6400,2
refit_orth,y,mspe,0.9605000019073486,6400,2
refit_orth,y,bias2,0.9575167298316956,6400,2
refit_orth,y,var,0.002983275568112731,6400,2
refit_orth,fx,mspe,0.025190159678459167,6400,2
refit_orth,fx,bias2,0.02300887182354927,6400,2
refit_orth,fx,var,0.002181290416046977,6400,2
refit_orth,fr,mspe,0.003234338713809848,6400,2
refit_orth,fr,bias2,0.001053048181347549,6400,2
refit_orth,fr,var,0.002181290416046977,6400,2
refit_orth,fz,mspe,0.021715587005019188,6400,2
refit_orth,fz,bias2,0.021068282425403595,6400,2
refit_orth,fz,var,0.0006473051616922021,6400,2
refit,y,mspe,1.0742000341415405,6400,4
refit,y,bias2,1.0705841779708862,6400,4
refit,y,var,0.0036158522125333548,6400,4
refit,fx,mspe,0.005838433280587196,6400,4
refit,fx,bias2,0.0028104365337640047,6400,4
refit,fx,var,0.003027997212484479,6400,4
refit,fr,mspe,0.02808431349694729,6400,4
refit,fr,bias2,0.02505631372332573,6400,4
refit,fr,var,0.003027997212484479,6400,4
refit,fz,mspe,0.002330083167180419,6400,4
refit,fz,bias2,0.0004223986470606178,6400,4
refit,fz,var,0.0019076843746006489,6400,4
refit_orth,y,mspe,1.074195384979248,6400,4
refit_orth,y,bias2,1.0705821514129639,6400,4
refit_orth,y,var,0.0036132754758000374,6400,4
refit_orth,fx,mspe,0.025516655296087265,6400,4
refit_orth,fx,bias2,0.023223765194416046,6400,4
refit_orth,fx,var,0.002292888704687357,6400,4
refit_orth,fr,mspe,0.004722935147583485,6400,4
refit_orth,fr,bias2,0.002430046210065484,6400,4
refit_orth,fr,var,0.002292888704687357,6400,4
refit_orth,fz,mspe,0.02160361222922802,6400,4
refit_orth,fz,bias2,0.0202530175447464,6400,4
refit_orth,fz,var,0.0013505959650501609,6400,4
refit,y,mspe,1.0360329151153564,6400,8
refit,y,bias2,1.0310810804367065,6400,8
refit,y,var,0.004951802082359791,6400,8
refit,fx,mspe,0.0075142960995435715,6400,8
refit,fx,bias2,0.0044863163493573666,6400,8
refit,fx,var,0.003027979750186205,6400,8
refit,fr,mspe,0.03043549507856369,6400,8
refit,fr,bias2,0.027407512068748474,6400,8
refit,fr,var,0.003027979750186205,6400,8
refit,fz,mspe,0.004350855015218258,6400,8
refit,fz,bias2,0.0012112666154280305,6400,8
refit,fz,var,0.0031395882833749056,6400,8
refit_orth,y,mspe,1.0360381603240967,6400,8
refit_orth,y,bias2,1.0310839414596558,6400,8
refit_orth,y,var,0.004954133182764053,6400,8
refit_orth,fx,mspe,0.026119709014892578,6400,8
refit_orth,fx,bias2,0.023804163560271263,6400,8
refit_orth,fx,var,0.0023155417293310165,6400,8
refit_orth,fr,mspe,0.005598566960543394,6400,8
refit_orth,fr,bias2,0.003283024998381734,6400,8
refit_orth,fr,var,0.0023155417293310165,6400,8
refit_orth,fz,mspe,0.023035980761051178,6400,8
refit_orth,fz,bias2,0.02020891197025776,6400,8
refit_orth,fz,var,0.002827069954946637,6400,8
refit,y,mspe,1.0177466869354248,800,1
refit,y,bias2,1.0066332817077637,800,1
refit,y,var,0.011113540269434452,800,1
refit,fx,mspe,0.01255454309284687,800,1
refit,fx,bias2,0.0028669284656643867,800,1
refit,fx,var,0.009687615558505058,800,1
refit,fr,mspe,0.03527510538697243,800,1
refit,fr,bias2,0.02558748796582222,800,1
refit,fr,var,0.009687615558505058,800,1
refit,fz,mspe,0.00479947729036212,800,1
refit,fz,bias2,8.409766451222822e-05,800,1
refit,fz,var,0.004715379327535629,800,1
refit_orth,y,mspe,1.0177463293075562,800,1
refit_orth,y,bias2,1.006630778312683,800,1
refit_orth,y,var,0.011115534231066704,800,1
refit_orth,fx,mspe,0.029389331117272377,800,1
refit_orth,fx,bias2,0.02183643728494644,800,1
refit_orth,fx,var,0.007552893832325935,800,1
refit_orth,fr,mspe,0.010286643169820309,800,1
refit_orth,fr,bias2,0.0027337507344782352,800,1
refit_orth,fr,var,0.007552893832325935,800,1
refit_orth,fz,mspe,0.022141581401228905,800,1
refit_orth,fz,bias2,0.019776027649641037,800,1
refit_orth,fz,var,0.002365552121773362,800,1
refit,y,mspe,1.0475941896438599,800,16
refit,y,bias2,0.9900784492492676,800,16
refit,y,var,0.05751568824052811,800,16
refit,fx,mspe,0.02480166405439377,800,16
refit,fx,bias2,0.009322455152869225,800,16
refit,fx,var,0.015479209832847118,800,16
refit,fr,mspe,0.037423525005578995,800,16
refit,fr,bias2,0.021944312378764153,800,16
refit,fr,var,0.015479209832847118,800,16
refit,fz,mspe,0.05283137783408165,800,16
refit,fz,bias2,0.003169402712956071,800,16
refit,fz,var,0.04966197535395622,800,16
refit_orth,y,mspe,1.0475801229476929,800,16
refit_orth,y,bias2,0.9900703430175781,800,16
refit_orth,y,var,0.057509828358888626,800,16
refit_orth,fx,mspe,0.04123308137059212,800,16
refit_orth,fx,bias2,0.02818223088979721,800,16
refit_orth,fx,var,0.013050846755504608,800,16
refit_orth,fr,mspe,0.020318645983934402,800,16
refit_orth,fr,bias2,0.007267799228429794,800,16
refit_orth,fr,var,0.013050846755504608,800,16
refit_orth,fz,mspe,0.07152590900659561,800,16
refit_orth,fz,bias2,0.022230587899684906,800,16
refit_orth,fz,var,0.049295324832201004,800,16
refit,y,mspe,0.9759164452552795,800,2
refit,y,bias2,0.9609163403511047,800,2
refit,y,var,0.015000026673078537,800,2
refit,fx,mspe,0.015679948031902313,800,2
refit,fx,bias2,0.004340432118624449,800,2
refit,fx,var,0.011339516378939152,800,2
refit,fr,mspe,0.038050297647714615,800,2
refit,fr,bias2,0.02671078033745289,800,2
refit,fr,var,0.011339516378939152,800,2
refit,fz,mspe,0.007929674349725246,800,2
refit,fz,bias2,0.0002281784691149369,800,2
refit,fz,var,0.007701495662331581,800,2
refit_orth,y,mspe,0.9759170413017273,800,2
refit_orth,y,bias2,0.9609189033508301,800,2
refit_orth,y,var,0.014998156577348709,800,2
refit_orth,fx,mspe,0.03378790244460106,800,2
refit_orth,fx,bias2,0.025368208065629005,800,2
refit_orth,fx,var,0.00841969158500433,800,2
refit_orth,fr,mspe,0.012750607915222645,800,2
refit_orth,fr,bias2,0.004330916330218315,800,2
refit_orth,fr,var,0.00841969158500433,800,2
refit_orth,fz,mspe,0.0254056453704834,800,2
refit_orth,fz,bias2,0.019647041335701942,800,2
refit_orth,fz,var,0.005758605431765318,800,2
refit,y,mspe,1.0898560285568237,800,4
refit,y,bias2,1.07004976272583,800,4
refit,y,var,0.019806284457445145,800,4
refit,fx,mspe,0.01764066517353058,800,4
refit,fx,bias2,0.006858274806290865,800,4
refit,fx,var,0.010782389901578426,800,4
refit,fr,mspe,0.03475077077746391,800,4
refit,fr,bias2,0.02396838180720806,800,4
refit,fr,var,0.010782389901578426,800,4
refit,fz,mspe,0.014069760218262672,800,4
refit,fz,bias2,0.0007409034878946841,800,4
refit,fz,var,0.013328855857253075,800,4
refit_orth,y,mspe,1.0898559093475342,800,4
refit_orth,y,bias2,1.0700496435165405,800,4
refit_orth,y,var,0.01980631798505783,800,4
refit_orth,fx,mspe,0.036113277077674866,800,4
refit_orth,fx,bias2,0.028111442923545837,800,4
refit_orth,fx,var,0.008001835085451603,800,4
refit_orth,fr,mspe,0.014561462216079235,800,4
refit_orth,fr,bias2,0.006559628061950207,800,4
refit_orth,fr,var,0.008001835085451603,800,4
refit_orth,fz,mspe,0.03435136005282402,800,4
refit_orth,fz,bias2,0.02324048988521099,800,4
refit_orth,fz,var,0.011110867373645306,800,4
refit,y,mspe,1.0673946142196655,800,8
refit,y,bias2,1.0362194776535034,800,8
refit,y,var,0.031175125390291214,800,8
refit,fx,mspe,0.02137094736099243,800,8
refit,fx,bias2,0.00773211196064949,800,8
refit,fx,var,0.013638835400342941,800,8
refit,fr,mspe,0.03600572422146797,800,8
refit,fr,bias2,0.02236688695847988,800,8
refit,fr,var,0.013638835400342941,800,8
refit,fz,mspe,0.024841811507940292,800,8
refit,fz,bias2,0.0016272743232548237,800,8
refit,fz,var,0.023214541375637054,800,8
refit_orth,y,mspe,1.0673946142196655,800,8
refit_orth,y,bias2,1.0362194776535034,800,8
refit_orth,y,var,0.031175008043646812,800,8
refit_orth,fx,mspe,0.038653839379549026,800,8
refit_orth,fx,bias2,0.0276354793459177,800,8
refit_orth,fx,var,0.011018364690244198,800,8
refit_orth,fr,mspe,0.017201408743858337,800,8
refit_orth,fr,bias2,0.006183044519275427,800,8
refit_orth,fr,var,0.011018364690244198,800,8
refit_orth,fz,mspe,0.0419849194586277,800,8
refit_orth,fz,bias2,0.020224696025252342,800,8
refit_orth,fz,var,0.021760225296020508,800,8
