model,effect,metric,value,cv1,n
refit,y,mspe,1.0027848482131958,0.0,12800
refit,y,bias2,1.0018470287322998,0.0,12800
refit,y,var,0.0009377390961162746,0.0,12800
refit,fx,mspe,0.0012170785339549184,0.0,12800
refit,fx,bias2,0.00037371442886069417,0.0,12800
refit,fx,var,0.000843364221509546,0.0,12800
refit,fr,mspe,0.021311311051249504,0.0,12800
refit,fr,bias2,0.02046794630587101,0.0,12800
refit,fr,var,0.000843364221509546,0.0,12800
refit,fz,mspe,0.0002027816663030535,0.0,12800
refit,fz,bias2,2.7354760732123395e-06,0.0,12800
refit,fz,var,0.00020004618272650987,0.0,12800
refit_orth,y,mspe,1.0027859210968018,0.0,12800
refit_orth,y,bias2,1.0018478631973267,0.0,12800
refit_orth,y,var,0.0009380254196003079,0.0,12800
refit_orth,fx,mspe,0.020587394014000893,0.0,12800
refit_orth,fx,bias2,0.019840575754642487,0.0,12800
refit_orth,fx,var,0.0007468161056749523,0.0,12800
refit_orth,fr,mspe,0.0011158355046063662,0.0,12800
refit_orth,fr,bias2,0.00036901942803524435,0.0,12800
refit_orth,fr,var,0.0007468161056749523,0.0,12800
refit_orth,fz,mspe,0.019735146313905716,0.0,12800
refit_orth,fz,bias2,0.019621437415480614,0.0,12800
refit_orth,fz,var,0.00011370794527465478,0.0,12800
refit,y,mspe,1.0026570558547974,0.1,12800
refit,y,bias2,1.0016660690307617,0.1,12800
refit,y,var,0.00099093874450773,0.1,12800
refit,fx,mspe,0.0012623294023796916,0.1,12800
refit,fx,bias2,0.00037988272379152477,0.1,12800
refit,fx,var,0.0008824465912766755,0.1,12800
refit,fr,mspe,0.021300392225384712,0.1,12800
refit,fr,bias2,0.020417943596839905,0.1,12800
refit,fr,var,0.0008824465912766755,0.1,12800
refit,fz,mspe,0.00019334456010255963,0.1,12800
refit,fz,bias2,3.082152034039609e-06,0.1,12800
refit,fz,var,0.0001902624062495306,0.1,12800
refit_orth,y,mspe,1.0026543140411377,0.1,12800
refit_orth,y,bias2,1.0016660690307617,0.1,12800
refit_orth,y,var,0.0009882109006866813,0.1,12800
refit_orth,fx,mspe,0.020725063979625702,0.1,12800
refit_orth,fx,bias2,0.019932709634304047,0.1,12800
refit_orth,fx,var,0.0007923540542833507,0.1,12800
refit_orth,fr,mspe,0.0011686579091474414,0.1,12800
refit_orth,fr,bias2,0.0003763039130717516,0.1,12800
refit_orth,fr,var,0.0007923540542833507,0.1,12800
refit_orth,fz,mspe,0.019735144451260567,0.1,12800
refit_orth,fz,bias2,0.019621437415480614,0.1,12800
refit_orth,fz,var,0.00011370800348231569,0.1,12800
refit,y,mspe,1.0025314092636108,0.2,12800
refit,y,bias2,1.0014450550079346,0.2,12800
refit,y,var,0.0010862782364711165,0.2,12800
refit,fx,mspe,0.0013085961109027267,0.2,12800
refit,fx,bias2,0.00031802646117284894,0.2,12800
refit,fx,var,0.000990569475106895,0.2,12800
refit,fr,mspe,0.02111218497157097,0.2,12800
refit,fr,bias2,0.02012161910533905,0.2,12800
refit,fr,var,0.000990569475106895,0.2,12800
refit,fz,mspe,0.00019467558013275266,0.2,12800
refit,fz,bias2,9.088325896300375e-07,0.2,12800
refit,fz,var,0.000193766740267165,0.2,12800
refit_orth,y,mspe,1.002516269683838,0.2,12800
refit_orth,y,bias2,1.001438021659851,0.2,12800
refit_orth,y,var,0.001078226719982922,0.2,12800
refit_orth,fx,mspe,0.02076222002506256,0.2,12800
refit_orth,fx,bias2,0.01987839862704277,0.2,12800
refit_orth,fx,var,0.0008838215726427734,0.2,12800
refit_orth,fr,mspe,0.00120065629016608,0.2,12800
refit_orth,fr,bias2,0.0003168348630424589,0.2,12800
refit_orth,fr,var,0.0008838215726427734,0.2,12800
refit_orth,fz,mspe,0.019735146313905716,0.2,12800
refit_orth,fz,bias2,0.019621439278125763,0.2,12800
refit_orth,fz,var,0.0001137081126216799,0.2,12800
refit,y,mspe,1.002669095993042,0.3,12800
refit,y,bias2,1.0016173124313354,0.3,12800
refit,y,var,0.0010517248883843422,0.3,12800
refit,fx,mspe,0.0012598674511536956,0.3,12800
refit,fx,bias2,0.00031211358145810664,0.3,12800
refit,fx,var,0.0009477537823840976,0.3,12800
refit,fr,mspe,0.021262483671307564,0.3,12800
refit,fr,bias2,0.02031473070383072,0.3,12800
refit,fr,var,0.0009477537823840976,0.3,12800
refit,fz,mspe,0.00019955287280026823,0.3,12800
refit,fz,bias2,2.848663370969007e-06,0.3,12800
refit,fz,var,0.00019670418987516314,0.3,12800
refit_orth,y,mspe,1.0026540756225586,0.3,12800
refit_orth,y,bias2,1.0016052722930908,0.3,12800
refit_orth,y,var,0.0010488112457096577,0.3,12800
refit_orth,fx,mspe,0.020729821175336838,0.3,12800
refit_orth,fx,bias2,0.01988045684993267,0.3,12800
refit_orth,fx,var,0.0008493626955896616,0.3,12800
refit_orth,fr,mspe,0.0011584778549149632,0.3,12800
refit_orth,fr,bias2,0.00030911510111764073,0.3,12800
refit_orth,fr,var,0.0008493626955896616,0.3,12800
refit_orth,fz,mspe,0.019735142588615417,0.3,12800
refit_orth,fz,bias2,0.019621433690190315,0.3,12800
refit_orth,fz,var,0.00011370833817636594,0.3,12800
refit,y,mspe,1.0032976865768433,0.4,12800
refit,y,bias2,1.0022764205932617,0.4,12800
refit,y,var,0.0010212024208158255,0.4,12800
refit,fx,mspe,0.0012995144352316856,0.4,12800
refit,fx,bias2,0.0003488424117676914,0.4,12800
refit,fx,var,0.000950672198086977,0.4,12800
refit,fr,mspe,0.021384313702583313,0.4,12800
refit,fr,bias2,0.020433640107512474,0.4,12800
refit,fr,var,0.000950672198086977,0.4,12800
refit,fz,mspe,0.00021135213319212198,0.4,12800
refit,fz,bias2,3.411651732676546e-06,0.4,12800
refit,fz,var,0.0002079404948744923,0.4,12800
refit_orth,y,mspe,1.0032962560653687,0.4,12800
refit_orth,y,bias2,1.002274751663208,0.4,12800
refit_orth,y,var,0.0010215556249022484,0.4,12800
refit_orth,fx,mspe,0.02070264331996441,0.4,12800
refit_orth,fx,bias2,0.019880011677742004,0.4,12800
refit_orth,fx,var,0.0008226287318393588,0.4,12800
refit_orth,fr,mspe,0.0011668092338368297,0.4,12800
refit_orth,fr,bias2,0.00034418064751662314,0.4,12800
refit_orth,fr,var,0.0008226287318393588,0.4,12800
refit_orth,fz,mspe,0.019735144451260567,0.4,12800
refit_orth,fz,bias2,0.019621437415480614,0.4,12800
refit_orth,fz,var,0.00011370803258614615,0.4,12800
refit,y,mspe,1.0036143064498901,0.5,12800
refit,y,bias2,1.0025913715362549,0.5,12800
refit,y,var,0.0010230944026261568,0.5,12800
refit,fx,mspe,0.0013294697273522615,0.5,12800
refit,fx,bias2,0.00032551109325140715,0.5,12800
refit,fx,var,0.0010039586341008544,0.5,12800
refit,fr,mspe,0.0218817088752985,0.5,12800
refit,fr,bias2,0.02087775059044361,0.5,12800
refit,fr,var,0.0010039586341008544,0.5,12800
refit,fz,mspe,0.00022494794393423945,0.5,12800
refit,fz,bias2,1.0653005119820591e-05,0.5,12800
refit,fz,var,0.00021429493790492415,0.5,12800
refit_orth,y,mspe,1.003617286682129,0.5,12800
refit_orth,y,bias2,1.0025943517684937,0.5,12800
refit_orth,y,var,0.0010229441104456782,0.5,12800
refit_orth,fx,mspe,0.02060817740857601,0.5,12800
refit_orth,fx,bias2,0.019776253029704094,0.5,12800
refit_orth,fx,var,0.0008319264743477106,0.5,12800
refit_orth,fr,mspe,0.0011428662110120058,0.5,12800
refit_orth,fr,bias2,0.00031093982397578657,0.5,12800
refit_orth,fr,var,0.0008319264743477106,0.5,12800
refit_orth,fz,mspe,0.019735144451260567,0.5,12800
refit_orth,fz,bias2,0.019621437415480614,0.5,12800
refit_orth,fz,var,0.00011370800348231569,0.5,12800
refit,y,mspe,1.003838300704956,0.6,12800
refit,y,bias2,1.0026938915252686,0.6,12800
refit,y,var,0.0011443949770182371,0.6,12800
refit,fx,mspe,0.0016496622702106833,0.6,12800
refit,fx,bias2,0.00033317701308988035,0.6,12800
refit,fx,var,0.0013164854608476162,0.6,12800
refit,fr,mspe,0.02279191091656685,0.6,12800
refit,fr,bias2,0.021475424990057945,0.6,12800
refit,fr,var,0.0013164854608476162,0.6,12800
refit,fz,mspe,0.0004242932191118598,0.6,12800
refit,fz,bias2,2.469164610374719e-05,0.6,12800
refit,fz,var,0.0003996015293523669,0.6,12800
refit_orth,y,mspe,1.0038350820541382,0.6,12800
refit_orth,y,bias2,1.0026928186416626,0.6,12800
refit_orth,y,var,0.0011421330273151398,0.6,12800
refit_orth,fx,mspe,0.020594434812664986,0.6,12800
refit_orth,fx,bias2,0.019650926813483238,0.6,12800
refit_orth,fx,var,0.0009435068350285292,0.6,12800
refit_orth,fr,mspe,0.0012421624269336462,0.6,12800
refit_orth,fr,bias2,0.00029865559190511703,0.6,12800
refit_orth,fr,var,0.0009435068350285292,0.6,12800
refit_orth,fz,mspe,0.019735148176550865,0.6,12800
refit_orth,fz,bias2,0.019621439278125763,0.6,12800
refit_orth,fz,var,0.00011370776337571442,0.6,12800
refit,y,mspe,1.0039480924606323,0.7,12800
refit,y,bias2,1.0028390884399414,0.7,12800
refit,y,var,0.0011090334737673402,0.7,12800
refit,fx,mspe,0.002205605385825038,0.7,12800
refit,fx,bias2,0.0004958536592312157,0.7,12800
refit,fx,var,0.0017097517848014832,0.7,12800
refit,fr,mspe,0.02521958388388157,0.7,12800
refit,fr,bias2,0.023509832099080086,0.7,12800
refit,fr,var,0.0017097517848014832,0.7,12800
refit,fz,mspe,0.0008819533977657557,0.7,12800
refit,fz,bias2,0.00012946738570462912,0.7,12800
refit,fz,var,0.0007524859393015504,0.7,12800
refit_orth,y,mspe,1.0039194822311401,0.7,12800
refit_orth,y,bias2,1.0028003454208374,0.7,12800
refit_orth,y,var,0.0011191582307219505,0.7,12800
refit_orth,fx,mspe,0.02053074911236763,0.7,12800
refit_orth,fx,bias2,0.019604545086622238,0.7,12800
refit_orth,fx,var,0.0009262036764994264,0.7,12800
refit_orth,fr,mspe,0.0012576166773214936,0.7,12800
refit_orth,fr,bias2,0.00033141314634121954,0.7,12800
refit_orth,fr,var,0.0009262036764994264,0.7,12800
refit_orth,fz,mspe,0.019735148176550865,0.7,12800
refit_orth,fz,bias2,0.019621439278125763,0.7,12800
refit_orth,fz,var,0.00011370782158337533,0.7,12800
refit,y,mspe,1.0044031143188477,0.8,12800
refit,y,bias2,1.0032644271850586,0.8,12800
refit,y,var,0.0011386051774024963,0.8,12800
refit,fx,mspe,0.0038838577456772327,0.8,12800
refit,fx,bias2,0.001231619156897068,0.8,12800
refit,fx,var,0.0026522385887801647,0.8,12800
refit,fr,mspe,0.03180890530347824,0.8,12800
refit,fr,bias2,0.029156668111681938,0.8,12800
refit,fr,var,0.0026522385887801647,0.8,12800
refit,fz,mspe,0.002426344668492675,0.8,12800
refit,fz,bias2,0.0008392546442337334,0.8,12800
refit,fz,var,0.0015870900824666023,0.8,12800
refit_orth,y,mspe,1.0044045448303223,0.8,12800
refit_orth,y,bias2,1.0032663345336914,0.8,12800
refit_orth,y,var,0.0011383772362023592,0.8,12800
refit_orth,fx,mspe,0.020533228293061256,0.8,12800
refit_orth,fx,bias2,0.019592026248574257,0.8,12800
refit_orth,fx,var,0.0009412020444869995,0.8,12800
refit_orth,fr,mspe,0.0012607130920514464,0.8,12800
refit_orth,fr,bias2,0.0003195110766682774,0.8,12800
refit_orth,fr,var,0.0009412020444869995,0.8,12800
refit_orth,fz,mspe,0.019735146313905716,0.8,12800
refit_orth,fz,bias2,0.019621437415480614,0.8,12800
refit_orth,fz,var,0.0001137079088948667,0.8,12800
refit,y,mspe,1.004553198814392,0.9,12800
refit,y,bias2,1.0034396648406982,0.9,12800
refit,y,var,0.0011136048706248403,0.9,12800
refit,fx,mspe,0.01439404021948576,0.9,12800
refit,fx,bias2,0.007450679317116737,0.9,12800
refit,fx,var,0.006943360436707735,0.9,12800
refit,fr,mspe,0.05740712955594063,0.9,12800
refit,fr,bias2,0.05046377331018448,0.9,12800
refit,fr,var,0.006943360436707735,0.9,12800
refit,fz,mspe,0.012622034177184105,0.9,12800
refit,fz,bias2,0.006894777528941631,0.9,12800
refit,fz,var,0.005727257579565048,0.9,12800
refit_orth,y,mspe,1.0045552253723145,0.9,12800
refit_orth,y,bias2,1.0034390687942505,0.9,12800
refit_orth,y,var,0.0011160247959196568,0.9,12800
refit_orth,fx,mspe,0.020548541098833084,0.9,12800
refit_orth,fx,bias2,0.019632549956440926,0.9,12800
refit_orth,fx,var,0.0009159913170151412,0.9,12800
refit_orth,fr,mspe,0.0012677098857238889,0.9,12800
refit_orth,fr,bias2,0.0003517184522934258,0.9,12800
refit_orth,fr,var,0.0009159913170151412,0.9,12800
refit_orth,fz,mspe,0.019735146313905716,0.9,12800
refit_orth,fz,bias2,0.019621439278125763,0.9,12800
refit_orth,fz,var,0.00011370776337571442,0.9,12800
refit,y,mspe,1.0034559965133667,1.0,12800
refit,y,bias2,1.0025031566619873,1.0,12800
refit,y,var,0.0009528813534416258,1.0,12800
refit,fx,mspe,0.043100543320178986,1.0,12800
refit,fx,bias2,0.02789275161921978,1.0,12800
refit,fx,var,0.015207793563604355,1.0,12800
refit,fr,mspe,0.10891419649124146,1.0,12800
refit,fr,bias2,0.0937063992023468,1.0,12800
refit,fr,var,0.015207793563604355,1.0,12800
refit,fz,mspe,0.04162335395812988,1.0,12800
refit,fz,bias2,0.027049999684095383,1.0,12800
refit,fz,var,0.014573349617421627,1.0,12800
refit_orth,y,mspe,1.003529667854309,1.0,12800
refit_orth,y,bias2,1.0025584697723389,1.0,12800
refit_orth,y,var,0.0009712342289276421,1.0,12800
refit_orth,fx,mspe,0.020363561809062958,1.0,12800
refit_orth,fx,bias2,0.01958945393562317,1.0,12800
refit_orth,fx,var,0.0007741068257018924,1.0,12800
refit_orth,fr,mspe,0.001138645806349814,1.0,12800
refit_orth,fr,bias2,0.00036453892244026065,1.0,12800
refit_orth,fr,var,0.0007741068257018924,1.0,12800
refit_orth,fz,mspe,0.019735142588615417,1.0,12800
refit_orth,fz,bias2,0.019621437415480614,1.0,12800
refit_orth,fz,var,0.00011370809806976467,1.0,12800
refit,y,mspe,1.0096232891082764,0.0,1600
refit,y,bias2,1.0035889148712158,0.0,1600
refit,y,var,0.006034569814801216,0.0,1600
refit,fx,mspe,0.006643433589488268,0.0,1600
refit,fx,bias2,0.002200247021391988,0.0,1600
refit,fx,var,0.0044431863352656364,0.0,1600
refit,fr,mspe,0.028700899332761765,0.0,1600
refit,fr,bias2,0.024257713928818703,0.0,1600
refit,fr,var,0.0044431863352656364,0.0,1600
refit,fz,mspe,0.0018402162240818143,0.0,1600
refit,fz,bias2,5.385747135733254e-05,0.0,1600
refit,fz,var,0.001786358654499054,0.0,1600
refit_orth,y,mspe,1.0096266269683838,0.0,1600
refit_orth,y,bias2,1.0035911798477173,0.0,1600
refit_orth,y,var,0.0060354359447956085,0.0,1600
refit_orth,fx,mspe,0.026483092457056046,0.0,1600
refit_orth,fx,bias2,0.022474907338619232,0.0,1600
refit_orth,fx,var,0.004008186049759388,0.0,1600
refit_orth,fr,mspe,0.00613607419654727,0.0,1600
refit_orth,fr,bias2,0.002127888845279813,0.0,1600
refit_orth,fr,var,0.004008186049759388,0.0,1600
refit_orth,fz,mspe,0.022188816219568253,0.0,1600
refit_orth,fz,bias2,0.020903058350086212,0.0,1600
refit_orth,fz,var,0.0012857593828812242,0.0,1600
refit,y,mspe,1.0101075172424316,0.1,1600
refit,y,bias2,1.003896951675415,0.1,1600
refit,y,var,0.006210597697645426,0.1,1600
refit,fx,mspe,0.0066421483643352985,0.1,1600
refit,fx,bias2,0.002018770668655634,0.1,1600
refit,fx,var,0.004623377695679665,0.1,1600
refit,fr,mspe,0.02803158015012741,0.1,1600
refit,fr,bias2,0.023408202454447746,0.1,1600
refit,fr,var,0.004623377695679665,0.1,1600
refit,fz,mspe,0.0018610182451084256,0.1,1600
refit,fz,bias2,2.167046841350384e-05,0.1,1600
refit,fz,var,0.0018393478821963072,0.1,1600
refit_orth,y,mspe,1.010107398033142,0.1,1600
refit_orth,y,bias2,1.003896951675415,0.1,1600
refit_orth,y,var,0.006210593972355127,0.1,1600
refit_orth,fx,mspe,0.026417288929224014,0.1,1600
refit_orth,fx,bias2,0.02224067412316799,0.1,1600
refit_orth,fx,var,0.004176614340394735,0.1,1600
refit_orth,fr,mspe,0.006156774703413248,0.1,1600
refit_orth,fr,bias2,0.0019801610615104437,0.1,1600
refit_orth,fr,var,0.004176614340394735,0.1,1600
refit_orth,fz,mspe,0.022188816219568253,0.1,1600
refit_orth,fz,bias2,0.020903056487441063,0.1,1600
refit_orth,fz,var,0.001285759499296546,0.1,1600
refit,y,mspe,1.010946273803711,0.2,1600
refit,y,bias2,1.004575252532959,0.2,1600
refit,y,var,0.006371021270751953,0.2,1600
refit,fx,mspe,0.006848071701824665,0.2,1600
refit,fx,bias2,0.002001760993152857,0.2,1600
refit,fx,var,0.004846311639994383,0.2,1600
refit,fr,mspe,0.029132520779967308,0.2,1600
refit,fr,bias2,0.024286208674311638,0.2,1600
refit,fr,var,0.004846311639994383,0.2,1600
refit,fz,mspe,0.0018375086365267634,0.2,1600
refit,fz,bias2,6.765081343473867e-05,0.2,1600
refit,fz,var,0.0017698577139526606,0.2,1600
refit_orth,y,mspe,1.010903000831604,0.2,1600
refit_orth,y,bias2,1.0044234991073608,0.2,1600
refit_orth,y,var,0.006479647010564804,0.2,1600
refit_orth,fx,mspe,0.026669275015592575,0.2,1600
refit_orth,fx,bias2,0.0222188588231802,0.2,1600
refit_orth,fx,var,0.004450415261089802,0.2,1600
refit_orth,fr,mspe,0.006327703595161438,0.2,1600
refit_orth,fr,bias2,0.0018772881012409925,0.2,1600
refit_orth,fr,var,0.004450415261089802,0.2,1600
refit_orth,fz,mspe,0.022188816219568253,0.2,1600
refit_orth,fz,bias2,0.020903056487441063,0.2,1600
refit_orth,fz,var,0.0012857599649578333,0.2,1600
refit,y,mspe,1.0109020471572876,0.3,1600
refit,y,bias2,1.004931092262268,0.3,1600
refit,y,var,0.005970999598503113,0.3,1600
refit,fx,mspe,0.0065406858921051025,0.3,1600
refit,fx,bias2,0.002003661124035716,0.3,1600
refit,fx,var,0.004537024535238743,0.3,1600
refit,fr,mspe,0.029545826837420464,0.3,1600
refit,fr,bias2,0.025008805096149445,0.3,1600
refit,fr,var,0.004537024535238743,0.3,1600
refit,fz,mspe,0.0019929814152419567,0.3,1600
refit,fz,bias2,0.00011232838005525991,0.3,1600
refit,fz,var,0.0018806528532877564,0.3,1600
refit_orth,y,mspe,1.0109009742736816,0.3,1600
refit_orth,y,bias2,1.004929542541504,0.3,1600
refit_orth,y,var,0.005971463397145271,0.3,1600
refit_orth,fx,mspe,0.02616209350526333,0.3,1600
refit_orth,fx,bias2,0.022164763882756233,0.3,1600
refit_orth,fx,var,0.003997325897216797,0.3,1600
refit_orth,fr,mspe,0.005849665030837059,0.3,1600
refit_orth,fr,bias2,0.0018523390172049403,0.3,1600
refit_orth,fr,var,0.003997325897216797,0.3,1600
refit_orth,fz,mspe,0.022188816219568253,0.3,1600
refit_orth,fz,bias2,0.020903052762150764,0.3,1600
refit_orth,fz,var,0.0012857600813731551,0.3,1600
refit,y,mspe,1.0122861862182617,0.4,1600
refit,y,bias2,1.0055824518203735,0.4,1600
refit,y,var,0.0067037297412753105,0.4,1600
refit,fx,mspe,0.007361846510320902,0.4,1600
refit,fx,bias2,0.001818555872887373,0.4,1600
refit,fx,var,0.005543290171772242,0.4,1600
refit,fr,mspe,0.030823230743408203,0.4,1600
refit,fr,bias2,0.02527993731200695,0.4,1600
refit,fr,var,0.005543290171772242,0.4,1600
refit,fz,mspe,0.0022914146538823843,0.4,1600
refit,fz,bias2,0.00015251569857355207,0.4,1600
refit,fz,var,0.0021388987079262733,0.4,1600
refit_orth,y,mspe,1.0122767686843872,0.4,1600
refit_orth,y,bias2,1.005580186843872,0.4,1600
refit_orth,y,var,0.006696525029838085,0.4,1600
refit_orth,fx,mspe,0.026718785986304283,0.4,1600
refit_orth,fx,bias2,0.021984243765473366,0.4,1600
refit_orth,fx,var,0.004734541289508343,0.4,1600
refit_orth,fr,mspe,0.006361029110848904,0.4,1600
refit_orth,fr,bias2,0.0016264885198324919,0.4,1600
refit_orth,fr,var,0.004734541289508343,0.4,1600
refit_orth,fz,mspe,0.022188816219568253,0.4,1600
refit_orth,fz,bias2,0.020903058350086212,0.4,1600
refit_orth,fz,var,0.0012857596157118678,0.4,1600
refit,y,mspe,1.0131324529647827,0.5,1600
refit,y,bias2,1.006831169128418,0.5,1600
refit,y,var,0.006301338784396648,0.5,1600
refit,fx,mspe,0.007971520535647869,0.5,1600
refit,fx,bias2,0.0024881737772375345,0.5,1600
refit,fx,var,0.005483346059918404,0.5,1600
refit,fr,mspe,0.03364508971571922,0.5,1600
refit,fr,bias2,0.02816174179315567,0.5,1600
refit,fr,var,0.005483346059918404,0.5,1600
refit,fz,mspe,0.002643459476530552,0.5,1600
refit,fz,bias2,0.0003831266367342323,0.5,1600
refit,fz,var,0.002260332927107811,0.5,1600
refit_orth,y,mspe,1.0131211280822754,0.5,1600
refit_orth,y,bias2,1.00682532787323,0.5,1600
refit_orth,y,var,0.0062957569025456905,0.5,1600
refit_orth,fx,mspe,0.026556335389614105,0.5,1600
refit_orth,fx,bias2,0.022158220410346985,0.5,1600
refit_orth,fx,var,0.0043981135822832584,0.5,1600
refit_orth,fr,mspe,0.006401386111974716,0.5,1600
refit_orth,fr,bias2,0.0020032734610140324,0.5,1600
refit_orth,fr,var,0.0043981135822832584,0.5,1600
refit_orth,fz,mspe,0.02218881994485855,0.5,1600
refit_orth,fz,bias2,0.02090306207537651,0.5,1600
refit_orth,fz,var,0.0012857600813731551,0.5,1600
refit,y,mspe,1.0133633613586426,0.6,1600
refit,y,bias2,1.0070053339004517,0.6,1600
refit,y,var,0.006358018144965172,0.6,1600
refit,fx,mspe,0.010038302280008793,0.6,1600
refit,fx,bias2,0.0037657171487808228,0.6,1600
refit,fx,var,0.006272584665566683,0.6,1600
refit,fr,mspe,0.040507327765226364,0.6,1600
refit,fr,bias2,0.03423474356532097,0.6,1600
refit,fr,var,0.006272584665566683,0.6,1600
refit,fz,mspe,0.0038919958751648664,0.6,1600
refit,fz,bias2,0.0012925249757245183,0.6,1600
refit,fz,var,0.0025994712486863136,0.6,1600
refit_orth,y,mspe,1.0131839513778687,0.6,1600
refit_orth,y,bias2,1.0068614482879639,0.6,1600
refit_orth,y,var,0.006322407629340887,0.6,1600
refit_orth,fx,mspe,0.02652410976588726,0.6,1600
refit_orth,fx,bias2,0.022141743451356888,0.6,1600
refit_orth,fx,var,0.0043823677115142345,0.6,1600
refit_orth,fr,mspe,0.006602362263947725,0.6,1600
refit_orth,fr,bias2,0.002219995018094778,0.6,1600
refit_orth,fr,var,0.0043823677115142345,0.6,1600
refit_orth,fz,mspe,0.022188805043697357,0.6,1600
refit_orth,fz,bias2,0.020903049036860466,0.6,1600
refit_orth,fz,var,0.0012857562396675348,0.6,1600
refit,y,mspe,1.0125354528427124,0.7,1600
refit,y,bias2,1.0069602727890015,0.7,1600
refit,y,var,0.005575083661824465,0.7,1600
refit,fx,mspe,0.013344855047762394,0.7,1600
refit,fx,bias2,0.006463287863880396,0.7,1600
refit,fx,var,0.006881567183881998,0.7,1600
refit,fr,mspe,0.05104352906346321,0.7,1600
refit,fr,bias2,0.04416196793317795,0.7,1600
refit,fr,var,0.006881567183881998,0.7,1600
refit,fz,mspe,0.0080381128937006,0.7,1600
refit,fz,bias2,0.003854455891996622,0.7,1600
refit,fz,var,0.00418365653604269,0.7,1600
refit_orth,y,mspe,1.0125349760055542,0.7,1600
refit_orth,y,bias2,1.0069565773010254,0.7,1600
refit_orth,y,var,0.0055783153511583805,0.7,1600
refit_orth,fx,mspe,0.02587239257991314,0.7,1600
refit_orth,fx,bias2,0.02221418358385563,0.7,1600
refit_orth,fx,var,0.003658208530396223,0.7,1600
refit_orth,fr,mspe,0.00587142538279295,0.7,1600
refit_orth,fr,bias2,0.002213216619566083,0.7,1600
refit_orth,fr,var,0.003658208530396223,0.7,1600
refit_orth,fz,mspe,0.022188810631632805,0.7,1600
refit_orth,fz,bias2,0.020903050899505615,0.7,1600
refit_orth,fz,var,0.001285760197788477,0.7,1600
refit,y,mspe,1.012763261795044,0.8,1600
refit,y,bias2,1.0072804689407349,0.8,1600
refit,y,var,0.00548288831487298,0.8,1600
refit,fx,mspe,0.024956651031970978,0.8,1600
refit,fx,bias2,0.015188198536634445,0.8,1600
refit,fx,var,0.009768453426659107,0.8,1600
refit,fr,mspe,0.0759991928935051,0.8,1600
refit,fr,bias2,0.06623074412345886,0.8,1600
refit,fr,var,0.009768453426659107,0.8,1600
refit,fz,mspe,0.019799599424004555,0.8,1600
refit,fz,bias2,0.0120725492015481,0.8,1600
refit,fz,var,0.00772705115377903,0.8,1600
refit_orth,y,mspe,1.012724757194519,0.8,1600
refit_orth,y,bias2,1.0073007345199585,0.8,1600
refit_orth,y,var,0.005424054805189371,0.8,1600
refit_orth,fx,mspe,0.025924429297447205,0.8,1600
refit_orth,fx,bias2,0.022444607689976692,0.8,1600
refit_orth,fx,var,0.0034798213746398687,0.8,1600
refit_orth,fr,mspe,0.0059034572914242744,0.8,1600
refit_orth,fr,bias2,0.002423636382445693,0.8,1600
refit_orth,fr,var,0.0034798213746398687,0.8,1600
refit_orth,fz,mspe,0.022188810631632805,0.8,1600
refit_orth,fz,bias2,0.020903050899505615,0.8,1600
refit_orth,fz,var,0.0012857593828812242,0.8,1600
refit,y,mspe,1.0105805397033691,0.9,1600
refit,y,bias2,1.0055652856826782,0.9,1600
refit,y,var,0.005015184171497822,0.9,1600
refit,fx,mspe,0.04690804332494736,0.9,1600
refit,fx,bias2,0.03314151614904404,0.9,1600
refit,fx,var,0.01376652717590332,0.9,1600
refit,fr,mspe,0.11577092856168747,0.9,1600
refit,fr,bias2,0.10200439393520355,0.9,1600
refit,fr,var,0.01376652717590332,0.9,1600
refit,fz,mspe,0.04223009943962097,0.9,1600
refit,fz,bias2,0.03021259792149067,0.9,1600
refit,fz,var,0.012017504312098026,0.9,1600
refit_orth,y,mspe,1.0105808973312378,0.9,1600
refit_orth,y,bias2,1.0055652856826782,0.9,1600
refit_orth,y,var,0.005015522241592407,0.9,1600
refit_orth,fx,mspe,0.024989347904920578,0.9,1600
refit_orth,fx,bias2,0.021906953305006027,0.9,1600
refit_orth,fx,var,0.003082395764067769,0.9,1600
refit_orth,fr,mspe,0.004955736454576254,0.9,1600
refit_orth,fr,bias2,0.0018733408069238067,0.9,1600
refit_orth,fr,var,0.003082395764067769,0.9,1600
refit_orth,fz,mspe,0.022188814356923103,0.9,1600
refit_orth,fz,bias2,0.020903056487441063,0.9,1600
refit_orth,fz,var,0.0012857592664659023,0.9,1600
refit,y,mspe,1.0095229148864746,1.0,1600
refit,y,bias2,1.0039654970169067,1.0,1600
refit,y,var,0.005557526368647814,1.0,1600
refit,fx,mspe,0.0973820686340332,1.0,1600
refit,fx,bias2,0.05118560791015625,1.0,1600
refit,fx,var,0.04619646072387695,1.0,1600
refit,fr,mspe,0.17909710109233856,1.0,1600
refit,fr,bias2,0.1329006552696228,1.0,1600
refit,fr,var,0.04619646072387695,1.0,1600
refit,fz,mspe,0.09007859975099564,1.0,1600
refit,fz,bias2,0.04821198806166649,1.0,1600
refit,fz,var,0.04186660796403885,1.0,1600
refit_orth,y,mspe,1.0095316171646118,1.0,1600
refit_orth,y,bias2,1.0039721727371216,1.0,1600
refit_orth,y,var,0.005559416022151709,1.0,1600
refit_orth,fx,mspe,0.02513660490512848,1.0,1600
refit_orth,fx,bias2,0.02146737650036812,1.0,1600
refit_orth,fx,var,0.0036692298017442226,1.0,1600
refit_orth,fr,mspe,0.005181808490306139,1.0,1600
refit_orth,fr,bias2,0.0015125786885619164,1.0,1600
refit_orth,fr,var,0.0036692298017442226,1.0,1600
refit_orth,fz,mspe,0.022188816219568253,1.0,1600
refit_orth,fz,bias2,0.020903058350086212,1.0,1600
refit_orth,fz,var,0.0012857598485425115,1.0,1600
refit,y,mspe,1.0020687580108643,0.0,25600
refit,y,bias2,1.001420021057129,0.0,25600
refit,y,var,0.0006487425998784602,0.0,25600
refit,fx,mspe,0.0008044124115258455,0.0,25600
refit,fx,bias2,0.00023188792692963034,0.0,25600
refit,fx,var,0.0005725244991481304,0.0,25600
refit,fr,mspe,0.021816931664943695,0.0,25600
refit,fr,bias2,0.021244406700134277,0.0,25600
refit,fr,var,0.0005725244991481304,0.0,25600
refit,fz,mspe,0.0001298616116400808,0.0,25600
refit,fz,bias2,2.6395218810648657e-05,0.0,25600
refit,fz,var,0.00010346638009650633,0.0,25600
refit_orth,y,mspe,1.0021742582321167,0.0,25600
refit_orth,y,bias2,1.0015438795089722,0.0,25600
refit_orth,y,var,0.0006304114940576255,0.0,25600
refit_orth,fx,mspe,0.020391827449202538,0.0,25600
refit_orth,fx,bias2,0.019860852509737015,0.0,25600
refit_orth,fx,var,0.000530977500602603,0.0,25600
refit_orth,fr,mspe,0.0007341298623941839,0.0,25600
refit_orth,fr,bias2,0.00020315236179158092,0.0,25600
refit_orth,fr,var,0.000530977500602603,0.0,25600
refit_orth,fz,mspe,0.019818764179944992,0.0,25600
refit_orth,fz,bias2,0.019746821373701096,0.0,25600
refit_orth,fz,var,7.19413801562041e-05,0.0,25600
refit,y,mspe,1.0027079582214355,0.1,25600
refit,y,bias2,1.0020889043807983,0.1,25600
refit,y,var,0.0006190724088810384,0.1,25600
refit,fx,mspe,0.0007475127931684256,0.1,25600
refit,fx,bias2,0.00020267821673769504,0.1,25600
refit,fx,var,0.0005448345327749848,0.1,25600
refit,fr,mspe,0.02187621034681797,0.1,25600
refit,fr,bias2,0.02133137732744217,0.1,25600
refit,fr,var,0.0005448345327749848,0.1,25600
refit,fz,mspe,0.00013331642549019307,0.1,25600
refit,fz,bias2,3.1390412914333865e-05,0.1,25600
refit,fz,var,0.0001019260089378804,0.1,25600
refit_orth,y,mspe,1.0026333332061768,0.1,25600
refit_orth,y,bias2,1.0020445585250854,0.1,25600
refit_orth,y,var,0.0005889426684007049,0.1,25600
refit_orth,fx,mspe,0.020331723615527153,0.1,25600
refit_orth,fx,bias2,0.019841955974698067,0.1,25600
refit_orth,fx,var,0.0004897673497907817,0.1,25600
refit_orth,fr,mspe,0.0006589065305888653,0.1,25600
refit_orth,fr,bias2,0.000169139209901914,0.1,25600
refit_orth,fr,var,0.0004897673497907817,0.1,25600
refit_orth,fz,mspe,0.019818760454654694,0.1,25600
refit_orth,fz,bias2,0.019746817648410797,0.1,25600
refit_orth,fz,var,7.19415838830173e-05,0.1,25600
refit,y,mspe,1.002487301826477,0.2,25600
refit,y,bias2,1.0018303394317627,0.2,25600
refit,y,var,0.0006569793331436813,0.2,25600
refit,fx,mspe,0.0007790321833454072,0.2,25600
refit,fx,bias2,0.00018619959882926196,0.2,25600
refit,fx,var,0.0005928325117565691,0.2,25600
refit,fr,mspe,0.02187260240316391,0.2,25600
refit,fr,bias2,0.021279769018292427,0.2,25600
refit,fr,var,0.0005928325117565691,0.2,25600
refit,fz,mspe,0.00015241499932017177,0.2,25600
refit,fz,bias2,3.124523937003687e-05,0.2,25600
refit,fz,var,0.00012116974539821967,0.2,25600
refit_orth,y,mspe,1.0023921728134155,0.2,25600
refit_orth,y,bias2,1.001734733581543,0.2,25600
refit_orth,y,var,0.0006572993588633835,0.2,25600
refit_orth,fx,mspe,0.02041432075202465,0.2,25600
refit_orth,fx,bias2,0.01985899731516838,0.2,25600
refit_orth,fx,var,0.000555322621949017,0.2,25600
refit_orth,fr,mspe,0.0007107432466000319,0.2,25600
refit_orth,fr,bias2,0.00015542065375484526,0.2,25600
refit_orth,fr,var,0.000555322621949017,0.2,25600
refit_orth,fz,mspe,0.019818762317299843,0.2,25600
refit_orth,fz,bias2,0.019746821373701096,0.2,25600
refit_orth,fz,var,7.1941532951314e-05,0.2,25600
refit,y,mspe,1.002915859222412,0.3,25600
refit,y,bias2,1.0022494792938232,0.3,25600
refit,y,var,0.0006662638625130057,0.3,25600
refit,fx,mspe,0.0007828756934031844,0.3,25600
refit,fx,bias2,0.00016812013927847147,0.3,25600
refit,fx,var,0.0006147555541247129,0.3,25600
refit,fr,mspe,0.021900290623307228,0.3,25600
refit,fr,bias2,0.021285535767674446,0.3,25600
refit,fr,var,0.0006147555541247129,0.3,25600
refit,fz,mspe,0.00015231326688081026,0.3,25600
refit,fz,bias2,3.105155337834731e-05,0.3,25600
refit,fz,var,0.00012126171350246295,0.3,25600
refit_orth,y,mspe,1.0029282569885254,0.3,25600
refit_orth,y,bias2,1.0022616386413574,0.3,25600
refit_orth,y,var,0.0006666654371656477,0.3,25600
refit_orth,fx,mspe,0.02037663944065571,0.3,25600
refit_orth,fx,bias2,0.019808216020464897,0.3,25600
refit_orth,fx,var,0.0005684203933924437,0.3,25600
refit_orth,fr,mspe,0.0007027704850770533,0.3,25600
refit_orth,fr,bias2,0.00013435013534035534,0.3,25600
refit_orth,fr,var,0.0005684203933924437,0.3,25600
refit_orth,fz,mspe,0.019818764179944992,0.3,25600
refit_orth,fz,bias2,0.019746821373701096,0.3,25600
refit_orth,fz,var,7.194166391855106e-05,0.3,25600
refit,y,mspe,1.0033416748046875,0.4,25600
refit,y,bias2,1.0026510953903198,0.4,25600
refit,y,var,0.0006905539194121957,0.4,25600
refit,fx,mspe,0.0008335085003636777,0.4,25600
refit,fx,bias2,0.00019396815332584083,0.4,25600
refit,fx,var,0.0006395403761416674,0.4,25600
refit,fr,mspe,0.022318603470921516,0.4,25600
refit,fr,bias2,0.021679062396287918,0.4,25600
refit,fr,var,0.0006395403761416674,0.4,25600
refit,fz,mspe,0.00016668517491780221,0.4,25600
refit,fz,bias2,4.554375846055336e-05,0.4,25600
refit,fz,var,0.00012114140554331243,0.4,25600
refit_orth,y,mspe,1.0034064054489136,0.4,25600
refit_orth,y,bias2,1.0026980638504028,0.4,25600
refit_orth,y,var,0.000708256964571774,0.4,25600
refit_orth,fx,mspe,0.020368915051221848,0.4,25600
refit_orth,fx,bias2,0.01976153813302517,0.4,25600
refit_orth,fx,var,0.0006073771510273218,0.4,25600
refit_orth,fr,mspe,0.0007459738990291953,0.4,25600
refit_orth,fr,bias2,0.0001385967480018735,0.4,25600
refit_orth,fr,var,0.0006073771510273218,0.4,25600
refit_orth,fz,mspe,0.019818764179944992,0.4,25600
refit_orth,fz,bias2,0.019746821373701096,0.4,25600
refit_orth,fz,var,7.194124918896705e-05,0.4,25600
refit,y,mspe,1.0035552978515625,0.5,25600
refit,y,bias2,1.002927541732788,0.5,25600
refit,y,var,0.0006277262582443655,0.5,25600
refit,fx,mspe,0.000800172972958535,0.5,25600
refit,fx,bias2,0.00020760676125064492,0.5,25600
refit,fx,var,0.000592566269915551,0.5,25600
refit,fr,mspe,0.0225461907684803,0.5,25600
refit,fr,bias2,0.021953623741865158,0.5,25600
refit,fr,var,0.000592566269915551,0.5,25600
refit,fz,mspe,0.0002068485482595861,0.5,25600
refit,fz,bias2,5.529473492060788e-05,0.5,25600
refit,fz,var,0.00015155383152887225,0.5,25600
refit_orth,y,mspe,1.003553867340088,0.5,25600
refit_orth,y,bias2,1.0029335021972656,0.5,25600
refit_orth,y,var,0.0006204936071299016,0.5,25600
refit_orth,fx,mspe,0.020231561735272408,0.5,25600
refit_orth,fx,bias2,0.019708022475242615,0.5,25600
refit_orth,fx,var,0.0005235394928604364,0.5,25600
refit_orth,fr,mspe,0.0006666348781436682,0.5,25600
refit_orth,fr,bias2,0.00014309539983514696,0.5,25600
refit_orth,fr,var,0.0005235394928604364,0.5,25600
refit_orth,fz,mspe,0.01981876790523529,0.5,25600
refit_orth,fz,bias2,0.019746825098991394,0.5,25600
refit_orth,fz,var,7.194161298684776e-05,0.5,25600
refit,y,mspe,1.0034843683242798,0.6,25600
refit,y,bias2,1.002854824066162,0.6,25600
refit,y,var,0.0006296659121289849,0.6,25600
refit,fx,mspe,0.00095541583141312,0.6,25600
refit,fx,bias2,0.00028511683922261,0.6,25600
refit,fx,var,0.00067029899219051,0.6,25600
refit,fr,mspe,0.023676618933677673,0.6,25600
refit,fr,bias2,0.023006321862339973,0.6,25600
refit,fr,var,0.00067029899219051,0.6,25600
refit,fz,mspe,0.0003346642479300499,0.6,25600
refit,fz,bias2,0.0001128909716499038,0.6,25600
refit,fz,var,0.00022177326900418848,0.6,25600
refit_orth,y,mspe,1.0034806728363037,0.6,25600
refit_orth,y,bias2,1.0028526782989502,0.6,25600
refit_orth,y,var,0.0006280641537159681,0.6,25600
refit_orth,fx,mspe,0.020162656903266907,0.6,25600
refit_orth,fx,bias2,0.01963198371231556,0.6,25600
refit_orth,fx,var,0.0005306730163283646,0.6,25600
refit_orth,fr,mspe,0.0006817493122071028,0.6,25600
refit_orth,fr,bias2,0.0001510762085672468,0.6,25600
refit_orth,fr,var,0.0005306730163283646,0.6,25600
refit_orth,fz,mspe,0.019818760454654694,0.6,25600
refit_orth,fz,bias2,0.019746817648410797,0.6,25600
refit_orth,fz,var,7.1941532951314e-05,0.6,25600
refit,y,mspe,1.0034031867980957,0.7,25600
refit,y,bias2,1.0027016401290894,0.7,25600
refit,y,var,0.0007014584261924028,0.7,25600
refit,fx,mspe,0.0014728275127708912,0.7,25600
refit,fx,bias2,0.0005256744916550815,0.7,25600
refit,fx,var,0.0009471530211158097,0.7,25600
refit,fr,mspe,0.02607090398669243,0.7,25600
refit,fr,bias2,0.025123752653598785,0.7,25600
refit,fr,var,0.0009471530211158097,0.7,25600
refit,fz,mspe,0.0007578043732792139,0.7,25600
refit,fz,bias2,0.0002879182866308838,0.7,25600
refit,fz,var,0.0004698859993368387,0.7,25600
refit_orth,y,mspe,1.0033938884735107,0.7,25600
refit_orth,y,bias2,1.0026910305023193,0.7,25600
refit_orth,y,var,0.0007027983665466309,0.7,25600
refit_orth,fx,mspe,0.02016559988260269,0.7,25600
refit_orth,fx,bias2,0.019563844427466393,0.7,25600
refit_orth,fx,var,0.0006017570849508047,0.7,25600
refit_orth,fr,mspe,0.000792173610534519,0.7,25600
refit_orth,fr,bias2,0.0001904165983432904,0.7,25600
refit_orth,fr,var,0.0006017570849508047,0.7,25600
refit_orth,fz,mspe,0.01981876604259014,0.7,25600
refit_orth,fz,bias2,0.019746823236346245,0.7,25600
refit_orth,fz,var,7.19417366781272e-05,0.7,25600
refit,y,mspe,1.0037542581558228,0.8,25600
refit,y,bias2,1.0030198097229004,0.8,25600
refit,y,var,0.0007343574543483555,0.8,25600
refit,fx,mspe,0.003414284670725465,0.8,25600
refit,fx,bias2,0.0015131705440580845,0.8,25600
refit,fx,var,0.001901113661006093,0.8,25600
refit,fr,mspe,0.033052194863557816,0.8,25600
refit,fr,bias2,0.03115108050405979,0.8,25600
refit,fr,var,0.001901113661006093,0.8,25600
refit,fz,mspe,0.0026639653369784355,0.8,25600
refit,fz,bias2,0.0012321266112849116,0.8,25600
refit,fz,var,0.0014318382600322366,0.8,25600
refit_orth,y,mspe,1.0037696361541748,0.8,25600
refit_orth,y,bias2,1.0030474662780762,0.8,25600
refit_orth,y,var,0.0007221627165563405,0.8,25600
refit_orth,fx,mspe,0.020212557166814804,0.8,25600
refit_orth,fx,bias2,0.01959230564534664,0.8,25600
refit_orth,fx,var,0.0006202527438290417,0.8,25600
refit_orth,fr,mspe,0.0008126729517243803,0.8,25600
refit_orth,fr,bias2,0.0001924202952068299,0.8,25600
refit_orth,fr,var,0.0006202527438290417,0.8,25600
refit_orth,fz,mspe,0.019818760454654694,0.8,25600
refit_orth,fz,bias2,0.019746817648410797,0.8,25600
refit_orth,fz,var,7.19417876098305e-05,0.8,25600
refit,y,mspe,1.0039101839065552,0.9,25600
refit,y,bias2,1.003235101699829,0.9,25600
refit,y,var,0.000675107236020267,0.9,25600
refit,fx,mspe,0.012572166509926319,0.9,25600
refit,fx,bias2,0.008542555384337902,0.9,25600
refit,fx,var,0.00402961065992713,0.9,25600
refit,fr,mspe,0.05756339058279991,0.9,25600
refit,fr,bias2,0.05353377386927605,0.9,25600
refit,fr,var,0.00402961065992713,0.9,25600
refit,fz,mspe,0.01158685702830553,0.9,25600
refit,fz,bias2,0.008117272518575191,0.9,25600
refit,fz,var,0.0034695833455771208,0.9,25600
refit_orth,y,mspe,1.0039082765579224,0.9,25600
refit_orth,y,bias2,1.003232479095459,0.9,25600
refit_orth,y,var,0.0006758787203580141,0.9,25600
refit_orth,fx,mspe,0.02017197385430336,0.9,25600
refit_orth,fx,bias2,0.019596915692090988,0.9,25600
refit_orth,fx,var,0.0005750576383434236,0.9,25600
refit_orth,fr,mspe,0.0007744589238427579,0.9,25600
refit_orth,fr,bias2,0.00019940134370699525,0.9,25600
refit_orth,fr,var,0.0005750576383434236,0.9,25600
refit_orth,fz,mspe,0.01981876604259014,0.9,25600
refit_orth,fz,bias2,0.019746823236346245,0.9,25600
refit_orth,fz,var,7.194151839939877e-05,0.9,25600
refit,y,mspe,1.0024677515029907,1.0,25600
refit,y,bias2,1.0018473863601685,1.0,25600
refit,y,var,0.0006203180528245866,1.0,25600
refit,fx,mspe,0.06172563508152962,1.0,25600
refit,fx,bias2,0.041876424103975296,1.0,25600
refit,fx,var,0.01984921284019947,1.0,25600
refit,fr,mspe,0.13827915489673615,1.0,25600
refit,fr,bias2,0.11842995882034302,1.0,25600
refit,fr,var,0.01984921284019947,1.0,25600
refit,fz,mspe,0.06046441197395325,1.0,25600
refit,fz,bias2,0.04120652750134468,1.0,25600
refit,fz,var,0.019257884472608566,1.0,25600
refit_orth,y,mspe,1.0024605989456177,1.0,25600
refit_orth,y,bias2,1.001841425895691,1.0,25600
refit_orth,y,var,0.0006192384753376245,1.0,25600
refit_orth,fx,mspe,0.01998174749314785,1.0,25600
refit_orth,fx,bias2,0.01946195214986801,1.0,25600
refit_orth,fx,var,0.0005197944701649249,1.0,25600
refit_orth,fr,mspe,0.0006232504383660853,1.0,25600
refit_orth,fr,bias2,0.00010345592454541475,1.0,25600
refit_orth,fr,var,0.0005197944701649249,1.0,25600
refit_orth,fz,mspe,0.019818764179944992,1.0,25600
refit_orth,fz,bias2,0.019746823236346245,1.0,25600
refit_orth,fz,var,7.194130012067035e-05,1.0,25600
refit,y,mspe,1.0053491592407227,0.0,3200
refit,y,bias2,1.0016953945159912,0.0,3200
refit,y,var,0.0036537188570946455,0.0,3200
refit,fx,mspe,0.0046334825456142426,0.0,3200
refit,fx,bias2,0.0015956142451614141,0.0,3200
refit,fx,var,0.0030378687661141157,0.0,3200
refit,fr,mspe,0.027496337890625,0.0,3200
refit,fr,bias2,0.024458469823002815,0.0,3200
refit,fr,var,0.0030378687661141157,0.0,3200
refit,fz,mspe,0.0009547176887281239,0.0,3200
refit,fz,bias2,1.9915671146009117e-05,0.0,3200
refit,fz,var,0.000934801937546581,0.0,3200
refit_orth,y,mspe,1.0053476095199585,0.0,3200
refit_orth,y,bias2,1.001694679260254,0.0,3200
refit_orth,y,var,0.003652899293228984,0.0,3200
refit_orth,fx,mspe,0.023466357961297035,0.0,3200
refit_orth,fx,bias2,0.02075154334306717,0.0,3200
refit_orth,fx,var,0.0027148148510605097,0.0,3200
refit_orth,fr,mspe,0.004164817743003368,0.0,3200
refit_orth,fr,bias2,0.0014500027755275369,0.0,3200
refit_orth,fr,var,0.0027148148510605097,0.0,3200
refit_orth,fz,mspe,0.022117147222161293,0.0,3200
refit_orth,fz,bias2,0.0214859526604414,0.0,3200
refit_orth,fz,var,0.000631192116998136,0.0,3200
refit,y,mspe,1.0061317682266235,0.1,3200
refit,y,bias2,1.0026272535324097,0.1,3200
refit,y,var,0.0035044199321419,0.1,3200
refit,fx,mspe,0.004527087323367596,0.1,3200
refit,fx,bias2,0.0016453206771984696,0.1,3200
refit,fx,var,0.0028817662969231606,0.1,3200
refit,fr,mspe,0.027570968493819237,0.1,3200
refit,fr,bias2,0.02468920312821865,0.1,3200
refit,fr,var,0.0028817662969231606,0.1,3200
refit,fz,mspe,0.0009456805419176817,0.1,3200
refit,fz,bias2,2.845766175596509e-05,0.1,3200
refit,fz,var,0.0009172228747047484,0.1,3200
refit_orth,y,mspe,1.0061198472976685,0.1,3200
refit_orth,y,bias2,1.0026203393936157,0.1,3200
refit_orth,y,var,0.0034993516746908426,0.1,3200
refit_orth,fx,mspe,0.023403014987707138,0.1,3200
refit_orth,fx,bias2,0.020846815779805183,0.1,3200
refit_orth,fx,var,0.002556202933192253,0.1,3200
refit_orth,fr,mspe,0.004039143677800894,0.1,3200
refit_orth,fr,bias2,0.0014829402789473534,0.1,3200
refit_orth,fr,var,0.002556202933192253,0.1,3200
refit_orth,fz,mspe,0.022117139771580696,0.1,3200
refit_orth,fz,bias2,0.02148594707250595,0.1,3200
refit_orth,fz,var,0.0006311929319053888,0.1,3200
refit,y,mspe,1.0066794157028198,0.2,3200
refit,y,bias2,1.0033140182495117,0.2,3200
refit,y,var,0.0033653718419373035,0.2,3200
refit,fx,mspe,0.004483808763325214,0.2,3200
refit,fx,bias2,0.0016584161203354597,0.2,3200
refit,fx,var,0.002825392410159111,0.2,3200
refit,fr,mspe,0.02807072177529335,0.2,3200
refit,fr,bias2,0.025245333090424538,0.2,3200
refit,fr,var,0.002825392410159111,0.2,3200
refit,fz,mspe,0.0011056136572733521,0.2,3200
refit,fz,bias2,5.3326963097788393e-05,0.2,3200
refit,fz,var,0.0010522868251428008,0.2,3200
refit_orth,y,mspe,1.006685733795166,0.2,3200
refit_orth,y,bias2,1.0033161640167236,0.2,3200
refit_orth,y,var,0.003369685960933566,0.2,3200
refit_orth,fx,mspe,0.023235544562339783,0.2,3200
refit_orth,fx,bias2,0.020812127739191055,0.2,3200
refit_orth,fx,var,0.0024234186857938766,0.2,3200
refit_orth,fr,mspe,0.0038670676294714212,0.2,3200
refit_orth,fr,bias2,0.0014436488272622228,0.2,3200
refit_orth,fr,var,0.0024234186857938766,0.2,3200
refit_orth,fz,mspe,0.02211715281009674,0.2,3200
refit_orth,fz,bias2,0.021485960111021996,0.2,3200
refit_orth,fz,var,0.0006311911274679005,0.2,3200
refit,y,mspe,1.007178544998169,0.3,3200
refit,y,bias2,1.0037440061569214,0.3,3200
refit,y,var,0.0034344210289418697,0.3,3200
refit,fx,mspe,0.004577815532684326,0.3,3200
refit,fx,bias2,0.001701792818494141,0.3,3200
refit,fx,var,0.0028760230634361506,0.3,3200
refit,fr,mspe,0.0283645112067461,0.3,3200
refit,fr,bias2,0.025488486513495445,0.3,3200
refit,fr,var,0.0028760230634361506,0.3,3200
refit,fz,mspe,0.00096256093820557,0.3,3200
refit,fz,bias2,6.866326293675229e-05,0.3,3200
refit,fz,var,0.000893897726200521,0.3,3200
refit_orth,y,mspe,1.007178544998169,0.3,3200
refit_orth,y,bias2,1.0037440061569214,0.3,3200
refit_orth,y,var,0.0034344219602644444,0.3,3200
refit_orth,fx,mspe,0.023408368229866028,0.3,3200
refit_orth,fx,bias2,0.02091366797685623,0.3,3200
refit_orth,fx,var,0.0024947014171630144,0.3,3200
refit_orth,fr,mspe,0.003959272988140583,0.3,3200
refit_orth,fr,bias2,0.0014645716873928905,0.3,3200
refit_orth,fr,var,0.0024947014171630144,0.3,3200
refit_orth,fz,mspe,0.022117145359516144,0.3,3200
refit_orth,fz,bias2,0.02148595079779625,0.3,3200
refit_orth,fz,var,0.0006311923498287797,0.3,3200
refit,y,mspe,1.0079684257507324,0.4,3200
refit,y,bias2,1.0047193765640259,0.4,3200
refit,y,var,0.003249046392738819,0.4,3200
refit,fx,mspe,0.00439748028293252,0.4,3200
refit,fx,bias2,0.0015778993256390095,0.4,3200
refit,fx,var,0.0028195809572935104,0.4,3200
refit,fr,mspe,0.028855757787823677,0.4,3200
refit,fr,bias2,0.026036176830530167,0.4,3200
refit,fr,var,0.0028195809572935104,0.4,3200
refit,fz,mspe,0.001069713500328362,0.4,3200
refit,fz,bias2,0.00010453421418787912,0.4,3200
refit,fz,var,0.0009651793516241014,0.4,3200
refit_orth,y,mspe,1.0079684257507324,0.4,3200
refit_orth,y,bias2,1.0047192573547363,0.4,3200
refit_orth,y,var,0.003249028930440545,0.4,3200
refit_orth,fx,mspe,0.022896161302924156,0.4,3200
refit_orth,fx,bias2,0.020580226555466652,0.4,3200
refit_orth,fx,var,0.0023159331176429987,0.4,3200
refit_orth,fr,mspe,0.0035771208349615335,0.4,3200
refit_orth,fr,bias2,0.0012611878337338567,0.4,3200
refit_orth,fr,var,0.0023159331176429987,0.4,3200
refit_orth,fz,mspe,0.022117147222161293,0.4,3200
refit_orth,fz,bias2,0.0214859526604414,0.4,3200
refit_orth,fz,var,0.0006311922334134579,0.4,3200
refit,y,mspe,1.00951087474823,0.5,3200
refit,y,bias2,1.0058804750442505,0.5,3200
refit,y,var,0.0036304050590842962,0.5,3200
refit,fx,mspe,0.00531333452090621,0.5,3200
refit,fx,bias2,0.0018967407522723079,0.5,3200
refit,fx,var,0.0034165936522185802,0.5,3200
refit,fr,mspe,0.03144952654838562,0.5,3200
refit,fr,bias2,0.028032932430505753,0.5,3200
refit,fr,var,0.0034165936522185802,0.5,3200
refit,fz,mspe,0.0014382724184542894,0.5,3200
refit,fz,bias2,0.00025798831484280527,0.5,3200
refit,fz,var,0.0011802841909229755,0.5,3200
refit_orth,y,mspe,1.0095065832138062,0.5,3200
refit_orth,y,bias2,1.0058783292770386,0.5,3200
refit_orth,y,var,0.00362816802226007,0.5,3200
refit_orth,fx,mspe,0.023283829912543297,0.5,3200
refit_orth,fx,bias2,0.020602812990546227,0.5,3200
refit_orth,fx,var,0.002681015059351921,0.5,3200
refit_orth,fr,mspe,0.004010678734630346,0.5,3200
refit_orth,fr,bias2,0.0013296635588631034,0.5,3200
refit_orth,fr,var,0.002681015059351921,0.5,3200
refit_orth,fz,mspe,0.022117143496870995,0.5,3200
refit_orth,fz,bias2,0.0214859489351511,0.5,3200
refit_orth,fz,var,0.0006311924662441015,0.5,3200
refit,y,mspe,1.0100480318069458,0.6,3200
refit,y,bias2,1.006535291671753,0.6,3200
refit,y,var,0.003512796713039279,0.6,3200
refit,fx,mspe,0.0065646786242723465,0.6,3200
refit,fx,bias2,0.002941802144050598,0.6,3200
refit,fx,var,0.003622876014560461,0.6,3200
refit,fr,mspe,0.037040505558252335,0.6,3200
refit,fr,bias2,0.033417630940675735,0.6,3200
refit,fr,var,0.003622876014560461,0.6,3200
refit,fz,mspe,0.002306900452822447,0.6,3200
refit,fz,bias2,0.0009618911426514387,0.6,3200
refit,fz,var,0.0013450095430016518,0.6,3200
refit_orth,y,mspe,1.0100442171096802,0.6,3200
refit_orth,y,bias2,1.0065313577651978,0.6,3200
refit_orth,y,var,0.0035129403695464134,0.6,3200
refit_orth,fx,mspe,0.023065773770213127,0.6,3200
refit_orth,fx,bias2,0.02050148881971836,0.6,3200
refit_orth,fx,var,0.0025642842520028353,0.6,3200
refit_orth,fr,mspe,0.0039580101147294044,0.6,3200
refit_orth,fr,bias2,0.0013937258627265692,0.6,3200
refit_orth,fr,var,0.0025642842520028353,0.6,3200
refit_orth,fz,mspe,0.022117137908935547,0.6,3200
refit_orth,fz,bias2,0.021485943347215652,0.6,3200
refit_orth,fz,var,0.0006311927572824061,0.6,3200
refit,y,mspe,1.0101298093795776,0.7,3200
refit,y,bias2,1.0066444873809814,0.7,3200
refit,y,var,0.0034852761309593916,0.7,3200
refit,fx,mspe,0.00950683280825615,0.7,3200
refit,fx,bias2,0.005031551234424114,0.7,3200
refit,fx,var,0.0044752806425094604,0.7,3200
refit,fr,mspe,0.04575169086456299,0.7,3200
refit,fr,bias2,0.04127641022205353,0.7,3200
refit,fr,var,0.0044752806425094604,0.7,3200
refit,fz,mspe,0.004610810428857803,0.7,3200
refit,fz,bias2,0.002593686804175377,0.7,3200
refit,fz,var,0.002017123391851783,0.7,3200
refit_orth,y,mspe,1.0101290941238403,0.7,3200
refit_orth,y,bias2,1.0066436529159546,0.7,3200
refit_orth,y,var,0.00348546146415174,0.7,3200
refit_orth,fx,mspe,0.02284880355000496,0.7,3200
refit_orth,fx,bias2,0.02033313550055027,0.7,3200
refit_orth,fx,var,0.002515668049454689,0.7,3200
refit_orth,fr,mspe,0.0039492701180279255,0.7,3200
refit_orth,fr,bias2,0.0014336025342345238,0.7,3200
refit_orth,fr,var,0.002515668049454689,0.7,3200
refit_orth,fz,mspe,0.022117145359516144,0.7,3200
refit_orth,fz,bias2,0.02148595079779625,0.7,3200
refit_orth,fz,var,0.0006311917095445096,0.7,3200
refit,y,mspe,1.009718418121338,0.8,3200
refit,y,bias2,1.0061428546905518,0.8,3200
refit,y,var,0.0035756276920437813,0.8,3200
refit,fx,mspe,0.015443853102624416,0.8,3200
refit,fx,bias2,0.008921443484723568,0.8,3200
refit,fx,var,0.006522409152239561,0.8,3200
refit,fr,mspe,0.05931447073817253,0.8,3200
refit,fr,bias2,0.05279206112027168,0.8,3200
refit,fr,var,0.006522409152239561,0.8,3200
refit,fz,mspe,0.009844815358519554,0.8,3200
refit,fz,bias2,0.006067713722586632,0.8,3200
refit,fz,var,0.0037771016359329224,0.8,3200
refit_orth,y,mspe,1.0097111463546753,0.8,3200
refit_orth,y,bias2,1.0061365365982056,0.8,3200
refit_orth,y,var,0.0035746211651712656,0.8,3200
refit_orth,fx,mspe,0.02268943376839161,0.8,3200
refit_orth,fx,bias2,0.020106565207242966,0.8,3200
refit_orth,fx,var,0.002582866931334138,0.8,3200
refit_orth,fr,mspe,0.003883848898112774,0.8,3200
refit_orth,fr,bias2,0.0013009824324399233,0.8,3200
refit_orth,fr,var,0.002582866931334138,0.8,3200
refit_orth,fz,mspe,0.0221171323210001,0.8,3200
refit_orth,fz,bias2,0.021485941484570503,0.8,3200
refit_orth,fz,var,0.0006311902543529868,0.8,3200
refit,y,mspe,1.0078094005584717,0.9,3200
refit,y,bias2,1.0044500827789307,0.9,3200
refit,y,var,0.0033593974076211452,0.9,3200
refit,fx,mspe,0.028811797499656677,0.9,3200
refit,fx,bias2,0.015693359076976776,0.9,3200
refit,fx,var,0.01311844028532505,0.9,3200
refit,fr,mspe,0.08228056132793427,0.9,3200
refit,fr,bias2,0.06916212290525436,0.9,3200
refit,fr,var,0.01311844028532505,0.9,3200
refit,fz,mspe,0.02324065752327442,0.9,3200
refit,fz,bias2,0.012609596364200115,0.9,3200
refit,fz,var,0.010631062090396881,0.9,3200
refit_orth,y,mspe,1.0078167915344238,0.9,3200
refit_orth,y,bias2,1.0044567584991455,0.9,3200
refit_orth,y,var,0.003360171802341938,0.9,3200
refit_orth,fx,mspe,0.022090330719947815,0.9,3200
refit_orth,fx,bias2,0.01969541795551777,0.9,3200
refit_orth,fx,var,0.0023949143942445517,0.9,3200
refit_orth,fr,mspe,0.003281456883996725,0.9,3200
refit_orth,fr,bias2,0.0008865423733368516,0.9,3200
refit_orth,fr,var,0.0023949143942445517,0.9,3200
refit_orth,fz,mspe,0.022117143496870995,0.9,3200
refit_orth,fz,bias2,0.0214859489351511,0.9,3200
refit_orth,fz,var,0.000631192175205797,0.9,3200
refit,y,mspe,1.0061033964157104,1.0,3200
refit,y,bias2,1.00314462184906,1.0,3200
refit,y,var,0.00295888539403677,1.0,3200
refit,fx,mspe,0.057930175215005875,1.0,3200
refit,fx,bias2,0.03259841352701187,1.0,3200
refit,fx,var,0.025331759825348854,1.0,3200
refit,fr,mspe,0.12722453474998474,1.0,3200
refit,fr,bias2,0.10189277678728104,1.0,3200
refit,fr,var,0.025331759825348854,1.0,3200
refit,fz,mspe,0.05090509355068207,1.0,3200
refit,fz,bias2,0.028711777180433273,1.0,3200
refit,fz,var,0.022193314507603645,1.0,3200
refit_orth,y,mspe,1.0061039924621582,1.0,3200
refit_orth,y,bias2,1.003146767616272,1.0,3200
refit_orth,y,var,0.0029570769984275103,1.0,3200
refit_orth,fx,mspe,0.021723536774516106,1.0,3200
refit_orth,fx,bias2,0.019722267985343933,1.0,3200
refit_orth,fx,var,0.002001269022002816,1.0,3200
refit_orth,fr,mspe,0.002782074734568596,1.0,3200
refit_orth,fr,bias2,0.0007808062364347279,1.0,3200
refit_orth,fr,var,0.002001269022002816,1.0,3200
refit_orth,fz,mspe,0.022117143496870995,1.0,3200
refit_orth,fz,bias2,0.0214859489351511,1.0,3200
refit_orth,fz,var,0.0006311926408670843,1.0,3200
refit,y,mspe,1.0291715860366821,0.0,400
refit,y,bias2,1.0042901039123535,0.0,400
refit,y,var,0.024881547316908836,0.0,400
refit,fx,mspe,0.023652739822864532,0.0,400
refit,fx,bias2,0.006005851086229086,0.0,400
refit,fx,var,0.01764688640832901,0.0,400
refit,fr,mspe,0.036788105964660645,0.0,400
refit,fr,bias2,0.019141219556331635,0.0,400
refit,fr,var,0.01764688640832901,0.0,400
refit,fz,mspe,0.007984117604792118,0.0,400
refit,fz,bias2,0.00015420542331412435,0.0,400
refit,fz,var,0.007829912006855011,0.0,400
refit_orth,y,mspe,1.0291639566421509,0.0,400
refit_orth,y,bias2,1.0042853355407715,0.0,400
refit_orth,y,var,0.024878621101379395,0.0,400
refit_orth,fx,mspe,0.040822628885507584,0.0,400
refit_orth,fx,bias2,0.025167958810925484,0.0,400
refit_orth,fx,var,0.0156546737998724,0.0,400
refit_orth,fr,mspe,0.021144546568393707,0.0,400
refit_orth,fr,bias2,0.005489871371537447,0.0,400
refit_orth,fr,var,0.0156546737998724,0.0,400
refit_orth,fz,mspe,0.022313442081212997,0.0,400
refit_orth,fz,bias2,0.016879476606845856,0.0,400
refit_orth,fz,var,0.005433965474367142,0.0,400
refit,y,mspe,1.0283024311065674,0.1,400
refit,y,bias2,1.0037342309951782,0.1,400
refit,y,var,0.02456807531416416,0.1,400
refit,fx,mspe,0.02348015084862709,0.1,400
refit,fx,bias2,0.005816108081489801,0.1,400
refit,fx,var,0.017664043232798576,0.1,400
refit,fr,mspe,0.03686455637216568,0.1,400
refit,fr,bias2,0.019200513139367104,0.1,400
refit,fr,var,0.017664043232798576,0.1,400
refit,fz,mspe,0.007348214276134968,0.1,400
refit,fz,bias2,0.00012534063716884702,0.1,400
refit,fz,var,0.0072228736244142056,0.1,400
refit_orth,y,mspe,1.028306484222412,0.1,400
refit_orth,y,bias2,1.0037368535995483,0.1,400
refit_orth,y,var,0.024569589644670486,0.1,400
refit_orth,fx,mspe,0.04060916602611542,0.1,400
refit_orth,fx,bias2,0.02510986477136612,0.1,400
refit_orth,fx,var,0.015499302186071873,0.1,400
refit_orth,fr,mspe,0.020840901881456375,0.1,400
refit_orth,fr,bias2,0.00534160016104579,0.1,400
refit_orth,fr,var,0.015499302186071873,0.1,400
refit_orth,fz,mspe,0.022313442081212997,0.1,400
refit_orth,fz,bias2,0.016879474744200706,0.1,400
refit_orth,fz,var,0.005433965940028429,0.1,400
refit,y,mspe,1.0302730798721313,0.2,400
refit,y,bias2,1.0045382976531982,0.2,400
refit,y,var,0.025734806433320045,0.2,400
refit,fx,mspe,0.024576034396886826,0.2,400
refit,fx,bias2,0.005068430211395025,0.2,400
refit,fx,var,0.019507603719830513,0.2,400
refit,fr,mspe,0.03906485438346863,0.2,400
refit,fr,bias2,0.019557252526283264,0.2,400
refit,fr,var,0.019507603719830513,0.2,400
refit,fz,mspe,0.007426736410707235,0.2,400
refit,fz,bias2,6.675369513686746e-05,0.2,400
refit,fz,var,0.007359982933849096,0.2,400
refit_orth,y,mspe,1.0303326845169067,0.2,400
refit_orth,y,bias2,1.004557490348816,0.2,400
refit_orth,y,var,0.025775117799639702,0.2,400
refit_orth,fx,mspe,0.041317809373140335,0.2,400
refit_orth,fx,bias2,0.024273313581943512,0.2,400
refit_orth,fx,var,0.017044495791196823,0.2,400
refit_orth,fr,mspe,0.021804528310894966,0.2,400
refit_orth,fr,bias2,0.00476003298535943,0.2,400
refit_orth,fr,var,0.017044495791196823,0.2,400
refit_orth,fz,mspe,0.0223134383559227,0.2,400
refit_orth,fz,bias2,0.016879472881555557,0.2,400
refit_orth,fz,var,0.005433965940028429,0.2,400
refit,y,mspe,1.0329532623291016,0.3,400
refit,y,bias2,1.00803804397583,0.3,400
refit,y,var,0.024915320798754692,0.3,400
refit,fx,mspe,0.0249357707798481,0.3,400
refit,fx,bias2,0.0062903594225645065,0.3,400
refit,fx,var,0.018645411357283592,0.3,400
refit,fr,mspe,0.039713114500045776,0.3,400
refit,fr,bias2,0.021067703142762184,0.3,400
refit,fr,var,0.018645411357283592,0.3,400
refit,fz,mspe,0.0059610591270029545,0.3,400
refit,fz,bias2,7.366552017629147e-05,0.3,400
refit,fz,var,0.005887393839657307,0.3,400
refit_orth,y,mspe,1.0330114364624023,0.3,400
refit_orth,y,bias2,1.00804603099823,0.3,400
refit_orth,y,var,0.02496536448597908,0.3,400
refit_orth,fx,mspe,0.04129517450928688,0.3,400
refit_orth,fx,bias2,0.025129346176981926,0.3,400
refit_orth,fx,var,0.016165830194950104,0.3,400
refit_orth,fr,mspe,0.02217193692922592,0.3,400
refit_orth,fr,bias2,0.006006104871630669,0.3,400
refit_orth,fr,var,0.016165830194950104,0.3,400
refit_orth,fz,mspe,0.022313447669148445,0.3,400
refit_orth,fz,bias2,0.016879480332136154,0.3,400
refit_orth,fz,var,0.005433967337012291,0.3,400
refit,y,mspe,1.0344820022583008,0.4,400
refit,y,bias2,1.0088733434677124,0.4,400
refit,y,var,0.02560870721936226,0.4,400
refit,fx,mspe,0.026391975581645966,0.4,400
refit,fx,bias2,0.005973873194307089,0.4,400
refit,fx,var,0.02041810192167759,0.4,400
refit,fr,mspe,0.044380176812410355,0.4,400
refit,fr,bias2,0.023962078616023064,0.4,400
refit,fr,var,0.02041810192167759,0.4,400
refit,fz,mspe,0.008450990542769432,0.4,400
refit,fz,bias2,1.259659620700404e-05,0.4,400
refit,fz,var,0.008438394404947758,0.4,400
refit_orth,y,mspe,1.0344902276992798,0.4,400
refit_orth,y,bias2,1.0089191198349,0.4,400
refit_orth,y,var,0.025571107864379883,0.4,400
refit_orth,fx,mspe,0.04196259379386902,0.4,400
refit_orth,fx,bias2,0.02520003728568554,0.4,400
refit_orth,fx,var,0.01676255464553833,0.4,400
refit_orth,fr,mspe,0.022713765501976013,0.4,400
refit_orth,fr,bias2,0.005951210390776396,0.4,400
refit_orth,fr,var,0.01676255464553833,0.4,400
refit_orth,fz,mspe,0.02231343276798725,0.4,400
refit_orth,fz,bias2,0.01687946543097496,0.4,400
refit_orth,fz,var,0.005433966405689716,0.4,400
refit,y,mspe,1.0343459844589233,0.5,400
refit,y,bias2,1.0086767673492432,0.5,400
refit,y,var,0.025669312104582787,0.5,400
refit,fx,mspe,0.027870232239365578,0.5,400
refit,fx,bias2,0.006028434261679649,0.5,400
refit,fx,var,0.021841801702976227,0.5,400
refit,fr,mspe,0.04633046314120293,0.5,400
refit,fr,bias2,0.0244886614382267,0.5,400
refit,fr,var,0.021841801702976227,0.5,400
refit,fz,mspe,0.008570614270865917,0.5,400
refit,fz,bias2,1.384808638249524e-05,0.5,400
refit,fz,var,0.008556765504181385,0.5,400
refit_orth,y,mspe,1.034346580505371,0.5,400
refit_orth,y,bias2,1.0086807012557983,0.5,400
refit_orth,y,var,0.025665853172540665,0.5,400
refit_orth,fx,mspe,0.041626833379268646,0.5,400
refit_orth,fx,bias2,0.024852626025676727,0.5,400
refit_orth,fx,var,0.016774209216237068,0.5,400
refit_orth,fr,mspe,0.022793950513005257,0.5,400
refit_orth,fr,bias2,0.0060197412967681885,0.5,400
refit_orth,fr,var,0.016774209216237068,0.5,400
refit_orth,fz,mspe,0.022313443943858147,0.5,400
refit_orth,fz,bias2,0.016879480332136154,0.5,400
refit_orth,fz,var,0.005433964543044567,0.5,400
refit,y,mspe,1.0335736274719238,0.6,400
refit,y,bias2,1.0101943016052246,0.6,400
refit,y,var,0.023379400372505188,0.6,400
refit,fx,mspe,0.02930092252790928,0.6,400
refit,fx,bias2,0.007413042709231377,0.6,400
refit,fx,var,0.021887879818677902,0.6,400
refit,fr,mspe,0.05301159247756004,0.6,400
refit,fr,bias2,0.03112371265888214,0.6,400
refit,fr,var,0.021887879818677902,0.6,400
refit,fz,mspe,0.011158309876918793,0.6,400
refit,fz,bias2,0.0005411451566033065,0.6,400
refit,fz,var,0.010617163963615894,0.6,400
refit_orth,y,mspe,1.0335719585418701,0.6,400
refit_orth,y,bias2,1.0101933479309082,0.6,400
refit_orth,y,var,0.023378515616059303,0.6,400
refit_orth,fx,mspe,0.040623739361763,0.6,400
refit_orth,fx,bias2,0.02623702585697174,0.6,400
refit_orth,fx,var,0.014386720955371857,0.6,400
refit_orth,fr,mspe,0.021571578457951546,0.6,400
refit_orth,fr,bias2,0.007184858433902264,0.6,400
refit_orth,fr,var,0.014386720955371857,0.6,400
refit_orth,fz,mspe,0.0223134383559227,0.6,400
refit_orth,fz,bias2,0.016879474744200706,0.6,400
refit_orth,fz,var,0.005433962214738131,0.6,400
refit,y,mspe,1.033390760421753,0.7,400
refit,y,bias2,1.0078866481781006,0.7,400
refit,y,var,0.025504102930426598,0.7,400
refit,fx,mspe,0.035825394093990326,0.7,400
refit,fx,bias2,0.007184801157563925,0.7,400
refit,fx,var,0.028640594333410263,0.7,400
refit,fr,mspe,0.0634302869439125,0.7,400
refit,fr,bias2,0.03478970006108284,0.7,400
refit,fr,var,0.028640594333410263,0.7,400
refit,fz,mspe,0.01616492122411728,0.7,400
refit,fz,bias2,0.0013820795575156808,0.7,400
refit,fz,var,0.014782840386033058,0.7,400
refit_orth,y,mspe,1.0333901643753052,0.7,400
refit_orth,y,bias2,1.0078827142715454,0.7,400
refit_orth,y,var,0.025507492944598198,0.7,400
refit_orth,fx,mspe,0.04200085997581482,0.7,400
refit_orth,fx,bias2,0.025400133803486824,0.7,400
refit_orth,fx,var,0.016600728034973145,0.7,400
refit_orth,fr,mspe,0.022947516292333603,0.7,400
refit_orth,fr,bias2,0.006346788257360458,0.7,400
refit_orth,fr,var,0.016600728034973145,0.7,400
refit_orth,fz,mspe,0.022313451394438744,0.7,400
refit_orth,fz,bias2,0.016879480332136154,0.7,400
refit_orth,fz,var,0.005433970596641302,0.7,400
refit,y,mspe,1.0324008464813232,0.8,400
refit,y,bias2,1.008479356765747,0.8,400
refit,y,var,0.023921526968479156,0.8,400
refit,fx,mspe,0.04510100185871124,0.8,400
refit,fx,bias2,0.010920453816652298,0.8,400
refit,fx,var,0.03418055176734924,0.8,400
refit,fr,mspe,0.08301380276679993,0.8,400
refit,fr,bias2,0.048833250999450684,0.8,400
refit,fr,var,0.03418055176734924,0.8,400
refit,fz,mspe,0.024355949833989143,0.8,400
refit,fz,bias2,0.005675768479704857,0.8,400
refit,fz,var,0.018680181354284286,0.8,400
refit_orth,y,mspe,1.0324007272720337,0.8,400
refit_orth,y,bias2,1.0084669589996338,0.8,400
refit_orth,y,var,0.023933859542012215,0.8,400
refit_orth,fx,mspe,0.04074588790535927,0.8,400
refit_orth,fx,bias2,0.02596403658390045,0.8,400
refit_orth,fx,var,0.014781853184103966,0.8,400
refit_orth,fr,mspe,0.021344952285289764,0.8,400
refit_orth,fr,bias2,0.006563097238540649,0.8,400
refit_orth,fr,var,0.014781853184103966,0.8,400
refit_orth,fz,mspe,0.022313447669148445,0.8,400
refit_orth,fz,bias2,0.016879482194781303,0.8,400
refit_orth,fz,var,0.005433965940028429,0.8,400
refit,y,mspe,1.030472993850708,0.9,400
refit,y,bias2,1.0071381330490112,0.9,400
refit,y,var,0.023334914818406105,0.9,400
refit,fx,mspe,0.07575381547212601,0.9,400
refit,fx,bias2,0.018444105982780457,0.9,400
refit,fx,var,0.057309702038764954,0.9,400
refit,fr,mspe,0.12704993784427643,0.9,400
refit,fr,bias2,0.06974022090435028,0.9,400
refit,fr,var,0.057309702038764954,0.9,400
refit,fz,mspe,0.05865297466516495,0.9,400
refit,fz,bias2,0.015161204151809216,0.9,400
refit,fz,var,0.043491773307323456,0.9,400
refit_orth,y,mspe,1.0304852724075317,0.9,400
refit_orth,y,bias2,1.0071388483047485,0.9,400
refit_orth,y,var,0.02334648184478283,0.9,400
refit_orth,fx,mspe,0.039278335869312286,0.9,400
refit_orth,fx,bias2,0.024821734055876732,0.9,400
refit_orth,fx,var,0.014456596225500107,0.9,400
refit_orth,fr,mspe,0.019929921254515648,0.9,400
refit_orth,fr,bias2,0.0054733227007091045,0.9,400
refit_orth,fr,var,0.014456596225500107,0.9,400
refit_orth,fz,mspe,0.022313447669148445,0.9,400
refit_orth,fz,bias2,0.016879482194781303,0.9,400
refit_orth,fz,var,0.005433966405689716,0.9,400
refit,y,mspe,1.028940200805664,1.0,400
refit,y,bias2,1.004111647605896,1.0,400
refit,y,var,0.024828491732478142,1.0,400
refit,fx,mspe,2.3808088302612305,1.0,400
refit,fx,bias2,0.12932664155960083,1.0,400
refit,fx,var,2.2514820098876953,1.0,400
refit,fr,mspe,2.4987878799438477,1.0,400
refit,fr,bias2,0.24730569124221802,1.0,400
refit,fr,var,2.2514820098876953,1.0,400
refit,fz,mspe,2.3441214561462402,1.0,400
refit,fz,bias2,0.13191643357276917,1.0,400
refit,fz,var,2.212204933166504,1.0,400
refit_orth,y,mspe,1.0289502143859863,1.0,400
refit_orth,y,bias2,1.0040788650512695,1.0,400
refit_orth,y,var,0.024871252477169037,1.0,400
refit_orth,fx,mspe,0.04010084271430969,1.0,400
refit_orth,fx,bias2,0.024433298036456108,1.0,400
refit_orth,fx,var,0.015667544677853584,1.0,400
refit_orth,fr,mspe,0.020442767068743706,1.0,400
refit_orth,fr,bias2,0.004775224719196558,1.0,400
refit_orth,fr,var,0.015667544677853584,1.0,400
refit_orth,fz,mspe,0.022313449531793594,1.0,400
refit_orth,fz,bias2,0.016879485920071602,1.0,400
refit_orth,fz,var,0.0054339636117219925,1.0,400
refit,y,mspe,1.0049079656600952,0.0,6400
refit,y,bias2,1.002649188041687,0.0,6400
refit,y,var,0.0022587513085454702,0.0,6400
refit,fx,mspe,0.0027245504315942526,0.0,6400
refit,fx,bias2,0.0007015462033450603,0.0,6400
refit,fx,var,0.0020230039954185486,0.0,6400
refit,fr,mspe,0.02395136095583439,0.0,6400
refit,fr,bias2,0.02192835882306099,0.0,6400
refit,fr,var,0.0020230039954185486,0.0,6400
refit,fz,mspe,0.0005146179464645684,0.0,6400
refit,fz,bias2,0.00010449879482621327,0.0,6400
refit,fz,var,0.0004101191589143127,0.0,6400
refit_orth,y,mspe,1.0049015283584595,0.0,6400
refit_orth,y,bias2,1.0025966167449951,0.0,6400
refit_orth,y,var,0.002304965630173683,0.0,6400
refit_orth,fx,mspe,0.021960539743304253,0.0,6400
refit_orth,fx,bias2,0.020169571042060852,0.0,6400
refit_orth,fx,var,0.0017909699818119407,0.0,6400
refit_orth,fr,mspe,0.0024454467929899693,0.0,6400
refit_orth,fr,bias2,0.0006544765783473849,0.0,6400
refit_orth,fr,var,0.0017909699818119407,0.0,6400
refit_orth,fz,mspe,0.018708985298871994,0.0,6400
refit_orth,fz,bias2,0.018425263464450836,0.0,6400
refit_orth,fz,var,0.0002837234642356634,0.0,6400
refit,y,mspe,1.0050795078277588,0.1,6400
refit,y,bias2,1.0028104782104492,0.1,6400
refit,y,var,0.002268941141664982,0.1,6400
refit,fx,mspe,0.002726307837292552,0.1,6400
refit,fx,bias2,0.00064227101393044,0.1,6400
refit,fx,var,0.002084036823362112,0.1,6400
refit,fr,mspe,0.023964600637555122,0.1,6400
refit,fr,bias2,0.021880565211176872,0.1,6400
refit,fr,var,0.002084036823362112,0.1,6400
refit,fz,mspe,0.0005625627818517387,0.1,6400
refit,fz,bias2,0.00010668365575838834,0.1,6400
refit,fz,var,0.0004558791115414351,0.1,6400
refit_orth,y,mspe,1.0050772428512573,0.1,6400
refit_orth,y,bias2,1.0028090476989746,0.1,6400
refit_orth,y,var,0.002268308773636818,0.1,6400
refit_orth,fx,mspe,0.02189664915204048,0.1,6400
refit_orth,fx,bias2,0.02014501579105854,0.1,6400
refit_orth,fx,var,0.0017516325460746884,0.1,6400
refit_orth,fr,mspe,0.0023546116426587105,0.1,6400
refit_orth,fr,bias2,0.0006029792712070048,0.1,6400
refit_orth,fr,var,0.0017516325460746884,0.1,6400
refit_orth,fz,mspe,0.018708975985646248,0.1,6400
refit_orth,fz,bias2,0.01842525042593479,0.1,6400
refit_orth,fz,var,0.0002837252104654908,0.1,6400
refit,y,mspe,1.0053353309631348,0.2,6400
refit,y,bias2,1.0030864477157593,0.2,6400
refit,y,var,0.002248923759907484,0.2,6400
refit,fx,mspe,0.002695657080039382,0.2,6400
refit,fx,bias2,0.0006307640578597784,0.2,6400
refit,fx,var,0.0020648930221796036,0.2,6400
refit,fr,mspe,0.02431017905473709,0.2,6400
refit,fr,bias2,0.022245286032557487,0.2,6400
refit,fr,var,0.0020648930221796036,0.2,6400
refit,fz,mspe,0.0005933826323598623,0.2,6400
refit,fz,bias2,0.0001394677528878674,0.2,6400
refit,fz,var,0.0004539148649200797,0.2,6400
refit_orth,y,mspe,1.0053832530975342,0.2,6400
refit_orth,y,bias2,1.003098964691162,0.2,6400
refit_orth,y,var,0.0022842520847916603,0.2,6400
refit_orth,fx,mspe,0.021910905838012695,0.2,6400
refit_orth,fx,bias2,0.020141689106822014,0.2,6400
refit_orth,fx,var,0.0017692148685455322,0.2,6400
refit_orth,fr,mspe,0.00233089248649776,0.2,6400
refit_orth,fr,bias2,0.0005616776761598885,0.2,6400
refit_orth,fr,var,0.0017692148685455322,0.2,6400
refit_orth,fz,mspe,0.018708985298871994,0.2,6400
refit_orth,fz,bias2,0.018425261601805687,0.2,6400
refit_orth,fz,var,0.00028372451197355986,0.2,6400
refit,y,mspe,1.0060830116271973,0.3,6400
refit,y,bias2,1.003778338432312,0.3,6400
refit,y,var,0.0023045919369906187,0.3,6400
refit,fx,mspe,0.0028561335057020187,0.3,6400
refit,fx,bias2,0.0006517138099297881,0.3,6400
refit,fx,var,0.002204419579356909,0.3,6400
refit,fr,mspe,0.025066666305065155,0.3,6400
refit,fr,bias2,0.02286224626004696,0.3,6400
refit,fr,var,0.002204419579356909,0.3,6400
refit,fz,mspe,0.000731209060177207,0.3,6400
refit,fz,bias2,0.00019511680875439197,0.3,6400
refit,fz,var,0.0005360922077670693,0.3,6400
refit_orth,y,mspe,1.0059932470321655,0.3,6400
refit_orth,y,bias2,1.0037143230438232,0.3,6400
refit_orth,y,var,0.0022788827773183584,0.3,6400
refit_orth,fx,mspe,0.021915020421147346,0.3,6400
refit_orth,fx,bias2,0.020149463787674904,0.3,6400
refit_orth,fx,var,0.001765555702149868,0.3,6400
refit_orth,fr,mspe,0.0023246724158525467,0.3,6400
refit_orth,fr,bias2,0.0005591165972873569,0.3,6400
refit_orth,fr,var,0.001765555702149868,0.3,6400
refit_orth,fz,mspe,0.018708979710936546,0.3,6400
refit_orth,fz,bias2,0.01842525415122509,0.3,6400
refit_orth,fz,var,0.00028372512315399945,0.3,6400
refit,y,mspe,1.0066370964050293,0.4,6400
refit,y,bias2,1.004366397857666,0.4,6400
refit,y,var,0.002270652446895838,0.4,6400
refit,fx,mspe,0.003027728758752346,0.4,6400
refit,fx,bias2,0.0007795449928380549,0.4,6400
refit,fx,var,0.0022481835912913084,0.4,6400
refit,fr,mspe,0.026292331516742706,0.4,6400
refit,fr,bias2,0.02404414862394333,0.4,6400
refit,fr,var,0.0022481835912913084,0.4,6400
refit,fz,mspe,0.0008879262022674084,0.4,6400
refit,fz,bias2,0.00030961507582105696,0.4,6400
refit,fz,var,0.000578311097342521,0.4,6400
refit_orth,y,mspe,1.0065945386886597,0.4,6400
refit_orth,y,bias2,1.004334807395935,0.4,6400
refit_orth,y,var,0.002259786706417799,0.4,6400
refit_orth,fx,mspe,0.021885337308049202,0.4,6400
refit_orth,fx,bias2,0.02014566957950592,0.4,6400
refit_orth,fx,var,0.0017396652838215232,0.4,6400
refit_orth,fr,mspe,0.0023380948696285486,0.4,6400
refit_orth,fr,bias2,0.0005984296440146863,0.4,6400
refit_orth,fr,var,0.0017396652838215232,0.4,6400
refit_orth,fz,mspe,0.018708979710936546,0.4,6400
refit_orth,fz,bias2,0.01842525228857994,0.4,6400
refit_orth,fz,var,0.0002837250067386776,0.4,6400
refit,y,mspe,1.006636381149292,0.5,6400
refit,y,bias2,1.0041583776474,0.5,6400
refit,y,var,0.0024780677631497383,0.5,6400
refit,fx,mspe,0.0035583805292844772,0.5,6400
refit,fx,bias2,0.0007692558574490249,0.5,6400
refit,fx,var,0.002789124846458435,0.5,6400
refit,fr,mspe,0.027519257739186287,0.5,6400
refit,fr,bias2,0.024730134755373,0.5,6400
refit,fr,var,0.002789124846458435,0.5,6400
refit,fz,mspe,0.0012259759241715074,0.5,6400
refit,fz,bias2,0.00039213820127770305,0.5,6400
refit,fz,var,0.0008338378393091261,0.5,6400
refit_orth,y,mspe,1.0066256523132324,0.5,6400
refit_orth,y,bias2,1.0041447877883911,0.5,6400
refit_orth,y,var,0.0024808840826153755,0.5,6400
refit_orth,fx,mspe,0.02194228582084179,0.5,6400
refit_orth,fx,bias2,0.019978508353233337,0.5,6400
refit_orth,fx,var,0.001963779330253601,0.5,6400
refit_orth,fr,mspe,0.0024764833506196737,0.5,6400
refit_orth,fr,bias2,0.0005127040203660727,0.5,6400
refit_orth,fr,var,0.001963779330253601,0.5,6400
refit_orth,fz,mspe,0.018708975985646248,0.5,6400
refit_orth,fz,bias2,0.01842525042593479,0.5,6400
refit_orth,fz,var,0.0002837253559846431,0.5,6400
refit,y,mspe,1.0075900554656982,0.6,6400
refit,y,bias2,1.0050666332244873,0.6,6400
refit,y,var,0.002523487200960517,0.6,6400
refit,fx,mspe,0.004832985810935497,0.6,6400
refit,fx,bias2,0.0015296930214390159,0.6,6400
refit,fx,var,0.0033032926730811596,0.6,6400
refit,fr,mspe,0.03223726153373718,0.6,6400
refit,fr,bias2,0.028933973982930183,0.6,6400
refit,fr,var,0.0033032926730811596,0.6,6400
refit,fz,mspe,0.0023370401468127966,0.6,6400
refit,fz,bias2,0.0009816006058827043,0.6,6400
refit,fz,var,0.001355439773760736,0.6,6400
refit_orth,y,mspe,1.0075843334197998,0.6,6400
refit_orth,y,bias2,1.005064845085144,0.6,6400
refit_orth,y,var,0.0025194936897605658,0.6,6400
refit_orth,fx,mspe,0.021964674815535545,0.6,6400
refit_orth,fx,bias2,0.019968116655945778,0.6,6400
refit_orth,fx,var,0.0019965567626059055,0.6,6400
refit_orth,fr,mspe,0.00272328220307827,0.6,6400
refit_orth,fr,bias2,0.0007267251494340599,0.6,6400
refit_orth,fr,var,0.0019965567626059055,0.6,6400
refit_orth,fz,mspe,0.018708975985646248,0.6,6400
refit_orth,fz,bias2,0.01842525042593479,0.6,6400
refit_orth,fz,var,0.0002837250358425081,0.6,6400
refit,y,mspe,1.0076134204864502,0.7,6400
refit,y,bias2,1.0050597190856934,0.7,6400
refit,y,var,0.002553673693910241,0.7,6400
refit,fx,mspe,0.007475522346794605,0.7,6400
refit,fx,bias2,0.00285271555185318,0.7,6400
refit,fx,var,0.004622806794941425,0.7,6400
refit,fr,mspe,0.039626527577638626,0.7,6400
refit,fr,bias2,0.035003725439310074,0.7,6400
refit,fr,var,0.004622806794941425,0.7,6400
refit,fz,mspe,0.004716518335044384,0.7,6400
refit,fz,bias2,0.002287904964759946,0.7,6400
refit,fz,var,0.002428613603115082,0.7,6400
refit_orth,y,mspe,1.0076689720153809,0.7,6400
refit_orth,y,bias2,1.005130410194397,0.7,6400
refit_orth,y,var,0.002538473578169942,0.7,6400
refit_orth,fx,mspe,0.0219231266528368,0.7,6400
refit_orth,fx,bias2,0.019909976050257683,0.7,6400
refit_orth,fx,var,0.0020131526980549097,0.7,6400
refit_orth,fr,mspe,0.0028120307251811028,0.7,6400
refit_orth,fr,bias2,0.0007988777942955494,0.7,6400
refit_orth,fr,var,0.0020131526980549097,0.7,6400
refit_orth,fz,mspe,0.018708985298871994,0.7,6400
refit_orth,fz,bias2,0.018425261601805687,0.7,6400
refit_orth,fz,var,0.0002837250067386776,0.7,6400
refit,y,mspe,1.0074591636657715,0.8,6400
refit,y,bias2,1.005090594291687,0.8,6400
refit,y,var,0.0023684450425207615,0.8,6400
refit,fx,mspe,0.015192178077995777,0.8,6400
refit,fx,bias2,0.0071233175694942474,0.8,6400
refit,fx,var,0.00806886050850153,0.8,6400
refit,fr,mspe,0.056831151247024536,0.8,6400
refit,fr,bias2,0.04876228794455528,0.8,6400
refit,fr,var,0.00806886050850153,0.8,6400
refit,fz,mspe,0.01265487540513277,0.8,6400
refit,fz,bias2,0.006699104327708483,0.8,6400
refit,fz,var,0.005955772008746862,0.8,6400
refit_orth,y,mspe,1.0074633359909058,0.8,6400
refit_orth,y,bias2,1.005092740058899,0.8,6400
refit_orth,y,var,0.0023707144428044558,0.8,6400
refit_orth,fx,mspe,0.02178509160876274,0.8,6400
refit_orth,fx,bias2,0.019943758845329285,0.8,6400
refit_orth,fx,var,0.00184133171569556,0.8,6400
refit_orth,fr,mspe,0.0026737963780760765,0.8,6400
refit_orth,fr,bias2,0.0008324648370034993,0.8,6400
refit_orth,fr,var,0.00184133171569556,0.8,6400
refit_orth,fz,mspe,0.018708977848291397,0.8,6400
refit_orth,fz,bias2,0.01842525042593479,0.8,6400
refit_orth,fz,var,0.00028372512315399945,0.8,6400
refit,y,mspe,1.0062953233718872,0.9,6400
refit,y,bias2,1.0040677785873413,0.9,6400
refit,y,var,0.0022276551462709904,0.9,6400
refit,fx,mspe,0.03068811446428299,0.9,6400
refit,fx,bias2,0.01711810566484928,0.9,6400
refit,fx,var,0.013570007868111134,0.9,6400
refit,fr,mspe,0.08602175116539001,0.9,6400
refit,fr,bias2,0.07245173305273056,0.9,6400
refit,fr,var,0.013570007868111134,0.9,6400
refit,fz,mspe,0.02865576185286045,0.9,6400
refit,fz,bias2,0.017213020473718643,0.9,6400
refit,fz,var,0.011442741379141808,0.9,6400
refit_orth,y,mspe,1.0062806606292725,0.9,6400
refit_orth,y,bias2,1.0040075778961182,0.9,6400
refit_orth,y,var,0.0022731227800250053,0.9,6400
refit_orth,fx,mspe,0.02155066467821598,0.9,6400
refit_orth,fx,bias2,0.01981307379901409,0.9,6400
refit_orth,fx,var,0.0017375913448631763,0.9,6400
refit_orth,fr,mspe,0.002342494670301676,0.9,6400
refit_orth,fr,bias2,0.0006049035000614822,0.9,6400
refit_orth,fr,var,0.0017375913448631763,0.9,6400
refit_orth,fz,mspe,0.018708975985646248,0.9,6400
refit_orth,fz,bias2,0.01842525042593479,0.9,6400
refit_orth,fz,var,0.0002837247448042035,0.9,6400
refit,y,mspe,1.00397789478302,1.0,6400
refit,y,bias2,1.0020824670791626,1.0,6400
refit,y,var,0.0018953371327370405,1.0,6400
refit,fx,mspe,0.053066663444042206,1.0,6400
refit,fx,bias2,0.03957751765847206,1.0,6400
refit,fx,var,0.013489145785570145,1.0,6400
refit,fr,mspe,0.12771634757518768,1.0,6400
refit,fr,bias2,0.11422719806432724,1.0,6400
refit,fr,var,0.013489145785570145,1.0,6400
refit,fz,mspe,0.05278410762548447,1.0,6400
refit,fz,bias2,0.04002170264720917,1.0,6400
refit,fz,var,0.012762408703565598,1.0,6400
refit_orth,y,mspe,1.003979206085205,1.0,6400
refit_orth,y,bias2,1.0020827054977417,1.0,6400
refit_orth,y,var,0.0018964536720886827,1.0,6400
refit_orth,fx,mspe,0.021025920286774635,1.0,6400
refit_orth,fx,bias2,0.019650891423225403,1.0,6400
refit_orth,fx,var,0.0013750250218436122,1.0,6400
refit_orth,fr,mspe,0.0019221985712647438,1.0,6400
refit_orth,fr,bias2,0.0005471735494211316,1.0,6400
refit_orth,fr,var,0.0013750250218436122,1.0,6400
refit_orth,fz,mspe,0.018708975985646248,1.0,6400
refit_orth,fz,bias2,0.01842525042593479,1.0,6400
refit_orth,fz,var,0.0002837253559846431,1.0,6400
refit,y,mspe,1.0117052793502808,0.0,800
refit,y,bias2,1.002000331878662,0.0,800
refit,y,var,0.009705114178359509,0.0,800
refit,fx,mspe,0.008780132979154587,0.0,800
refit,fx,bias2,0.002184347715228796,0.0,800
refit,fx,var,0.006595784332603216,0.0,800
refit,fr,mspe,0.02841891348361969,0.0,800
refit,fr,bias2,0.021823130548000336,0.0,800
refit,fr,var,0.006595784332603216,0.0,800
refit,fz,mspe,0.0026443570386618376,0.0,800
refit,fz,bias2,6.021705485181883e-05,0.0,800
refit,fz,var,0.0025841400492936373,0.0,800
refit_orth,y,mspe,1.0117182731628418,0.0,800
refit_orth,y,bias2,1.0020012855529785,0.0,800
refit_orth,y,var,0.009716971777379513,0.0,800
refit_orth,fx,mspe,0.02810630388557911,0.0,800
refit_orth,fx,bias2,0.022071512416005135,0.0,800
refit_orth,fx,var,0.006034791003912687,0.0,800
refit_orth,fr,mspe,0.008220416493713856,0.0,800
refit_orth,fr,bias2,0.0021856254898011684,0.0,800
refit_orth,fr,var,0.006034791003912687,0.0,800
refit_orth,fz,mspe,0.024139951914548874,0.0,800
refit_orth,fz,bias2,0.02227930538356304,0.0,800
refit_orth,fz,var,0.0018606499070301652,0.0,800
refit,y,mspe,1.0119305849075317,0.1,800
refit,y,bias2,1.0021203756332397,0.1,800
refit,y,var,0.009810213930904865,0.1,800
refit,fx,mspe,0.008687647990882397,0.1,800
refit,fx,bias2,0.002032279269769788,0.1,800
refit,fx,var,0.006655368022620678,0.1,800
refit,fr,mspe,0.027778372168540955,0.1,800
refit,fr,bias2,0.021123003214597702,0.1,800
refit,fr,var,0.006655368022620678,0.1,800
refit,fz,mspe,0.002840503351762891,0.1,800
refit,fz,bias2,9.069484076462686e-05,0.1,800
refit,fz,var,0.002749808831140399,0.1,800
refit_orth,y,mspe,1.0119376182556152,0.1,800
refit_orth,y,bias2,1.002112627029419,0.1,800
refit_orth,y,var,0.009825067594647408,0.1,800
refit_orth,fx,mspe,0.028076348826289177,0.1,800
refit_orth,fx,bias2,0.021969877183437347,0.1,800
refit_orth,fx,var,0.00610646978020668,0.1,800
refit_orth,fr,mspe,0.008138728328049183,0.1,800
refit_orth,fr,bias2,0.0020322585478425026,0.1,800
refit_orth,fr,var,0.00610646978020668,0.1,800
refit_orth,fz,mspe,0.024139948189258575,0.1,800
refit_orth,fz,bias2,0.022279299795627594,0.1,800
refit_orth,fz,var,0.001860649324953556,0.1,800
refit,y,mspe,1.0145334005355835,0.2,800
refit,y,bias2,1.0038163661956787,0.2,800
refit,y,var,0.01071714237332344,0.2,800
refit,fx,mspe,0.010018122382462025,0.2,800
refit,fx,bias2,0.002168394159525633,0.2,800
refit,fx,var,0.007849727757275105,0.2,800
refit,fr,mspe,0.02997162751853466,0.2,800
refit,fr,bias2,0.02212190069258213,0.2,800
refit,fr,var,0.007849727757275105,0.2,800
refit,fz,mspe,0.0030888330657035112,0.2,800
refit,fz,bias2,4.5294164010556415e-05,0.2,800
refit,fz,var,0.0030435386579483747,0.2,800
refit_orth,y,mspe,1.014529824256897,0.2,800
refit_orth,y,bias2,1.0038188695907593,0.2,800
refit_orth,y,var,0.010711138136684895,0.2,800
refit_orth,fx,mspe,0.02907361462712288,0.2,800
refit_orth,fx,bias2,0.022024216130375862,0.2,800
refit_orth,fx,var,0.007049398962408304,0.2,800
refit_orth,fr,mspe,0.009215043857693672,0.2,800
refit_orth,fr,bias2,0.0021656444296240807,0.2,800
refit_orth,fr,var,0.007049398962408304,0.2,800
refit_orth,fz,mspe,0.02413993887603283,0.2,800
refit_orth,fz,bias2,0.0222792886197567,0.2,800
refit_orth,fz,var,0.0018606504891067743,0.2,800
refit,y,mspe,1.015821099281311,0.3,800
refit,y,bias2,1.0053820610046387,0.3,800
refit,y,var,0.010439050383865833,0.3,800
refit,fx,mspe,0.01012090127915144,0.3,800
refit,fx,bias2,0.002313925651833415,0.3,800
refit,fx,var,0.007806975860148668,0.3,800
refit,fr,mspe,0.030226144939661026,0.3,800
refit,fr,bias2,0.022419169545173645,0.3,800
refit,fr,var,0.007806975860148668,0.3,800
refit,fz,mspe,0.0035940355155617,0.3,800
refit,fz,bias2,3.979790926678106e-05,0.3,800
refit,fz,var,0.003554237773641944,0.3,800
refit_orth,y,mspe,1.0158222913742065,0.3,800
refit_orth,y,bias2,1.0053828954696655,0.3,800
refit_orth,y,var,0.010439371690154076,0.3,800
refit_orth,fx,mspe,0.028903089463710785,0.3,800
refit_orth,fx,bias2,0.02213592827320099,0.3,800
refit_orth,fx,var,0.0067671602591872215,0.3,800
refit_orth,fr,mspe,0.009075547568500042,0.3,800
refit_orth,fr,bias2,0.002308387542143464,0.3,800
refit_orth,fr,var,0.0067671602591872215,0.3,800
refit_orth,fz,mspe,0.024139955639839172,0.3,800
refit_orth,fz,bias2,0.02227930538356304,0.3,800
refit_orth,fz,var,0.0018606472294777632,0.3,800
refit,y,mspe,1.0165927410125732,0.4,800
refit,y,bias2,1.0057634115219116,0.4,800
refit,y,var,0.010829334147274494,0.4,800
refit,fx,mspe,0.0112739447504282,0.4,800
refit,fx,bias2,0.002503378316760063,0.4,800
refit,fx,var,0.008770566433668137,0.4,800
refit,fr,mspe,0.0328596830368042,0.4,800
refit,fr,bias2,0.024089116603136063,0.4,800
refit,fr,var,0.008770566433668137,0.4,800
refit,fz,mspe,0.0042419154196977615,0.4,800
refit,fz,bias2,1.1900592653546482e-06,0.4,800
refit,fz,var,0.004240725189447403,0.4,800
refit_orth,y,mspe,1.0166010856628418,0.4,800
refit_orth,y,bias2,1.0057628154754639,0.4,800
refit_orth,y,var,0.010838223621249199,0.4,800
refit_orth,fx,mspe,0.02953033521771431,0.4,800
refit_orth,fx,bias2,0.022358262911438942,0.4,800
refit_orth,fx,var,0.007172071374952793,0.4,800
refit_orth,fr,mspe,0.009619677439332008,0.4,800
refit_orth,fr,bias2,0.0024476060643792152,0.4,800
refit_orth,fr,var,0.007172071374952793,0.4,800
refit_orth,fz,mspe,0.024139946326613426,0.4,800
refit_orth,fz,bias2,0.022279296070337296,0.4,800
refit_orth,fz,var,0.0018606501398608088,0.4,800
refit,y,mspe,1.01948881149292,0.5,800
refit,y,bias2,1.0076000690460205,0.5,800
refit,y,var,0.011888682842254639,0.5,800
refit,fx,mspe,0.013571910560131073,0.5,800
refit,fx,bias2,0.0029727923683822155,0.5,800
refit,fx,var,0.01059911772608757,0.5,800
refit,fr,mspe,0.03775894269347191,0.5,800
refit,fr,bias2,0.02715982496738434,0.5,800
refit,fr,var,0.01059911772608757,0.5,800
refit,fz,mspe,0.0053687975741922855,0.5,800
refit,fz,bias2,9.101801697397605e-05,0.5,800
refit,fz,var,0.0052777789533138275,0.5,800
refit_orth,y,mspe,1.019492745399475,0.5,800
refit_orth,y,bias2,1.0075982809066772,0.5,800
refit_orth,y,var,0.011894438415765762,0.5,800
refit_orth,fx,mspe,0.030975867062807083,0.5,800
refit_orth,fx,bias2,0.022835910320281982,0.5,800
refit_orth,fx,var,0.0081399567425251,0.5,800
refit_orth,fr,mspe,0.0108332559466362,0.5,800
refit_orth,fr,bias2,0.002693299436941743,0.5,800
refit_orth,fr,var,0.0081399567425251,0.5,800
refit_orth,fz,mspe,0.024139948189258575,0.5,800
refit_orth,fz,bias2,0.022279299795627594,0.5,800
refit_orth,fz,var,0.001860649324953556,0.5,800
refit,y,mspe,1.0197019577026367,0.6,800
refit,y,bias2,1.008439540863037,0.6,800
refit,y,var,0.011262673884630203,0.6,800
refit,fx,mspe,0.015887295827269554,0.6,800
refit,fx,bias2,0.004508121870458126,0.6,800
refit,fx,var,0.011379173025488853,0.6,800
refit,fr,mspe,0.04528833553195,0.6,800
refit,fr,bias2,0.033909156918525696,0.6,800
refit,fr,var,0.011379173025488853,0.6,800
refit,fz,mspe,0.007514255587011576,0.6,800
refit,fz,bias2,0.0008105637389235198,0.6,800
refit,fz,var,0.006703692488372326,0.6,800
refit_orth,y,mspe,1.0196971893310547,0.6,800
refit_orth,y,bias2,1.008439302444458,0.6,800
refit_orth,y,var,0.011257997713983059,0.6,800
refit_orth,fx,mspe,0.03098698891699314,0.6,800
refit_orth,fx,bias2,0.023464400321245193,0.6,800
refit_orth,fx,var,0.007522587664425373,0.6,800
refit_orth,fr,mspe,0.01077206339687109,0.6,800
refit_orth,fr,bias2,0.0032494752667844296,0.6,800
refit_orth,fr,var,0.007522587664425373,0.6,800
refit_orth,fz,mspe,0.024139946326613426,0.6,800
refit_orth,fz,bias2,0.022279296070337296,0.6,800
refit_orth,fz,var,0.0018606501398608088,0.6,800
refit,y,mspe,1.0190266370773315,0.7,800
refit,y,bias2,1.008394479751587,0.7,800
refit,y,var,0.010632133111357689,0.7,800
refit,fx,mspe,0.019941575825214386,0.7,800
refit,fx,bias2,0.006201332435011864,0.7,800
refit,fx,var,0.013740245252847672,0.7,800
refit,fr,mspe,0.054630380123853683,0.7,800
refit,fr,bias2,0.04089013487100601,0.7,800
refit,fr,var,0.013740245252847672,0.7,800
refit,fz,mspe,0.012242330238223076,0.7,800
refit,fz,bias2,0.0022478133905678988,0.7,800
refit,fz,var,0.00999451708048582,0.7,800
refit_orth,y,mspe,1.019027829170227,0.7,800
refit_orth,y,bias2,1.0083950757980347,0.7,800
refit_orth,y,var,0.010632810182869434,0.7,800
refit_orth,fx,mspe,0.03039424680173397,0.7,800
refit_orth,fx,bias2,0.023460006341338158,0.7,800
refit_orth,fx,var,0.006934239994734526,0.7,800
refit_orth,fr,mspe,0.01017305813729763,0.7,800
refit_orth,fr,bias2,0.0032388181425631046,0.7,800
refit_orth,fr,var,0.006934239994734526,0.7,800
refit_orth,fz,mspe,0.024139946326613426,0.7,800
refit_orth,fz,bias2,0.022279296070337296,0.7,800
refit_orth,fz,var,0.001860648044385016,0.7,800
refit,y,mspe,1.0176609754562378,0.8,800
refit,y,bias2,1.0076971054077148,0.8,800
refit,y,var,0.009963816031813622,0.8,800
refit,fx,mspe,0.02666642889380455,0.8,800
refit,fx,bias2,0.01069143507629633,0.8,800
refit,fx,var,0.015974996611475945,0.8,800
refit,fr,mspe,0.07070571184158325,0.8,800
refit,fr,bias2,0.05473071709275246,0.8,800
refit,fr,var,0.015974996611475945,0.8,800
refit,fz,mspe,0.019247880205512047,0.8,800
refit,fz,bias2,0.006487186066806316,0.8,800
refit,fz,var,0.01276069413870573,0.8,800
refit_orth,y,mspe,1.017666220664978,0.8,800
refit_orth,y,bias2,1.007714033126831,0.8,800
refit_orth,y,var,0.00995220709592104,0.8,800
refit_orth,fx,mspe,0.029364237561821938,0.8,800
refit_orth,fx,bias2,0.023082152009010315,0.8,800
refit_orth,fx,var,0.006282085087150335,0.8,800
refit_orth,fr,mspe,0.00924207828938961,0.8,800
refit_orth,fr,bias2,0.0029599929694086313,0.8,800
refit_orth,fr,var,0.006282085087150335,0.8,800
refit_orth,fz,mspe,0.02413994073867798,0.8,800
refit_orth,fz,bias2,0.022279290482401848,0.8,800
refit_orth,fz,var,0.0018606499070301652,0.8,800
refit,y,mspe,1.0145095586776733,0.9,800
refit,y,bias2,1.0057944059371948,0.9,800
refit,y,var,0.008715091273188591,0.9,800
refit,fx,mspe,0.0447227917611599,0.9,800
refit,fx,bias2,0.019482620060443878,0.9,800
refit,fx,var,0.02524016797542572,0.9,800
refit,fr,mspe,0.10092717409133911,0.9,800
refit,fr,bias2,0.0756869986653328,0.9,800
refit,fr,var,0.02524016797542572,0.9,800
refit,fz,mspe,0.040332622826099396,0.9,800
refit,fz,bias2,0.015392174944281578,0.9,800
refit,fz,var,0.02494044229388237,0.9,800
refit_orth,y,mspe,1.014509677886963,0.9,800
refit_orth,y,bias2,1.0057944059371948,0.9,800
refit_orth,y,var,0.00871515367180109,0.9,800
refit_orth,fx,mspe,0.027408165857195854,0.9,800
refit_orth,fx,bias2,0.022296488285064697,0.9,800
refit_orth,fx,var,0.00511167524382472,0.9,800
refit_orth,fr,mspe,0.007300997152924538,0.9,800
refit_orth,fr,bias2,0.0021893226075917482,0.9,800
refit_orth,fr,var,0.00511167524382472,0.9,800
refit_orth,fz,mspe,0.024139948189258575,0.9,800
refit_orth,fz,bias2,0.022279297932982445,0.9,800
refit_orth,fz,var,0.001860648742876947,0.9,800
refit,y,mspe,1.0121512413024902,1.0,800
refit,y,bias2,1.0036523342132568,1.0,800
refit,y,var,0.00849895179271698,1.0,800
refit,fx,mspe,0.09562711417675018,1.0,800
refit,fx,bias2,0.04888016730546951,1.0,800
refit,fx,var,0.04674695432186127,1.0,800
refit,fr,mspe,0.17564228177070618,1.0,800
refit,fr,bias2,0.1288953274488449,1.0,800
refit,fr,var,0.04674695432186127,1.0,800
refit,fz,mspe,0.08992461860179901,1.0,800
refit,fz,bias2,0.04382137954235077,1.0,800
refit,fz,var,0.04610325023531914,1.0,800
refit_orth,y,mspe,1.0121512413024902,1.0,800
refit_orth,y,bias2,1.0036522150039673,1.0,800
refit_orth,y,var,0.008498960174620152,1.0,800
refit_orth,fx,mspe,0.026962153613567352,1.0,800
refit_orth,fx,bias2,0.02199333719909191,1.0,800
refit_orth,fx,var,0.004968817345798016,1.0,800
refit_orth,fr,mspe,0.006858561187982559,1.0,800
refit_orth,fr,bias2,0.0018897439585998654,1.0,800
refit_orth,fr,var,0.004968817345798016,1.0,800
refit_orth,fz,mspe,0.024139946326613426,1.0,800
refit_orth,fz,bias2,0.022279296070337296,1.0,800
refit_orth,fz,var,0.001860649324953556,1.0,800
